# exported by https://3dviewer.net
mtllib model.mtl
g Dome
v -2902.07988669396 3994.3702878086 1.13686837721616e-12
v -3994.3702878086 2902.07988669396 0
v -3961.86903441997 2878.46634389365 -5.05616696092301
v -2907.33902998159 3932.99634833202 -5.056166960923
v -2878.33230202752 3961.78559355122 -3.84932396732615
v -2907.33902998159 3932.99634833202 -5.056166960923
v -2877.8589107034 3961.67541208788 -0.610994588328566
v -3323.14148020522 3297.52546271101 1213.91559334046
v -3961.50802078423 2878.20405213409 -1.5973556230945
v -3961.86903441997 2878.46634389365 -5.05616696092301
v -2898.09239441988 3938.66773394885 14.7834094941276
v -3326.15029901717 3300.20879766773 1182.32901292554
v -3939.32521292185 2897.43491544689 14.783409494128
v 1.13686837721616e-12 4937.31320303683 0
v -1525.71368629018 4695.66389473827 0
v -1513.2570122645 4657.32619416146 -3.8493239673261
v -0.059396835566015 4896.99315158159 -3.84932396732611
v 40.3294327949695 4890.7518898527 -5.05616696092301
v 1513.2993121727 4657.45637989256 -5.05616696092301
v 40.3294327949695 4890.7518898527 -5.05616696092301
v 1525.71368629019 4695.66389473827 0
v 1.13686837721616e-12 4937.31320303683 0
v -4695.66389473827 1525.71368629019 0
v -4937.31320303683 5.6843418860808e-13 0
v -4897.00255911615 2.32110627014966e-12 -3.8493239673261
v -4657.33560169602 1513.19761542893 -3.84932396732614
v -4638.9189743201 1549.68101909402 -5.05616696092301
v -3961.86903441997 2878.46634389365 -5.05616696092301
v -4638.9189743201 1549.68101909402 -5.05616696092301
v -3994.3702878086 2902.07988669396 0
v -4695.66389473827 1525.71368629019 0
v -2902.07988669396 -3994.3702878086 0
v -1525.71368629019 -4695.66389473827 0
v -1513.2570122645 -4657.32619416146 -3.84932396732612
v -2878.33230202752 -3961.78559355122 -3.84932396732611
v -2907.3390299816 -3932.99634833202 -5.05616696092301
v -3961.86903441997 -2878.46634389365 -5.05616696092301
v -2907.3390299816 -3932.99634833202 -5.05616696092301
v -3994.3702878086 -2902.07988669396 0
v -2902.07988669396 -3994.3702878086 0
v 2190.43202553959 2573.71005565346 3543.08914184377
v 2341.36820323399 3465.02618131041 2429.428542304
v 2340.89619112756 3465.37611588783 2429.31965742705
v 1125.96895490703 3465.37611588783 3180.18598326931
v 1125.85525427044 3465.02618131041 3180.6568585291
v 2189.44428676181 2573.71005565346 3543.69959798044
v 2323.13929399955 3452.31842601077 2455.24244054862
v 1157.09612280691 3452.31842601077 3175.89675269538
v 2178.2282639028 2596.58231367664 3524.44736625041
v -4197.44183897207 -2159.75288005801 1224.79702217466
v -3528.8856312671 -2563.88548758259 2180.9712625342
v -3351.1279113092 -3324.60406913613 1224.79702217466
v -4169.64271549493 -2187.72621769327 1243.86075616462
v -3537.27701472266 -2569.98218453186 2148.27505461382
v -3369.14173476657 -3289.52129488723 1243.86075616462
v -3994.3702878086 -2902.07988669396 0
v -3351.1279113092 -3324.60406913613 1224.79702217466
v -2902.07988669396 -3994.3702878086 0
v -3967.38261101632 -2925.49231354136 19.8395764550512
v -3354.20769711165 -3328.2661957622 1187.38517988646
v -2926.14979251436 -3966.72513204332 19.8395764550512
v -2902.07988669396 -3994.3702878086 0
v -2208.03358963952 -4199.92946725048 1364.63980669866
v -1525.71368629019 -4695.66389473827 0
v -2871.87699592762 -4007.59933065951 19.9071765011677
v -2208.59462363132 -4204.04700391436 1324.05868938799
v -1556.5188671879 -4677.80777245176 19.9071765011677
v -4695.66389473827 -1525.71368629018 0
v -4197.44183897207 -2159.75288005801 1224.79702217466
v -3994.3702878086 -2902.07988669396 0
v -4008.29717815659 -2869.17824304559 19.839576455051
v -4676.80979915522 -1557.14835001089 19.8395764550506
v -4201.87643451527 -2161.55027105122 1187.38517988646
v -3963.52642239654 -1439.83525337201 2449.59404434933
v -3528.8856312671 -2563.88548758259 2180.9712625342
v -4197.44183897207 -2159.75288005801 1224.79702217466
v -3958.86011505748 -1474.55474429627 2423.29751674642
v -3547.747443753 -2537.75751747804 2169.21591267449
v -4180.11314452527 -2155.50155063945 1264.80161422529
v -3351.1279113092 -3324.60406913613 1224.79702217466
v -3528.8856312671 -2563.88548758259 2180.9712625342
v -2594.1617222856 -3324.60406913613 2449.59404434933
v -3341.72979568836 -3309.43723440264 1264.80161422529
v -3509.86507564445 -2589.89812404727 2169.21591267449
v -2625.73995210282 -3309.43723440264 2423.29751674642
v -3338.29596521833 -3267.11053150138 1231.76546015997
v -3369.14173476657 -3289.52129488723 1243.86075616462
v -4169.64271549493 -2187.72621769327 1243.86075616462
v -4138.79694594669 -2165.31545430742 1231.76546015997
v -4138.79694594669 -2165.31545430742 1231.76546015997
v -4169.64271549493 -2187.72621769327 1243.86075616462
v -3537.27701472266 -2569.98218453186 2148.27505461382
v -3506.43124517442 -2547.57142114601 2136.17975860917
v -3506.43124517442 -2547.57142114601 2136.17975860917
v -3537.27701472266 -2569.98218453186 2148.27505461382
v -3369.14173476657 -3289.52129488723 1243.86075616462
v -3338.29596521833 -3267.11053150138 1231.76546015997
v -4197.44183897207 -2159.75288005801 1224.79702217466
v -3351.1279113092 -3324.60406913613 1224.79702217466
v -3994.3702878086 -2902.07988669396 0
v -4180.65121266203 -2190.24094739447 1205.27282001198
v -3987.32105981987 -2896.95832277054 39.2296488193459
v -3374.93519754278 -3299.21390363869 1205.27282001198
v -2898.09239441989 -3938.66773394885 14.7834094941282
v -2926.14979251436 -3966.72513204332 19.8395764550512
v -3967.38261101632 -2925.49231354136 19.8395764550512
v -3939.32521292185 -2897.43491544689 14.7834094941282
v -3939.32521292185 -2897.43491544689 14.7834094941282
v -3967.38261101632 -2925.49231354136 19.8395764550512
v -3354.20769711165 -3328.2661957622 1187.38517988646
v -3326.15029901717 -3300.20879766773 1182.32901292554
v -3326.15029901717 -3300.20879766773 1182.32901292554
v -3354.20769711165 -3328.2661957622 1187.38517988646
v -2926.14979251436 -3966.72513204332 19.8395764550512
v -2898.09239441989 -3938.66773394885 14.7834094941282
v -2902.07988669396 -3994.3702878086 0
v -3351.1279113092 -3324.60406913613 1224.79702217466
v -2208.03358963952 -4199.92946725048 1364.63980669866
v -2237.07728011675 -4182.63272287428 1341.67522743205
v -2898.68135657426 -3986.68211893159 40.8235942776842
v -3326.73926117155 -3348.22318265047 1208.3691977091
v -682.31990334933 -4695.66389473827 1364.63980669866
v -2208.03358963952 -4199.92946725048 1364.63980669866
v -1297.84958055652 -3994.3702878086 2595.69916111303
v -2171.98763690437 -4204.04700391436 1383.2900381379
v -713.901919017303 -4677.80777245176 1383.29003813791
v -1302.14795714109 -4007.59933065951 2559.78211438548
v -682.31990334933 -4695.66389473827 1364.63980669866
v 756.966189023597 -4659.40475631246 1224.79702217466
v -1.98951966012828e-12 -4937.31320303683 0
v -648.656292916877 -4698.74198752524 1341.67522743205
v 723.352389996423 -4664.1777316634 1208.3691977091
v 1.76952366030491 -4929.09573787587 40.8235942776866
v -1538.44352917156 -4642.33292417034 16.0578525338415
v -1556.5188671879 -4677.80777245176 19.9071765011677
v -2871.87699592762 -4007.59933065951 19.9071765011677
v -2853.80165791128 -3972.12448237809 16.0578525338415
v -2853.80165791128 -3972.12448237809 16.0578525338415
v -2871.87699592762 -4007.59933065951 19.9071765011677
v -2208.59462363132 -4204.04700391436 1324.05868938799
v -2190.51928561498 -4168.57215563294 1320.20936542066
v -2190.51928561498 -4168.57215563294 1320.20936542066
v -2208.59462363132 -4204.04700391436 1324.05868938799
v -1556.5188671879 -4677.80777245176 19.9071765011677
v -1538.44352917156 -4642.33292417034 16.0578525338415
v -682.31990334933 -4695.66389473827 1364.63980669866
v -2208.03358963952 -4199.92946725048 1364.63980669866
v -1525.71368629019 -4695.66389473827 0
v -2176.24741074785 -4214.2023508414 1344.99486777112
v -1523.39491578982 -4688.52745294281 39.2898778550737
v -716.424852741367 -4688.52745294281 1344.99486777112
v 144.567677936264 -4214.47119392035 2449.59404434933
v 1347.9143687329 -4148.45386217123 2180.97126253419
v 756.966189023597 -4659.40475631246 1224.79702217466
v 179.02984429098 -4220.76218465014 2423.29751674642
v 1317.23657190454 -4158.31852505425 2169.21591267449
v 758.277795551544 -4641.61045550092 1264.80161422529
v -678.057907629503 -4660.00064713198 1320.20936542067
v -684.286244642346 -4699.32481938073 1324.05868938799
v -32.2104881989347 -4930.26290975347 19.9071765011676
v -25.9821511860914 -4890.93873750473 16.0578525338415
v -25.9821511860914 -4890.93873750473 16.0578525338415
v -32.2104881989347 -4930.26290975347 19.9071765011676
v -1490.296206086 -4699.32481938073 19.9071765011676
v -1484.06786907316 -4660.00064713198 16.0578525338415
v -1484.06786907316 -4660.00064713198 16.0578525338415
v -1490.296206086 -4699.32481938073 19.9071765011676
v -684.286244642346 -4699.32481938073 1324.05868938799
v -678.057907629503 -4660.00064713198 1320.20936542067
v -1525.71368629019 -4695.66389473827 0
v -682.31990334933 -4695.66389473827 1364.63980669866
v -1.98951966012828e-12 -4937.31320303683 0
v -32.2104881989347 -4930.26290975347 19.9071765011676
v -1490.296206086 -4699.32481938073 19.9071765011676
v -684.286244642346 -4699.32481938073 1324.05868938799
v 756.966189023597 -4659.40475631246 1224.79702217466
v 1347.9143687329 -4148.45386217123 2180.97126253419
v 2126.33088913454 -4214.47119392035 1224.79702217466
v 792.160815647298 -4641.61045550092 1243.86075616462
v 1351.11959200029 -4158.31852505425 2148.27505461382
v 2087.39861049341 -4220.76218465014 1243.86075616462
v -1.98951966012828e-12 -4937.31320303683 0
v 756.966189023597 -4659.40475631246 1224.79702217466
v 1525.71368629018 -4695.66389473827 0
v 1490.11871790525 -4698.74198752524 19.839576455051
v 35.7223777178601 -4929.09573787587 19.8395764550506
v 757.305244053984 -4664.1777316634 1187.38517988646
v -3961.86903441997 -2878.46634389365 -5.05616696092301
v -3994.3702878086 -2902.07988669396 0
v -4638.9189743201 -1549.68101909402 -5.056166960923
v -4695.66389473827 -1525.71368629018 0
v -4166.52205039811 -2143.53631259232 1182.32901292554
v -4201.87643451527 -2161.55027105122 1187.38517988646
v -4008.29717815659 -2869.17824304559 19.839576455051
v -3972.94279403942 -2851.16428458669 14.783409494128
v -3972.94279403942 -2851.16428458669 14.783409494128
v -4008.29717815659 -2869.17824304559 19.839576455051
v -4676.80979915522 -1557.14835001089 19.8395764550506
v -4641.45541503805 -1539.134391552 14.7834094941276
v -4641.45541503805 -1539.134391552 14.7834094941276
v -4676.80979915522 -1557.14835001089 19.8395764550506
v -4201.87643451527 -2161.55027105122 1187.38517988646
v -4166.52205039811 -2143.53631259232 1182.32901292554
v -4676.69019115793 -802.115153068721 1364.63980669866
v -4197.44183897207 -2159.75288005801 1224.79702217466
v -4695.66389473827 -1525.71368629018 0
v -4669.21500364509 -835.082332113964 1341.67522743205
v -4212.36844342659 -2129.25918795296 1208.3691977091
v -4687.30180806654 -1524.85726691264 40.8235942776866
v -4937.31320303683 5.6843418860808e-13 0
v -4676.69019115793 -802.115153068721 1364.63980669866
v -4695.66389473827 -1525.71368629018 0
v -4698.91225561993 -1492.90103115566 19.9071765011676
v -4929.85034599267 -34.81531326859 19.9071765011676
v -4680.77957027109 -801.376339298383 1324.05868938799
v -4695.66389473827 1525.71368629019 0
v -4676.69019115793 802.115153068725 1364.63980669866
v -4937.31320303683 5.6843418860808e-13 0
v -4698.91225561993 1492.90103115566 19.9071765011677
v -4680.77957027108 801.376339298386 1324.05868938799
v -4929.85034599267 34.8153132685917 19.9071765011677
v -4676.69019115793 -802.115153068721 1364.63980669866
v -4676.69019115793 802.115153068725 1364.63980669866
v -4199.92946725048 8.5265128291212e-13 2595.69916111303
v -4669.4673892596 766.561026029795 1383.2900381379
v -4669.4673892596 -766.561026029792 1383.29003813791
v -4213.83930607104 1.13686837721616e-12 2559.78211438548
v -4199.92946725048 8.5265128291212e-13 2595.69916111303
v -3963.52642239654 -1439.83525337201 2449.59404434933
v -4676.69019115793 -802.115153068721 1364.63980669866
v -4657.90649541452 -800.278322502716 1400.88734525145
v -4203.43128278002 -35.6569171140018 2574.40255698639
v -3978.07856664837 -1408.18909126581 2435.12691895992
v -3963.52642239654 -1439.83525337201 2449.59404434933
v -4197.44183897207 -2159.75288005801 1224.79702217466
v -4676.69019115793 -802.115153068721 1364.63980669866
v -3978.64089694545 -1441.19881128823 2412.68421881731
v -4657.59400301173 -834.070320094943 1379.77553520307
v -4201.33532646839 -2126.58179085161 1246.64104762468
v -4147.34134608759 -2139.01849465875 1248.85426044176
v -4180.11314452527 -2155.50155063945 1264.80161422529
v -3958.86011505748 -1474.55474429627 2423.29751674642
v -3926.08831661979 -1458.07168831557 2407.35016296289
v -3926.08831661979 -1458.07168831557 2407.35016296289
v -3958.86011505748 -1474.55474429627 2423.29751674642
v -3547.747443753 -2537.75751747804 2169.21591267449
v -3514.97564531532 -2521.27446149734 2153.26855889096
v -3514.97564531532 -2521.27446149734 2153.26855889096
v -3547.747443753 -2537.75751747804 2169.21591267449
v -4180.11314452527 -2155.50155063945 1264.80161422529
v -4147.34134608759 -2139.01849465875 1248.85426044176
v -2972.6448167974 -2159.75288005802 3206.56023337293
v -3528.8856312671 -2563.88548758259 2180.9712625342
v -3963.52642239654 -1439.83525337201 2449.59404434933
v -3000.67638394347 -2155.50155063945 3173.17038042772
v -3526.80658569233 -2537.75751747804 2203.09893277024
v -3937.9192569968 -1474.55474429627 2457.18053684217
v -2594.1617222856 -3324.60406913613 2449.59404434933
v -3528.8856312671 -2563.88548758259 2180.9712625342
v -2972.6448167974 -2159.75288005802 3206.56023337293
v -2619.26887108528 -3289.52129488723 2457.18053684218
v -3503.39399462691 -2569.98218453186 2203.09893277024
v -2977.26379287805 -2187.72621769327 3173.17038042772
v -3351.1279113092 -3324.60406913613 1224.79702217466
v -2594.1617222856 -3324.60406913613 2449.59404434933
v -2208.03358963952 -4199.92946725048 1364.63980669866
v -3320.78348457058 -3338.55742607733 1246.64104762468
v -2232.52371280415 -4171.89322340845 1379.77553520307
v -2600.12917242382 -3338.55742607733 2412.68421881732
v -2599.93659165044 -3283.36294636504 2407.35016296289
v -2625.73995210282 -3309.43723440264 2423.29751674642
v -3341.72979568836 -3309.43723440264 1264.80161422529
v -3315.92643523599 -3283.36294636504 1248.85426044176
v -3315.92643523599 -3283.36294636504 1248.85426044176
v -3341.72979568836 -3309.43723440264 1264.80161422529
v -3509.86507564445 -2589.89812404727 2169.21591267449
v -3484.06171519208 -2563.82383600967 2153.26855889096
v -3484.06171519208 -2563.82383600967 2153.26855889096
v -3509.86507564445 -2589.89812404727 2169.21591267449
v -2625.73995210282 -3309.43723440264 2423.29751674642
v -2599.93659165044 -3283.36294636504 2407.35016296289
v -3323.25815714496 -3297.18468825276 1214.39242120653
v -3499.58345147158 -2542.59620779788 2162.8615194761
v -4162.75223044435 -2141.72022342077 1214.39242120654
v -3506.43124517442 -2547.57142114601 2136.17975860917
v -3338.29596521833 -3267.11053150138 1231.76546015997
v -4138.79694594669 -2165.31545430742 1231.76546015997
v -4149.06038995959 -2167.28887120646 1196.59975137147
v -4180.65121266203 -2190.24094739447 1205.27282001198
v -3374.93519754278 -3299.21390363869 1205.27282001198
v -3343.34437484034 -3276.26182745069 1196.59975137147
v -3343.34437484034 -3276.26182745069 1196.59975137147
v -3374.93519754278 -3299.21390363869 1205.27282001198
v -3987.32105981987 -2896.95832277054 39.2296488193459
v -3955.73023711743 -2874.00624658254 30.5565801788427
v -3955.73023711743 -2874.00624658254 30.5565801788427
v -3987.32105981987 -2896.95832277054 39.2296488193459
v -4180.65121266203 -2190.24094739447 1205.27282001198
v -4149.06038995959 -2167.28887120646 1196.59975137147
v -2878.33230202752 -3961.78559355122 -3.84932396732611
v -2907.3390299816 -3932.99634833202 -5.05616696092301
v -3961.86903441997 -2878.46634389365 -5.05616696092301
v -3961.50802078423 -2878.20405213409 -1.59735562308072
v -3323.14148020522 -3297.52546271101 1213.91559334047
v -2877.8589107034 -3961.67541208788 -0.61099458834228
v -3326.15029901717 -3300.20879766773 1182.32901292554
v -2898.09239441989 -3938.66773394885 14.7834094941282
v -3939.32521292185 -2897.43491544689 14.7834094941282
v -3302.29068748668 -3317.54382014632 1200.5561342181
v -3326.73926117155 -3348.22318265047 1208.3691977091
v -2237.07728011675 -4182.63272287428 1341.67522743205
v -2212.62870643189 -4151.95336037013 1333.86216394105
v -2212.62870643189 -4151.95336037013 1333.86216394105
v -2237.07728011675 -4182.63272287428 1341.67522743205
v -2898.68135657426 -3986.68211893159 40.8235942776842
v -2874.2327828894 -3956.00275642744 33.0105307866807
v -2874.2327828894 -3956.00275642744 33.0105307866807
v -2898.68135657426 -3986.68211893159 40.8235942776842
v -3326.73926117155 -3348.22318265047 1208.3691977091
v -3302.29068748668 -3317.54382014632 1200.5561342181
v -2208.03358963952 -4199.92946725048 1364.63980669866
v -2594.1617222856 -3324.60406913613 2449.59404434933
v -1297.84958055652 -3994.3702878086 2595.69916111303
v -2200.4821787585 -4182.63272287428 1400.88734525145
v -2568.56129347717 -3348.22318265047 2435.12691895992
v -1332.84344443858 -3986.68211893159 2574.40255698639
v -1290.62148021358 -3972.12448237809 2545.33651058882
v -1302.14795714109 -4007.59933065951 2559.78211438548
v -713.901919017303 -4677.80777245176 1383.29003813791
v -702.375442089795 -4642.33292417034 1368.84443434125
v -702.375442089795 -4642.33292417034 1368.84443434125
v -713.901919017303 -4677.80777245176 1383.29003813791
v -2171.98763690437 -4204.04700391436 1383.2900381379
v -2160.46115997686 -4168.57215563294 1368.84443434125
v -2160.46115997686 -4168.57215563294 1368.84443434125
v -2171.98763690437 -4204.04700391436 1383.2900381379
v -1302.14795714109 -4007.59933065951 2559.78211438548
v -1290.62148021358 -3972.12448237809 2545.33651058882
v -1297.84958055652 -3994.3702878086 2595.69916111303
v 144.567677936264 -4214.47119392035 2449.59404434933
v -682.31990334933 -4695.66389473827 1364.63980669866
v -678.262351826577 -4677.23192664071 1400.88734525145
v -1265.01995769405 -4008.71930564208 2574.40255698639
v 109.973529371015 -4218.53190363957 2435.12691895992
v 144.567677936264 -4214.47119392035 2449.59404434933
v 756.966189023597 -4659.40475631246 1224.79702217466
v -682.31990334933 -4695.66389473827 1364.63980669866
v 141.193869081169 -4229.2672759994 2412.68421881731
v -646.027686854786 -4687.37703023463 1379.77553520307
v 724.215454677486 -4652.85725268024 1246.64104762468
v 0.0230888907005089 -4889.90510118187 33.0105307866831
v 1.76952366030491 -4929.09573787587 40.8235942776866
v -648.656292916877 -4698.74198752524 1341.67522743205
v -650.402727686482 -4659.55135083124 1333.86216394105
v -650.402727686482 -4659.55135083124 1333.86216394105
v -648.656292916877 -4698.74198752524 1341.67522743205
v 723.352389996423 -4664.1777316634 1208.3691977091
v 721.605955226818 -4624.9870949694 1200.5561342181
v 721.605955226818 -4624.9870949694 1200.5561342181
v 723.352389996423 -4664.1777316634 1208.3691977091
v 1.76952366030491 -4929.09573787587 40.8235942776866
v 0.0230888907005089 -4889.90510118187 33.0105307866831
v -2878.33230202752 -3961.78559355122 -3.84932396732611
v -1513.2570122645 -4657.32619416146 -3.84932396732612
v -2877.8589107034 -3961.67541208788 -0.61099458834228
v -2189.63411616676 -4165.5104078755 1352.58252372248
v -1513.15211436279 -4657.00335161628 -0.38147988543912
v -2190.51928561498 -4168.57215563294 1320.20936542066
v -1538.44352917156 -4642.33292417034 16.0578525338415
v -2853.80165791128 -3972.12448237809 16.0578525338415
v -704.283612777233 -4651.1605585843 1337.49116880772
v -716.424852741367 -4688.52745294281 1344.99486777112
v -1523.39491578982 -4688.52745294281 39.2898778550737
v -1511.25367582569 -4651.1605585843 31.7861788916705
v -1511.25367582569 -4651.1605585843 31.7861788916705
v -1523.39491578982 -4688.52745294281 39.2898778550737
v -2176.24741074785 -4214.2023508414 1344.99486777112
v -2164.10617078371 -4176.83545648289 1337.49116880772
v -2164.10617078371 -4176.83545648289 1337.49116880772
v -2176.24741074785 -4214.2023508414 1344.99486777112
v -716.424852741367 -4688.52745294281 1344.99486777112
v -704.283612777233 -4651.1605585843 1337.49116880772
v 752.728520406116 -4605.34907862878 1248.85426044176
v 758.277795551544 -4641.61045550092 1264.80161422529
v 179.02984429098 -4220.76218465014 2423.29751674642
v 173.480569145552 -4184.50080777801 2407.35016296289
v 173.480569145552 -4184.50080777801 2407.35016296289
v 179.02984429098 -4220.76218465014 2423.29751674642
v 1317.23657190454 -4158.31852505425 2169.21591267449
v 1311.68729675912 -4122.05714818212 2153.26855889096
v 1311.68729675912 -4122.05714818212 2153.26855889096
v 1317.23657190454 -4158.31852505425 2169.21591267449
v 758.277795551544 -4641.61045550092 1264.80161422529
v 752.728520406116 -4605.34907862878 1248.85426044176
v 1135.4492835354 -3494.55356723434 3206.56023337293
v 1347.9143687329 -4148.45386217123 2180.97126253419
v 144.567677936264 -4214.47119392035 2449.59404434933
v 1122.74379836186 -3519.89943879155 3173.17038042772
v 1323.70765292208 -4138.40258553884 2203.09893277024
v 185.50092530852 -4200.84624513473 2457.18053684217
v 2126.33088913454 -4214.47119392035 1224.79702217466
v 1347.9143687329 -4148.45386217123 2180.97126253419
v 2360.24630571007 -3494.55356723434 2449.59404434933
v 2114.81054957162 -4200.84624513473 1264.80161422529
v 1378.5315310785 -4138.40258553884 2169.21591267449
v 2336.06357903941 -3519.89943879155 2423.29751674642
v -1513.2570122645 -4657.32619416146 -3.84932396732612
v -0.0593968355684638 -4896.99315158159 -3.8493239673261
v -1513.15211436279 -4657.00335161628 -0.38147988543912
v -676.974374577958 -4657.00335161628 1352.58252372249
v -0.37761542254259 -4896.62576046641 -0.610994588335956
v -1484.06786907316 -4660.00064713198 16.0578525338415
v -678.057907629503 -4660.00064713198 1320.20936542067
v -25.9821511860914 -4890.93873750473 16.0578525338415
v 40.3294327949673 -4890.7518898527 -5.056166960923
v -1.98951966012828e-12 -4937.31320303683 0
v -0.0593968355684638 -4896.99315158159 -3.8493239673261
v -1513.2570122645 -4657.32619416146 -3.84932396732612
v -1525.71368629019 -4695.66389473827 0
v 751.098056995242 -4624.9870949694 1182.32901292554
v 757.305244053984 -4664.1777316634 1187.38517988646
v 1490.11871790525 -4698.74198752524 19.839576455051
v 1483.91153084651 -4659.55135083124 14.783409494128
v 1483.91153084651 -4659.55135083124 14.783409494128
v 1490.11871790525 -4698.74198752524 19.839576455051
v 35.7223777178601 -4929.09573787587 19.8395764550506
v 29.5151906591187 -4889.90510118187 14.7834094941276
v 29.5151906591187 -4889.90510118187 14.7834094941276
v 35.7223777178601 -4929.09573787587 19.8395764550506
v 757.305244053984 -4664.1777316634 1187.38517988646
v 751.098056995242 -4624.9870949694 1182.32901292554
v 2075.61657493512 -4184.50080777801 1231.76546015997
v 2087.39861049341 -4220.76218465014 1243.86075616462
v 792.160815647298 -4641.61045550092 1243.86075616462
v 780.378780089016 -4605.34907862878 1231.76546015997
v 780.378780089016 -4605.34907862878 1231.76546015997
v 792.160815647298 -4641.61045550092 1243.86075616462
v 1351.11959200029 -4158.31852505425 2148.27505461382
v 1339.33755644201 -4122.05714818212 2136.17975860917
v 1339.33755644201 -4122.05714818212 2136.17975860917
v 1351.11959200029 -4158.31852505425 2148.27505461382
v 2087.39861049341 -4220.76218465014 1243.86075616462
v 2075.61657493512 -4184.50080777801 1231.76546015997
v 756.966189023597 -4659.40475631246 1224.79702217466
v 2126.33088913454 -4214.47119392035 1224.79702217466
v 1525.71368629018 -4695.66389473827 0
v 791.150653009177 -4652.85725268024 1205.27282001198
v 1523.02112079294 -4687.37703023463 39.2296488193459
v 2094.82655075226 -4229.2672759994 1205.27282001198
v 1513.2993121727 -4657.45637989256 -5.05616696092301
v 1525.71368629018 -4695.66389473827 0
v 40.3294327949673 -4890.7518898527 -5.056166960923
v -1.98951966012828e-12 -4937.31320303683 0
v 1525.71368629018 -4695.66389473827 0
v 2126.33088913454 -4214.47119392035 1224.79702217466
v 2902.07988669396 -3994.3702878086 0
v 1556.3198781732 -4677.23192664071 19.8395764550512
v 2128.86207237376 -4218.53190363957 1187.38517988646
v 2868.34977120789 -4008.71930564209 19.8395764550512
v -3994.3702878086 2902.07988669396 0
v -4197.44183897206 2159.75288005802 1224.79702217466
v -4695.66389473827 1525.71368629019 0
v -4008.29717815659 2869.17824304559 19.8395764550512
v -4201.87643451527 2161.55027105122 1187.38517988646
v -4676.80979915522 1557.1483500109 19.8395764550512
v -3351.1279113092 3324.60406913613 1224.79702217466
v -3528.8856312671 2563.88548758259 2180.97126253419
v -4197.44183897206 2159.75288005802 1224.79702217466
v -3369.14173476657 3289.52129488723 1243.86075616462
v -3537.27701472266 2569.98218453186 2148.27505461382
v -4169.64271549493 2187.72621769327 1243.86075616462
v -4197.44183897206 2159.75288005802 1224.79702217466
v -3528.8856312671 2563.88548758259 2180.97126253419
v -3963.52642239653 1439.83525337201 2449.59404434933
v -4180.11314452527 2155.50155063945 1264.80161422529
v -3547.747443753 2537.75751747804 2169.21591267449
v -3958.86011505747 1474.55474429627 2423.29751674642
v -4695.66389473827 1525.71368629019 0
v -4197.44183897206 2159.75288005802 1224.79702217466
v -4676.69019115793 802.115153068725 1364.63980669866
v -4669.21500364509 835.082332113965 1341.67522743205
v -4687.30180806654 1524.85726691264 40.8235942776842
v -4212.36844342659 2129.25918795296 1208.3691977091
v -4890.52617374393 28.5869762557485 16.0578525338415
v -4929.85034599267 34.8153132685917 19.9071765011677
v -4698.91225561993 1492.90103115566 19.9071765011677
v -4659.58808337118 1486.67269414281 16.0578525338415
v -4659.58808337118 1486.67269414281 16.0578525338415
v -4698.91225561993 1492.90103115566 19.9071765011677
v -4680.77957027108 801.376339298386 1324.05868938799
v -4641.45539802234 795.148002285543 1320.20936542066
v -4641.45539802234 795.148002285543 1320.20936542066
v -4680.77957027108 801.376339298386 1324.05868938799
v -4929.85034599267 34.8153132685917 19.9071765011677
v -4890.52617374393 28.5869762557485 16.0578525338415
v -4638.9189743201 -1549.68101909402 -5.056166960923
v -4695.66389473827 -1525.71368629018 0
v -4657.33560169602 -1513.19761542893 -3.8493239673261
v -4897.00255911615 2.32110627014966e-12 -3.8493239673261
v -4937.31320303683 5.6843418860808e-13 0
v -4641.45539802234 -795.14800228554 1320.20936542067
v -4680.77957027109 -801.376339298383 1324.05868938799
v -4698.91225561993 -1492.90103115566 19.9071765011676
v -4659.58808337118 -1486.67269414281 16.0578525338415
v -4659.58808337118 -1486.67269414281 16.0578525338415
v -4698.91225561993 -1492.90103115566 19.9071765011676
v -4929.85034599267 -34.81531326859 19.9071765011676
v -4890.52617374392 -28.5869762557468 16.0578525338415
v -4890.52617374392 -28.5869762557468 16.0578525338415
v -4929.85034599267 -34.81531326859 19.9071765011676
v -4680.77957027109 -801.376339298383 1324.05868938799
v -4641.45539802234 -795.14800228554 1320.20936542067
v -4638.9189743201 -1549.68101909402 -5.056166960923
v -3961.86903441997 -2878.46634389365 -5.05616696092301
v -4657.33560169602 -1513.19761542893 -3.8493239673261
v -4657.08452693319 -1512.78144147001 -0.610994588326719
v -4163.04027105623 -2141.50395195808 1213.91559334046
v -3961.50802078423 -2878.20405213409 -1.59735562308072
v -4641.45541503805 -1539.134391552 14.7834094941276
v -4166.52205039811 -2143.53631259232 1182.32901292554
v -3972.94279403942 -2851.16428458669 14.783409494128
v -4650.56897568433 -1511.0857359859 33.0105307866831
v -4687.30180806654 -1524.85726691264 40.8235942776866
v -4669.21500364509 -835.082332113964 1341.67522743205
v -4632.48217126288 -821.310801187227 1333.86216394105
v -4632.48217126288 -821.310801187227 1333.86216394105
v -4669.21500364509 -835.082332113964 1341.67522743205
v -4212.36844342659 -2129.25918795296 1208.3691977091
v -4175.63561104438 -2115.48765702622 1200.5561342181
v -4175.63561104438 -2115.48765702622 1200.5561342181
v -4212.36844342659 -2129.25918795296 1208.3691977091
v -4687.30180806654 -1524.85726691264 40.8235942776866
v -4650.56897568433 -1511.0857359859 33.0105307866831
v -4676.69019115793 -802.115153068721 1364.63980669866
v -4676.69019115793 802.115153068725 1364.63980669866
v -4937.31320303683 5.6843418860808e-13 0
v -4680.44204063963 767.474136917348 1344.99486777112
v -4929.80950407343 1.13686837721616e-12 39.2898778550738
v -4680.44204063963 -767.474136917343 1344.99486777112
v -4176.53884319254 1.09245945623115e-12 2545.33651058882
v -4213.83930607104 1.13686837721616e-12 2559.78211438548
v -4669.4673892596 -766.561026029792 1383.29003813791
v -4632.16692638111 -766.561026029792 1368.84443434125
v -4632.16692638111 -766.561026029792 1368.84443434125
v -4669.4673892596 -766.561026029792 1383.29003813791
v -4669.4673892596 766.561026029795 1383.2900381379
v -4632.1669263811 766.561026029795 1368.84443434125
v -4632.1669263811 766.561026029795 1368.84443434125
v -4669.4673892596 766.561026029795 1383.2900381379
v -4213.83930607104 1.13686837721616e-12 2559.78211438548
v -4176.53884319254 1.09245945623115e-12 2545.33651058882
v -4676.69019115793 802.115153068725 1364.63980669866
v -3963.52642239653 1439.83525337201 2449.59404434933
v -4199.92946725048 8.5265128291212e-13 2595.69916111303
v -4657.90649541452 800.278322502719 1400.88734525145
v -3978.07856664837 1408.18909126581 2435.12691895992
v -4203.43128278002 35.6569171140046 2574.40255698639
v -3312.05038445927 -802.115153068723 3572.67339633817
v -4199.92946725048 8.5265128291212e-13 2595.69916111303
v -3312.05038445925 802.115153068722 3572.67339633816
v -4174.02495306871 5.6843418860808e-13 2624.20309078334
v -3325.50152337042 766.561026029792 3557.87248886623
v -3325.50152337042 -766.561026029794 3557.87248886623
v -3943.36257159975 -1400.62474739781 2416.75355809069
v -3978.07856664837 -1408.18909126581 2435.12691895992
v -4657.90649541452 -800.278322502716 1400.88734525145
v -4623.1905003659 -792.713978634721 1382.51398438223
v -4623.1905003659 -792.713978634721 1382.51398438223
v -4657.90649541452 -800.278322502716 1400.88734525145
v -4203.43128278002 -35.6569171140018 2574.40255698639
v -4168.7152877314 -28.0925732460062 2556.02919611716
v -4168.7152877314 -28.0925732460062 2556.02919611716
v -4203.43128278002 -35.6569171140018 2574.40255698639
v -3978.07856664837 -1408.18909126581 2435.12691895992
v -3943.36257159975 -1400.62474739781 2416.75355809069
v -3312.05038445927 -802.115153068723 3572.67339633817
v -3963.52642239654 -1439.83525337201 2449.59404434933
v -4199.92946725048 8.5265128291212e-13 2595.69916111303
v -3336.07084443752 -800.278322502718 3539.66235607358
v -3957.09454882574 -1408.1890912658 2469.07977301748
v -4182.44726495739 -35.6569171140032 2608.35541104394
v -2972.6448167974 -2159.75288005802 3206.56023337293
v -3963.52642239654 -1439.83525337201 2449.59404434933
v -3312.05038445927 -802.115153068723 3572.67339633817
v -2993.92392766305 -2126.5817908516 3200.27372929577
v -3317.04811662801 -834.070320094944 3548.82434285079
v -3937.27266933275 -1441.19881128823 2479.619417149
v -3944.05089470077 -1427.4772606024 2398.01279109234
v -3978.64089694545 -1441.19881128823 2412.68421881731
v -4201.33532646839 -2126.58179085161 1246.64104762468
v -4166.7453242237 -2112.86024016578 1231.9696198997
v -4166.7453242237 -2112.86024016578 1231.9696198997
v -4201.33532646839 -2126.58179085161 1246.64104762468
v -4657.59400301173 -834.070320094943 1379.77553520307
v -4623.00400076705 -820.348769409118 1365.10410747809
v -4623.00400076705 -820.348769409118 1365.10410747809
v -4657.59400301173 -834.070320094943 1379.77553520307
v -3978.64089694545 -1441.19881128823 2412.68421881731
v -3944.05089470077 -1427.4772606024 2398.01279109234
v -3499.58345147158 -2542.59620779788 2162.8615194761
v -4162.75223044435 -2141.72022342077 1214.39242120654
v -3930.72177525522 -1427.6039113619 2429.31965742705
v -3514.97564531532 -2521.27446149734 2153.26855889096
v -4147.34134608759 -2139.01849465875 1248.85426044176
v -3926.08831661979 -1458.07168831557 2407.35016296289
v -3908.999516338 -1458.07168831557 2435.00042264579
v -3937.9192569968 -1474.55474429627 2457.18053684217
v -3000.67638394347 -2155.50155063945 3173.17038042772
v -2971.75664328467 -2139.01849465875 3150.99026623133
v -2971.75664328467 -2139.01849465875 3150.99026623133
v -3000.67638394347 -2155.50155063945 3173.17038042772
v -3526.80658569233 -2537.75751747804 2203.09893277024
v -3497.88684503353 -2521.27446149734 2180.91881857386
v -3497.88684503353 -2521.27446149734 2180.91881857386
v -3526.80658569233 -2537.75751747804 2203.09893277024
v -3937.9192569968 -1474.55474429627 2457.18053684217
v -3908.999516338 -1458.07168831557 2435.00042264579
v -2099.96473362524 -1525.71368629019 4199.92946725048
v -2972.6448167974 -2159.75288005802 3206.56023337293
v -3312.05038445927 -802.115153068723 3572.67339633817
v -3288.16723484869 -835.082332113965 3576.25745743183
v -2132.7388275352 -1524.85726691264 4174.19332317962
v -2964.62670435314 -2129.25918795296 3227.25774071185
v -2208.03358963948 -3.83693077310454e-12 4416.06717927899
v -2099.96473362524 -1525.71368629019 4199.92946725048
v -3312.05038445927 -802.115153068723 3572.67339633817
v -2222.50161846673 -34.8153132685947 4400.48943703681
v -3277.58235563199 -801.376339298385 3594.47947559317
v -2119.22296473325 -1492.90103115566 4193.93212956983
v -2099.96473362524 -1525.71368629019 4199.92946725048
v -682.319903349313 -2099.9647336252 4416.06717927899
v -1786.33669816909 -2902.07988669396 3572.67339633817
v -1774.98283784824 -2869.52714928464 3594.47947559318
v -719.902100682994 -2102.96612325483 4400.48943703681
v -2074.70916483657 -1554.16902054491 4193.93212956983
v -1786.33669816909 -2902.07988669396 3572.67339633817
v -2972.6448167974 -2159.75288005802 3206.56023337293
v -2099.96473362524 -1525.71368629019 4199.92946725048
v -1810.31004951506 -2869.17824304559 3576.25745743183
v -2941.1658592069 -2161.55027105122 3227.25774071185
v -2109.27798238896 -1557.1483500109 4174.19332317962
v -2594.1617222856 -3324.60406913613 2449.59404434933
v -2972.6448167974 -2159.75288005802 3206.56023337293
v -1786.33669816909 -2902.07988669396 3572.67339633817
v -2587.34568706433 -3299.21390363869 2479.619417149
v -1818.27225217215 -2896.95832277054 3548.82434285079
v -2947.67284313771 -2190.24094739447 3200.27372929577
v -2952.65078374266 -2165.31545430742 3150.99026623133
v -2977.26379287805 -2187.72621769327 3173.17038042772
v -2619.26887108528 -3289.52129488723 2457.18053684218
v -2594.65586194989 -3267.11053150138 2435.00042264579
v -2594.65586194989 -3267.11053150138 2435.00042264579
v -2619.26887108528 -3289.52129488723 2457.18053684218
v -3503.39399462691 -2569.98218453186 2203.09893277024
v -3478.78098549153 -2547.57142114601 2180.91881857386
v -3478.78098549153 -2547.57142114601 2180.91881857386
v -3503.39399462691 -2569.98218453186 2203.09893277024
v -2977.26379287805 -2187.72621769327 3173.17038042772
v -2952.65078374266 -2165.31545430742 3150.99026623133
v -3297.04461584808 -3309.90057139496 1231.9696198997
v -3320.78348457058 -3338.55742607733 1246.64104762468
v -2600.12917242382 -3338.55742607733 2412.68421881732
v -2576.39030370132 -3309.90057139496 2398.01279109234
v -2576.39030370132 -3309.90057139496 2398.01279109234
v -2600.12917242382 -3338.55742607733 2412.68421881732
v -2232.52371280415 -4171.89322340845 1379.77553520307
v -2208.78484408164 -4143.23636872608 1365.10410747809
v -2208.78484408164 -4143.23636872608 1365.10410747809
v -2232.52371280415 -4171.89322340845 1379.77553520307
v -3320.78348457058 -3338.55742607733 1246.64104762468
v -3297.04461584808 -3309.90057139496 1231.9696198997
v -2572.39183130271 -3297.18468825275 2429.31965742705
v -3499.58345147158 -2542.59620779788 2162.8615194761
v -3323.25815714496 -3297.18468825276 1214.39242120653
v -3484.06171519208 -2563.82383600967 2153.26855889096
v -2599.93659165044 -3283.36294636504 2407.35016296289
v -3315.92643523599 -3283.36294636504 1248.85426044176
v -4162.75223044435 -2141.72022342077 1214.39242120654
v -4163.04027105623 -2141.50395195808 1213.91559334046
v -3961.50802078423 -2878.20405213409 -1.59735562308072
v -3323.14148020522 -3297.52546271101 1213.91559334047
v -3323.25815714496 -3297.18468825276 1214.39242120653
v -3343.34437484034 -3276.26182745069 1196.59975137147
v -4149.06038995959 -2167.28887120646 1196.59975137147
v -3955.73023711743 -2874.00624658254 30.5565801788427
v -3323.14148020522 -3297.52546271101 1213.91559334047
v -2189.63376737366 -4165.50990738108 1352.58558044201
v -2189.63411616676 -4165.5104078755 1352.58252372248
v -2877.8589107034 -3961.67541208788 -0.61099458834228
v -2874.2327828894 -3956.00275642744 33.0105307866807
v -3302.29068748668 -3317.54382014632 1200.5561342181
v -2212.62870643189 -4151.95336037013 1333.86216394105
v -1314.92149346477 -3956.00275642744 2556.02919611716
v -1332.84344443858 -3986.68211893159 2574.40255698639
v -2200.4821787585 -4182.63272287428 1400.88734525145
v -2182.56022778469 -4151.95336037013 1382.51398438222
v -2182.56022778469 -4151.95336037013 1382.51398438222
v -2200.4821787585 -4182.63272287428 1400.88734525145
v -2568.56129347717 -3348.22318265047 2435.12691895992
v -2550.63934250336 -3317.54382014632 2416.75355809069
v -2550.63934250336 -3317.54382014632 2416.75355809069
v -2568.56129347717 -3348.22318265047 2435.12691895992
v -1332.84344443858 -3986.68211893159 2574.40255698639
v -1314.92149346477 -3956.00275642744 2556.02919611716
v -1297.84958055652 -3994.3702878086 2595.69916111303
v -2594.1617222856 -3324.60406913613 2449.59404434933
v -1786.33669816909 -2902.07988669396 3572.67339633817
v -1792.01249883594 -2925.49231354136 3539.66235607358
v -1326.35902632112 -3966.72513204332 2608.35541104394
v -2562.07687535971 -3328.2661957622 2469.07977301748
v -260.6230118789 -3397.81431418176 3572.67339633817
v -1297.84958055652 -3994.3702878086 2595.69916111303
v -1786.33669816909 -2902.07988669396 3572.67339633817
v -1289.84464544332 -3969.73363079456 2624.20309078334
v -1756.67934448477 -2925.85950948219 3557.87248886623
v -298.593626597703 -3399.6202780196 3557.87248886623
v -677.47061181485 -4656.6428141597 1353.57499819628
v -1287.28617987633 -3961.85948343859 2573.20613431923
v -2189.02073320899 -4165.5104078755 1353.57499819628
v -1290.62148021358 -3972.12448237809 2545.33651058882
v -2160.46115997686 -4168.57215563294 1368.84443434125
v -702.375442089795 -4642.33292417034 1368.84443434125
v 113.507243290521 -4183.1775195224 2416.75355809069
v 109.973529371015 -4218.53190363957 2435.12691895992
v -678.262351826577 -4677.23192664071 1400.88734525145
v -674.72863790707 -4641.87754252354 1382.51398438223
v -674.72863790707 -4641.87754252354 1382.51398438223
v -678.262351826577 -4677.23192664071 1400.88734525145
v -1265.01995769405 -4008.71930564208 2574.40255698639
v -1261.48624377454 -3973.36492152491 2556.02919611716
v -1261.48624377454 -3973.36492152491 2556.02919611716
v -1265.01995769405 -4008.71930564208 2574.40255698639
v 109.973529371015 -4218.53190363957 2435.12691895992
v 113.507243290521 -4183.1775195224 2416.75355809069
v -260.6230118789 -3397.81431418176 3572.67339633817
v 144.567677936264 -4214.47119392035 2449.59404434933
v -1297.84958055652 -3994.3702878086 2595.69916111303
v -269.792671904011 -3420.09151730779 3539.66235607358
v 116.457947488476 -4198.57491675129 2469.07977301748
v -1258.53553957658 -3988.76231875381 2608.35541104394
v -682.319903349313 -2099.9647336252 4416.06717927899
v 802.115153068723 -2468.65660151841 4199.92946725048
v -260.6230118789 -3397.81431418176 3572.67339633817
v -653.679439581093 -2124.4831701838 4400.48943703681
v -250.674458859274 -3364.80496475101 3594.47947559317
v 764.95734289211 -2476.83259963888 4193.93212956983
v 2902.07988669396 -3994.3702878086 0
v 2126.33088913454 -4214.47119392035 1224.79702217466
v 3312.05038445927 -3397.81431418176 1364.63980669866
v 3286.62520907277 -3420.09151730779 1341.67522743205
v 2895.81820714799 -3988.76231875382 40.8235942776842
v 2156.33050831386 -4198.57491675129 1208.3691977091
v 2850.33581274899 -3973.36492152492 14.7834094941282
v 2868.34977120789 -4008.71930564209 19.8395764550512
v 1556.3198781732 -4677.23192664071 19.8395764550512
v 1538.3059197143 -4641.87754252354 14.7834094941282
v 1538.3059197143 -4641.87754252354 14.7834094941282
v 1556.3198781732 -4677.23192664071 19.8395764550512
v 2128.86207237376 -4218.53190363957 1187.38517988646
v 2110.84811391487 -4183.1775195224 1182.32901292554
v 2110.84811391487 -4183.1775195224 1182.32901292554
v 2128.86207237376 -4218.53190363957 1187.38517988646
v 2868.34977120789 -4008.71930564209 19.8395764550512
v 2850.33581274899 -3973.36492152492 14.7834094941282
v 4254.9932996875 -2099.96473362524 1364.63980669866
v 3312.05038445927 -3397.81431418176 1364.63980669866
v 3397.81431418175 -2468.65660151841 2595.69916111303
v 3327.10520650813 -3364.80496475103 1383.2900381379
v 4228.25173867313 -2124.48317018383 1383.29003813791
v 3409.0676101766 -2476.83259963891 2559.78211438548
v 802.115153068723 -2468.65660151841 4199.92946725048
v 1135.4492835354 -3494.55356723434 3206.56023337293
v -260.6230118789 -3397.81431418176 3572.67339633817
v -221.889062315186 -3385.28750769654 3576.25745743183
v 791.172897845608 -2499.56196895518 4174.19332317962
v 1108.92579196107 -3477.50482006414 3227.25774071185
v 1135.4492835354 -3494.55356723434 3206.56023337293
v 144.567677936264 -4214.47119392035 2449.59404434933
v -260.6230118789 -3397.81431418176 3572.67339633817
v 1097.32609611036 -3504.54077399738 3200.27372929576
v -231.776226222787 -3412.44212959672 3548.82434285079
v 153.977354440663 -4189.92375356076 2479.619417149
v 138.832797416814 -4192.13003661483 2398.01279109234
v 141.193869081169 -4229.2672759994 2412.68421881731
v 724.215454677486 -4652.85725268024 1246.64104762468
v 721.854383013132 -4615.72001329568 1231.9696198997
v 721.854383013132 -4615.72001329568 1231.9696198997
v 724.215454677486 -4652.85725268024 1246.64104762468
v -646.027686854786 -4687.37703023463 1379.77553520307
v -648.38875851914 -4650.23979085006 1365.10410747809
v -648.38875851914 -4650.23979085006 1365.10410747809
v -646.027686854786 -4687.37703023463 1379.77553520307
v 141.193869081169 -4229.2672759994 2412.68421881731
v 138.832797416814 -4192.13003661483 2398.01279109234
v -676.974362574256 -4657.00274169235 1352.58558044201
v -676.974374577958 -4657.00335161628 1352.58252372249
v 750.241096157897 -4621.04769206333 1213.91559334046
v -0.37761542254259 -4896.62576046641 -0.610994588335956
v 721.605955226818 -4624.9870949694 1200.5561342181
v 0.0230888907005089 -4889.90510118187 33.0105307866831
v -650.402727686482 -4659.55135083124 1333.86216394105
v -676.974362574256 -4657.00274169235 1352.58558044201
v -677.468231963111 -4656.64392457806 1353.57331921972
v -676.974374577958 -4657.00335161628 1352.58252372249
v -1513.15211436279 -4657.00335161628 -0.38147988543912
v -2189.63411616676 -4165.5104078755 1352.58252372248
v -2189.63376737366 -4165.50990738108 1352.58558044201
v -2189.02331123703 -4165.50990738108 1353.57331921972
v -2189.02073320899 -4165.5104078755 1353.57499819628
v -677.47061181485 -4656.6428141597 1353.57499819628
v -704.283612777233 -4651.1605585843 1337.49116880772
v -2164.10617078371 -4176.83545648289 1337.49116880772
v -1511.25367582569 -4651.1605585843 31.7861788916705
v 1336.72193199547 -4114.00708388357 2162.8615194761
v 750.535791985914 -4620.84058071981 1214.39242120653
v 143.072173875652 -4179.4924279467 2429.31965742705
v 1311.68729675912 -4122.05714818212 2153.26855889096
v 752.728520406116 -4605.34907862878 1248.85426044176
v 173.480569145552 -4184.50080777801 2407.35016296289
v 178.761298846105 -4168.24839291434 2435.00042264579
v 185.50092530852 -4200.84624513473 2457.18053684217
v 1122.74379836186 -3519.89943879155 3173.17038042772
v 1116.00417189944 -3487.30158657116 3150.99026623133
v 1116.00417189944 -3487.30158657116 3150.99026623133
v 1122.74379836186 -3519.89943879155 3173.17038042772
v 1323.70765292208 -4138.40258553884 2203.09893277024
v 1316.96802645967 -4105.80473331845 2180.91881857386
v 1316.96802645967 -4105.80473331845 2180.91881857386
v 1323.70765292208 -4138.40258553884 2203.09893277024
v 185.50092530852 -4200.84624513473 2457.18053684217
v 178.761298846105 -4168.24839291434 2435.00042264579
v 2360.24630571007 -3494.55356723434 2449.59404434933
v 1347.9143687329 -4148.45386217123 2180.97126253419
v 1135.4492835354 -3494.55356723434 3206.56023337293
v 2319.12206899153 -3507.59071125314 2457.18053684217
v 1361.59002103063 -4126.09385800043 2203.09893277024
v 1160.6261664704 -3507.59071125314 3173.17038042772
v 2126.33088913454 -4214.47119392035 1224.79702217466
v 2360.24630571007 -3494.55356723434 2449.59404434933
v 3312.05038445927 -3397.81431418176 1364.63980669866
v 2148.97826372445 -4189.92375356076 1246.64104762468
v 3277.81846780866 -3412.44212959672 1379.77553520307
v 2371.67269324739 -3504.54077399738 2412.68421881731
v 2319.23913438526 -3487.30158657116 2407.35016296289
v 2336.06357903941 -3519.89943879155 2423.29751674642
v 2114.81054957162 -4200.84624513473 1264.80161422529
v 2097.98610491747 -4168.24839291434 1248.85426044176
v 2097.98610491747 -4168.24839291434 1248.85426044176
v 2114.81054957162 -4200.84624513473 1264.80161422529
v 1378.5315310785 -4138.40258553884 2169.21591267449
v 1361.70708642435 -4105.80473331845 2153.26855889096
v 1361.70708642435 -4105.80473331845 2153.26855889096
v 1378.5315310785 -4138.40258553884 2169.21591267449
v 2336.06357903941 -3519.89943879155 2423.29751674642
v 2319.23913438526 -3487.30158657116 2407.35016296289
v 40.3294327949673 -4890.7518898527 -5.056166960923
v 1513.2993121727 -4657.45637989256 -5.05616696092301
v -0.0593968355684638 -4896.99315158159 -3.8493239673261
v -0.37761542254259 -4896.62576046641 -0.610994588335956
v 750.241096157897 -4621.04769206333 1213.91559334046
v 1513.16141723425 -4657.03198291063 -1.59735562308356
v 29.5151906591187 -4889.90510118187 14.7834094941276
v 751.098056995242 -4624.9870949694 1182.32901292554
v 1483.91153084651 -4659.55135083124 14.783409494128
v 2108.86573593843 -4179.4924279467 1214.39242120653
v 1336.72193199547 -4114.00708388357 2162.8615194761
v 750.535791985914 -4620.84058071981 1214.39242120653
v 1339.33755644201 -4122.05714818212 2136.17975860917
v 2075.61657493512 -4184.50080777801 1231.76546015997
v 780.378780089016 -4605.34907862878 1231.76546015997
v 779.084032469415 -4615.72001329567 1196.59975137147
v 791.150653009177 -4652.85725268024 1205.27282001198
v 2094.82655075226 -4229.2672759994 1205.27282001198
v 2082.75993021249 -4192.13003661483 1196.59975137147
v 2082.75993021249 -4192.13003661483 1196.59975137147
v 2094.82655075226 -4229.2672759994 1205.27282001198
v 1523.02112079294 -4687.37703023463 39.2296488193459
v 1510.95450025318 -4650.23979085006 30.5565801788426
v 1510.95450025318 -4650.23979085006 30.5565801788426
v 1523.02112079294 -4687.37703023463 39.2296488193459
v 791.150653009177 -4652.85725268024 1205.27282001198
v 779.084032469415 -4615.72001329567 1196.59975137147
v 3312.05038445927 -3397.81431418176 1364.63980669866
v 2360.24630571007 -3494.55356723434 2449.59404434933
v 3397.81431418175 -2468.65660151841 2595.69916111303
v 3297.93371730334 -3385.28750769654 1400.88734525145
v 2390.62038509208 -3477.50482006414 2435.12691895992
v 3379.6887324345 -2499.56196895518 2574.40255698639
v 2842.08463697233 -3980.40643999243 -5.05616696092298
v 2902.07988669396 -3994.3702878086 0
v 1513.2993121727 -4657.45637989256 -5.05616696092301
v 1525.71368629018 -4695.66389473827 0
v 2902.07988669396 -3994.3702878086 0
v 3312.05038445927 -3397.81431418176 1364.63980669866
v 3994.3702878086 -2902.07988669396 0
v 2923.99466062772 -3969.73363079456 19.9071765011677
v 3315.79302549665 -3399.62027801962 1324.05868938799
v 3967.86878194006 -2925.85950948222 19.9071765011677
v -2902.07988669396 3994.3702878086 1.13686837721616e-12
v -3351.1279113092 3324.60406913613 1224.79702217466
v -3994.3702878086 2902.07988669396 0
v -3967.38261101632 2925.49231354136 19.839576455051
v -2926.14979251435 3966.72513204332 19.8395764550506
v -3354.20769711165 3328.2661957622 1187.38517988646
v -4641.45541503805 1539.134391552 14.7834094941282
v -4676.80979915522 1557.1483500109 19.8395764550512
v -4008.29717815659 2869.17824304559 19.8395764550512
v -3972.94279403942 2851.16428458669 14.7834094941282
v -3972.94279403942 2851.16428458669 14.7834094941282
v -4008.29717815659 2869.17824304559 19.8395764550512
v -4201.87643451527 2161.55027105122 1187.38517988646
v -4166.52205039811 2143.53631259232 1182.32901292554
v -4166.52205039811 2143.53631259232 1182.32901292554
v -4201.87643451527 2161.55027105122 1187.38517988646
v -4676.80979915522 1557.1483500109 19.8395764550512
v -4641.45541503805 1539.134391552 14.7834094941282
v -3351.1279113092 3324.60406913613 1224.79702217466
v -4197.44183897206 2159.75288005802 1224.79702217466
v -3994.3702878086 2902.07988669396 0
v -3374.93519754278 3299.21390363869 1205.27282001198
v -3987.32105981987 2896.95832277054 39.2296488193459
v -4180.65121266203 2190.24094739447 1205.27282001198
v -4138.79694594669 2165.31545430742 1231.76546015997
v -4169.64271549493 2187.72621769327 1243.86075616462
v -3369.14173476657 3289.52129488723 1243.86075616462
v -3338.29596521833 3267.11053150138 1231.76546015997
v -3338.29596521833 3267.11053150138 1231.76546015997
v -3369.14173476657 3289.52129488723 1243.86075616462
v -3537.27701472266 2569.98218453186 2148.27505461382
v -3506.43124517442 2547.57142114601 2136.17975860917
v -3506.43124517442 2547.57142114601 2136.17975860917
v -3537.27701472266 2569.98218453186 2148.27505461382
v -4169.64271549493 2187.72621769327 1243.86075616462
v -4138.79694594669 2165.31545430742 1231.76546015997
v -2594.1617222856 3324.60406913613 2449.59404434933
v -3528.8856312671 2563.88548758259 2180.97126253419
v -3351.1279113092 3324.60406913613 1224.79702217466
v -2625.73995210282 3309.43723440264 2423.29751674642
v -3509.86507564445 2589.89812404727 2169.21591267449
v -3341.72979568836 3309.43723440264 1264.80161422529
v -3963.52642239653 1439.83525337201 2449.59404434933
v -3528.8856312671 2563.88548758259 2180.97126253419
v -2972.6448167974 2159.75288005801 3206.56023337293
v -3937.9192569968 1474.55474429627 2457.18053684217
v -3526.80658569233 2537.75751747804 2203.09893277024
v -3000.67638394347 2155.50155063945 3173.17038042772
v -4197.44183897206 2159.75288005802 1224.79702217466
v -3963.52642239653 1439.83525337201 2449.59404434933
v -4676.69019115793 802.115153068725 1364.63980669866
v -4201.33532646838 2126.58179085161 1246.64104762468
v -4657.59400301173 834.070320094945 1379.77553520307
v -3978.64089694545 1441.19881128823 2412.68421881731
v -3926.08831661979 1458.07168831557 2407.35016296289
v -3958.86011505747 1474.55474429627 2423.29751674642
v -4180.11314452527 2155.50155063945 1264.80161422529
v -4147.34134608759 2139.01849465875 1248.85426044176
v -4147.34134608759 2139.01849465875 1248.85426044176
v -4180.11314452527 2155.50155063945 1264.80161422529
v -3547.747443753 2537.75751747804 2169.21591267449
v -3514.97564531531 2521.27446149734 2153.26855889096
v -3514.97564531531 2521.27446149734 2153.26855889096
v -3547.747443753 2537.75751747804 2169.21591267449
v -3958.86011505747 1474.55474429627 2423.29751674642
v -3926.08831661979 1458.07168831557 2407.35016296289
v -4175.63561104438 2115.48765702622 1200.5561342181
v -4212.36844342659 2129.25918795296 1208.3691977091
v -4669.21500364509 835.082332113965 1341.67522743205
v -4632.48217126288 821.310801187228 1333.86216394105
v -4632.48217126288 821.310801187228 1333.86216394105
v -4669.21500364509 835.082332113965 1341.67522743205
v -4687.30180806654 1524.85726691264 40.8235942776842
v -4650.56897568433 1511.0857359859 33.0105307866807
v -4650.56897568433 1511.0857359859 33.0105307866807
v -4687.30180806654 1524.85726691264 40.8235942776842
v -4212.36844342659 2129.25918795296 1208.3691977091
v -4175.63561104438 2115.48765702622 1200.5561342181
v -4657.33560169602 1513.19761542893 -3.84932396732614
v -4897.00255911615 2.32110627014966e-12 -3.8493239673261
v -4657.0845269332 1512.78144147001 -0.610994588354501
v -4638.26997046398 795.252288203323 1352.58252372248
v -4896.66310237553 3.5527136788005e-13 -0.381479885441394
v -4641.45539802234 795.148002285543 1320.20936542066
v -4890.52617374393 28.5869762557485 16.0578525338415
v -4659.58808337118 1486.67269414281 16.0578525338415
v -4897.00255911615 2.32110627014966e-12 -3.8493239673261
v -4657.33560169602 -1513.19761542893 -3.8493239673261
v -4896.66310237553 3.5527136788005e-13 -0.381479885441394
v -4638.26997046398 -795.252288203321 1352.58252372249
v -4657.08452693319 -1512.78144147001 -0.610994588326719
v -4890.52617374392 -28.5869762557468 16.0578525338415
v -4641.45539802234 -795.14800228554 1320.20936542067
v -4659.58808337118 -1486.67269414281 16.0578525338415
v -4638.2693866825 -795.25211114266 1352.585580442
v -4638.26997046398 -795.252288203321 1352.58252372249
v -4163.04027105623 -2141.50395195808 1213.91559334046
v -4657.08452693319 -1512.78144147001 -0.610994588326719
v -4175.63561104438 -2115.48765702622 1200.5561342181
v -4650.56897568433 -1511.0857359859 33.0105307866831
v -4632.48217126288 -821.310801187227 1333.86216394105
v -4641.15216278456 -767.474136917343 1337.49116880772
v -4680.44204063963 -767.474136917343 1344.99486777112
v -4929.80950407343 1.13686837721616e-12 39.2898778550738
v -4890.51962621835 1.10578213252666e-12 31.7861788916706
v -4890.51962621835 1.10578213252666e-12 31.7861788916706
v -4929.80950407343 1.13686837721616e-12 39.2898778550738
v -4680.44204063963 767.474136917348 1344.99486777112
v -4641.15216278456 767.474136917348 1337.49116880772
v -4641.15216278456 767.474136917348 1337.49116880772
v -4680.44204063963 767.474136917348 1344.99486777112
v -4680.44204063963 -767.474136917343 1344.99486777112
v -4641.15216278456 -767.474136917343 1337.49116880772
v -4638.08042470597 -794.668926344349 1353.57499819628
v -4165.74558457581 -3.30402372128447e-12 2573.20613431923
v -4638.08042470597 794.668926344351 1353.57499819627
v -4176.53884319254 1.09245945623115e-12 2545.33651058882
v -4632.1669263811 766.561026029795 1368.84443434125
v -4632.16692638111 -766.561026029792 1368.84443434125
v -4168.7152877314 28.092573246009 2556.02919611716
v -4203.43128278002 35.6569171140046 2574.40255698639
v -4657.90649541452 800.278322502719 1400.88734525145
v -4623.19050036589 792.713978634723 1382.51398438222
v -4623.19050036589 792.713978634723 1382.51398438222
v -4657.90649541452 800.278322502719 1400.88734525145
v -3978.07856664837 1408.18909126581 2435.12691895992
v -3943.36257159975 1400.62474739781 2416.75355809069
v -3943.36257159975 1400.62474739781 2416.75355809069
v -3978.07856664837 1408.18909126581 2435.12691895992
v -4203.43128278002 35.6569171140046 2574.40255698639
v -4168.7152877314 28.092573246009 2556.02919611716
v -4199.92946725048 8.5265128291212e-13 2595.69916111303
v -3963.52642239653 1439.83525337201 2449.59404434933
v -3312.05038445925 802.115153068722 3572.67339633816
v -3336.07084443752 800.278322502717 3539.66235607358
v -4182.44726495739 35.6569171140026 2608.35541104394
v -3957.09454882574 1408.18909126581 2469.07977301748
v -2099.9647336252 1525.71368629018 4199.92946725044
v -2208.03358963948 -3.83693077310454e-12 4416.06717927899
v -3312.05038445925 802.115153068722 3572.67339633816
v -3277.58235563199 801.376339298384 3594.47947559318
v -2222.50161846673 34.8153132685871 4400.48943703681
v -2119.22296473325 1492.90103115565 4193.93212956983
v -2208.03358963948 -3.83693077310454e-12 4416.06717927899
v -2099.96473362524 -1525.71368629019 4199.92946725048
v -990.881605599138 -719.917626686009 4720.49261142013
v -2083.66129147975 -1489.20034979864 4211.68522455779
v -1026.42069853016 -721.07009668715 4707.91537476226
v -2186.67862041096 -34.8040096112474 4417.7198824202
v -2208.03358963948 -3.83693077310454e-12 4416.06717927899
v -3312.05038445925 802.115153068722 3572.67339633816
v -3312.05038445927 -802.115153068723 3572.67339633817
v -3296.15729501342 -767.474136917346 3584.81463630229
v -3296.15729501341 767.474136917346 3584.81463630229
v -2239.81976853115 -3.41060513164848e-12 4391.78469935072
v -3295.89970842658 766.561026029792 3530.97021104389
v -3325.50152337042 766.561026029792 3557.87248886623
v -3325.50152337042 -766.561026029794 3557.87248886623
v -3295.89970842658 -766.561026029794 3530.97021104389
v -3295.89970842658 -766.561026029794 3530.97021104389
v -3325.50152337042 -766.561026029794 3557.87248886623
v -4174.02495306871 5.6843418860808e-13 2624.20309078334
v -4144.42313812486 5.37347943918576e-13 2597.300812961
v -4144.42313812486 5.37347943918576e-13 2597.300812961
v -4174.02495306871 5.6843418860808e-13 2624.20309078334
v -3325.50152337042 766.561026029792 3557.87248886623
v -3295.89970842658 766.561026029792 3530.97021104389
v -4638.08074536196 -794.671532855998 1353.57331921972
v -3930.897954687 -1427.04336658678 2429.428542304
v -4638.08042470597 -794.668926344349 1353.57499819628
v -4165.74558457581 -3.30402372128447e-12 2573.20613431923
v -4165.20073079258 -1.70530256582424e-12 2574.23562159571
v -4168.7152877314 -28.0925732460062 2556.02919611716
v -3943.36257159975 -1400.62474739781 2416.75355809069
v -4623.1905003659 -792.713978634721 1382.51398438223
v -4150.48816643885 -28.0925732460076 2585.52129788558
v -4182.44726495739 -35.6569171140032 2608.35541104394
v -3336.07084443752 -800.278322502718 3539.66235607358
v -3304.11174591898 -792.713978634722 3516.82824291522
v -3304.11174591898 -792.713978634722 3516.82824291522
v -3336.07084443752 -800.278322502718 3539.66235607358
v -3957.09454882574 -1408.1890912658 2469.07977301748
v -3925.13545030719 -1400.62474739781 2446.24565985911
v -3925.13545030719 -1400.62474739781 2446.24565985911
v -3957.09454882574 -1408.1890912658 2469.07977301748
v -4182.44726495739 -35.6569171140032 2608.35541104394
v -4150.48816643885 -28.0925732460076 2585.52129788558
v -2965.33228450284 -2112.86024016578 3175.89675269538
v -2993.92392766305 -2126.5817908516 3200.27372929577
v -3937.27266933275 -1441.19881128823 2479.619417149
v -3908.68102617254 -1427.4772606024 2455.24244054862
v -3908.68102617254 -1427.4772606024 2455.24244054862
v -3937.27266933275 -1441.19881128823 2479.619417149
v -3317.04811662801 -834.070320094944 3548.82434285079
v -3288.4564734678 -820.348769409119 3524.44736625041
v -3288.4564734678 -820.348769409119 3524.44736625041
v -3317.04811662801 -834.070320094944 3548.82434285079
v -2993.92392766305 -2126.5817908516 3200.27372929577
v -2965.33228450284 -2112.86024016578 3175.89675269538
v -4638.2693866825 -795.25211114266 1352.585580442
v -4163.04027105623 -2141.50395195808 1213.91559334046
v -4162.75223044435 -2141.72022342077 1214.39242120654
v -3930.72177525522 -1427.6039113619 2429.31965742705
v -3930.897954687 -1427.04336658678 2429.428542304
v -4638.08074536196 -794.671532855998 1353.57331921972
v -4166.7453242237 -2112.86024016578 1231.9696198997
v -3944.05089470077 -1427.4772606024 2398.01279109234
v -4623.00400076705 -820.348769409118 1365.10410747809
v -3499.58345147158 -2542.59620779788 2162.8615194761
v -3930.72177525522 -1427.6039113619 2429.31965742705
v -2947.82499422383 -2141.72022342077 3180.18598326931
v -3497.88684503353 -2521.27446149734 2180.91881857386
v -3908.999516338 -1458.07168831557 2435.00042264579
v -2971.75664328467 -2139.01849465875 3150.99026623133
v -2941.21106587923 -2115.48765702622 3197.89700484244
v -2964.62670435314 -2129.25918795296 3227.25774071185
v -3288.16723484869 -835.082332113965 3576.25745743183
v -3264.75159637479 -821.310801187228 3546.89672156242
v -3264.75159637479 -821.310801187228 3546.89672156242
v -3288.16723484869 -835.082332113965 3576.25745743183
v -2132.7388275352 -1524.85726691264 4174.19332317962
v -2109.32318906129 -1511.0857359859 4144.83258731021
v -2109.32318906129 -1511.0857359859 4144.83258731021
v -2132.7388275352 -1524.85726691264 4174.19332317962
v -2964.62670435314 -2129.25918795296 3227.25774071185
v -2941.21106587923 -2115.48765702622 3197.89700484244
v -2201.47237398197 -28.5869762557514 4367.03829812564
v -2222.50161846673 -34.8153132685947 4400.48943703681
v -2119.22296473325 -1492.90103115566 4193.93212956983
v -2098.19372024849 -1486.67269414282 4160.48099065866
v -2098.19372024849 -1486.67269414282 4160.48099065866
v -2119.22296473325 -1492.90103115566 4193.93212956983
v -3277.58235563199 -801.376339298385 3594.47947559317
v -3256.55311114723 -795.148002285542 3561.028336682
v -3256.55311114723 -795.148002285542 3561.028336682
v -3277.58235563199 -801.376339298385 3594.47947559317
v -2222.50161846673 -34.8153132685947 4400.48943703681
v -2201.47237398197 -28.5869762557514 4367.03829812564
v -990.881605599138 -719.917626686009 4720.49261142013
v -990.881605599141 719.917626686006 4720.49261142013
v -3.69482222595252e-12 3.13985415574837e-13 4876.8
v -33.8830200957528 3.17171044773223e-13 4871.45509667508
v -971.125893149094 680.946806343179 4723.60899162656
v -971.125893149094 -680.946806343177 4723.60899162656
v 378.483094511796 -1164.85118907812 4720.49261142013
v -990.881605599138 -719.917626686009 4720.49261142013
v -3.69482222595252e-12 3.13985415574837e-13 4876.8
v -10.4704290303377 -32.224667053822 4871.45509667508
v -947.713302083676 -713.171473397004 4723.60899162656
v 347.524492762432 -1134.01974424778 4723.60899162656
v -2099.96473362524 -1525.71368629019 4199.92946725048
v -682.319903349313 -2099.9647336252 4416.06717927899
v -990.881605599138 -719.917626686009 4720.49261142013
v -1002.95985338392 -753.361179785411 4707.91537476226
v -2060.20044633351 -1521.49143289689 4211.68522455779
v -708.821435077328 -2068.89992054287 4417.71988242021
v -682.319903349313 -2099.9647336252 4416.06717927899
v -1786.33669816909 -2902.07988669396 3572.67339633817
v -260.6230118789 -3397.81431418176 3572.67339633817
v -288.657341288863 -3371.99442520702 3584.81463630229
v -1748.47989929534 -2897.66932310561 3584.81463630229
v -692.142372813082 -2130.19518618825 4391.78469935072
v -1762.56094342184 -2851.4518112683 3561.02833668201
v -1774.98283784824 -2869.52714928464 3594.47947559318
v -2074.70916483657 -1554.16902054491 4193.93212956983
v -2062.28727041017 -1536.09368252857 4160.48099065866
v -2062.28727041017 -1536.09368252857 4160.48099065866
v -2074.70916483657 -1554.16902054491 4193.93212956983
v -719.902100682994 -2102.96612325483 4400.48943703681
v -707.480206256589 -2084.8907852385 4367.03829812564
v -707.480206256589 -2084.8907852385 4367.03829812564
v -719.902100682994 -2102.96612325483 4400.48943703681
v -1774.98283784824 -2869.52714928464 3594.47947559318
v -1762.56094342184 -2851.4518112683 3561.02833668201
v -2088.94464793915 -1539.134391552 4144.83258731021
v -2109.27798238896 -1557.1483500109 4174.19332317962
v -1810.31004951506 -2869.17824304559 3576.25745743183
v -1789.97671506525 -2851.16428458669 3546.89672156242
v -1789.97671506525 -2851.16428458669 3546.89672156242
v -1810.31004951506 -2869.17824304559 3576.25745743183
v -2941.1658592069 -2161.55027105122 3227.25774071185
v -2920.83252475709 -2143.53631259232 3197.89700484244
v -2920.83252475709 -2143.53631259232 3197.89700484244
v -2941.1658592069 -2161.55027105122 3227.25774071185
v -2109.27798238896 -1557.1483500109 4174.19332317962
v -2088.94464793915 -1539.134391552 4144.83258731021
v -2565.46041323729 -3276.26182745069 2455.24244054862
v -2587.34568706433 -3299.21390363869 2479.619417149
v -2947.67284313771 -2190.24094739447 3200.27372929577
v -2925.78756931067 -2167.28887120646 3175.89675269538
v -2925.78756931067 -2167.28887120646 3175.89675269538
v -2947.67284313771 -2190.24094739447 3200.27372929577
v -1818.27225217215 -2896.95832277054 3548.82434285079
v -1796.38697834511 -2874.00624658254 3524.44736625041
v -1796.38697834511 -2874.00624658254 3524.44736625041
v -1818.27225217215 -2896.95832277054 3548.82434285079
v -2587.34568706433 -3299.21390363869 2479.619417149
v -2565.46041323729 -3276.26182745069 2455.24244054862
v -2947.82499422383 -2141.72022342077 3180.18598326931
v -3499.58345147158 -2542.59620779788 2162.8615194761
v -2572.39183130271 -3297.18468825275 2429.31965742705
v -3478.78098549153 -2547.57142114601 2180.91881857386
v -2952.65078374266 -2165.31545430742 3150.99026623133
v -2594.65586194989 -3267.11053150138 2435.00042264579
v -2189.02331123703 -4165.50990738108 1353.57331921972
v -2571.91316398014 -3297.52546271101 2429.42854230401
v -2572.39183130271 -3297.18468825275 2429.31965742705
v -3323.25815714496 -3297.18468825276 1214.39242120653
v -3323.14148020522 -3297.52546271101 1213.91559334047
v -2189.63376737366 -4165.50990738108 1352.58558044201
v -2576.39030370132 -3309.90057139496 2398.01279109234
v -3297.04461584808 -3309.90057139496 1231.9696198997
v -2208.78484408164 -4143.23636872608 1365.10410747809
v -2189.02331123703 -4165.50990738108 1353.57331921972
v -2189.02073320899 -4165.5104078755 1353.57499819628
v -2571.91316398014 -3297.52546271101 2429.42854230401
v -1287.11781079786 -3961.34129669762 2574.23562159571
v -1287.28617987633 -3961.85948343859 2573.20613431923
v -2550.63934250336 -3317.54382014632 2416.75355809069
v -1314.92149346477 -3956.00275642744 2556.02919611716
v -2182.56022778469 -4151.95336037013 1382.51398438222
v -2545.00685226543 -3300.20879766773 2446.24565985911
v -2562.07687535971 -3328.2661957622 2469.07977301748
v -1792.01249883594 -2925.49231354136 3539.66235607358
v -1774.94247574165 -2897.43491544689 3516.82824291522
v -1774.94247574165 -2897.43491544689 3516.82824291522
v -1792.01249883594 -2925.49231354136 3539.66235607358
v -1326.35902632112 -3966.72513204332 2608.35541104394
v -1309.28900322683 -3938.66773394885 2585.52129788558
v -1309.28900322683 -3938.66773394885 2585.52129788558
v -1326.35902632112 -3966.72513204332 2608.35541104394
v -2562.07687535971 -3328.2661957622 2469.07977301748
v -2545.00685226543 -3300.20879766773 2446.24565985911
v -1747.53188060278 -2897.70651048569 3530.97021104389
v -1756.67934448477 -2925.85950948219 3557.87248886623
v -298.593626597703 -3399.6202780196 3557.87248886623
v -289.446162715713 -3371.4672790231 3530.97021104389
v -289.446162715713 -3371.4672790231 3530.97021104389
v -298.593626597703 -3399.6202780196 3557.87248886623
v -1289.84464544332 -3969.73363079456 2624.20309078334
v -1280.69718156133 -3941.58063179806 2597.300812961
v -1280.69718156133 -3941.58063179806 2597.300812961
v -1289.84464544332 -3969.73363079456 2624.20309078334
v -1756.67934448477 -2925.85950948219 3557.87248886623
v -1747.53188060278 -2897.70651048569 3530.97021104389
v -677.468231963111 -4656.64392457806 1353.57331921972
v 142.484621676126 -4179.48676668172 2429.428542304
v -677.47061181485 -4656.6428141597 1353.57499819628
v -1287.28617987633 -3961.85948343859 2573.20613431923
v -1287.11781079786 -3961.34129669762 2574.23562159571
v -1261.48624377454 -3973.36492152491 2556.02919611716
v 113.507243290521 -4183.1775195224 2416.75355809069
v -674.72863790707 -4641.87754252354 1382.51398438223
v -1255.85375353661 -3956.02989904633 2585.52129788558
v -1258.53553957658 -3988.76231875381 2608.35541104394
v -269.792671904011 -3420.09151730779 3539.66235607358
v -267.110885864033 -3387.35909760031 3516.82824291522
v -267.110885864033 -3387.35909760031 3516.82824291522
v -269.792671904011 -3420.09151730779 3539.66235607358
v 116.457947488476 -4198.57491675129 2469.07977301748
v 119.139733528454 -4165.84249704381 2446.24565985911
v 119.139733528454 -4165.84249704381 2446.24565985911
v 116.457947488476 -4198.57491675129 2469.07977301748
v -1258.53553957658 -3988.76231875381 2608.35541104394
v -1255.85375353661 -3956.02989904633 2585.52129788558
v -653.104546158182 -2102.55850820013 4367.03829812564
v -653.679439581093 -2124.4831701838 4400.48943703681
v 764.95734289211 -2476.83259963888 4193.93212956983
v 765.532236315021 -2454.90793765521 4160.48099065865
v 765.532236315021 -2454.90793765521 4160.48099065865
v 764.95734289211 -2476.83259963888 4193.93212956983
v -250.674458859274 -3364.80496475101 3594.47947559317
v -250.099565436363 -3342.88030276735 3561.028336682
v -250.099565436363 -3342.88030276735 3561.028336682
v -250.674458859274 -3364.80496475101 3594.47947559317
v -653.679439581093 -2124.4831701838 4400.48943703681
v -653.104546158182 -2102.55850820013 4367.03829812564
v -682.319903349313 -2099.9647336252 4416.06717927899
v 802.115153068723 -2468.65660151841 4199.92946725048
v 378.483094511796 -1164.85118907812 4720.49261142013
v 772.426947156521 -2441.86786513068 4211.68522455779
v 368.596974935865 -1199.00700780924 4707.91537476226
v -642.620274809376 -2090.4099814274 4417.71988242021
v 4254.9932996875 -2099.96473362524 1364.63980669866
v 4665.27267212313 -719.917626686009 1224.79702217466
v 4695.66389473827 -1525.71368629019 0
v 4268.32336760595 -2068.89992054287 1341.67522743205
v 4659.42480628785 -753.361179785412 1208.3691977091
v 4688.3954338325 -1521.49143289689 40.8235942776866
v 3397.81431418175 -2468.65660151841 2595.69916111303
v 4052.8741610358 -1164.85118907812 2449.59404434933
v 4254.9932996875 -2099.96473362524 1364.63980669866
v 4238.71730869625 -2090.4099814274 1400.88734525145
v 3421.60595247815 -2441.86786513068 2574.40255698639
v 4046.04594566245 -1199.00700780924 2435.12691895992
v 3378.89090180985 -2454.90793765524 2545.33651058882
v 3409.0676101766 -2476.83259963891 2559.78211438548
v 4228.25173867313 -2124.48317018383 1383.29003813791
v 4198.07503030638 -2102.55850820017 1368.84443434125
v 4198.07503030638 -2102.55850820017 1368.84443434125
v 4228.25173867313 -2124.48317018383 1383.29003813791
v 3327.10520650813 -3364.80496475103 1383.2900381379
v 3296.92849814138 -3342.88030276737 1368.84443434125
v 3296.92849814138 -3342.88030276737 1368.84443434125
v 3327.10520650813 -3364.80496475103 1383.2900381379
v 3409.0676101766 -2476.83259963891 2559.78211438548
v 3378.89090180985 -2454.90793765524 2545.33651058882
v 2134.70772544536 -4165.84249704381 1200.5561342181
v 2156.33050831386 -4198.57491675129 1208.3691977091
v 3286.62520907277 -3420.09151730779 1341.67522743205
v 3265.00242620426 -3387.35909760031 1333.86216394105
v 3265.00242620426 -3387.35909760031 1333.86216394105
v 3286.62520907277 -3420.09151730779 1341.67522743205
v 2895.81820714799 -3988.76231875382 40.8235942776842
v 2874.19542427948 -3956.02989904633 33.0105307866807
v 2874.19542427948 -3956.02989904633 33.0105307866807
v 2895.81820714799 -3988.76231875382 40.8235942776842
v 2156.33050831386 -4198.57491675129 1208.3691977091
v 2134.70772544536 -4165.84249704381 1200.5561342181
v 1513.2993121727 -4657.45637989256 -5.05616696092301
v 2842.08463697233 -3980.40643999243 -5.05616696092298
v 1513.16141723425 -4657.03198291063 -1.59735562308356
v 2109.22588686476 -4179.48676668172 1213.91559334046
v 2878.46990529174 -3961.23149853507 -0.61099458835173
v 2878.42840812628 -3961.71576838326 -3.84932396732612
v 2110.84811391487 -4183.1775195224 1182.32901292554
v 2850.33581274899 -3973.36492152492 14.7834094941282
v 1538.3059197143 -4641.87754252354 14.7834094941282
v 3939.71578294356 -2897.70651048571 16.0578525338415
v 3967.86878194006 -2925.85950948222 19.9071765011677
v 2923.99466062772 -3969.73363079456 19.9071765011677
v 2895.84166163121 -3941.58063179806 16.0578525338415
v 2895.84166163121 -3941.58063179806 16.0578525338415
v 2923.99466062772 -3969.73363079456 19.9071765011677
v 3315.79302549665 -3399.62027801962 1324.05868938799
v 3287.64002650014 -3371.46727902311 1320.20936542066
v 3287.64002650014 -3371.46727902311 1320.20936542066
v 3315.79302549665 -3399.62027801962 1324.05868938799
v 3967.86878194006 -2925.85950948222 19.9071765011677
v 3939.71578294356 -2897.70651048571 16.0578525338415
v 4254.9932996875 -2099.96473362524 1364.63980669866
v 3312.05038445927 -3397.81431418176 1364.63980669866
v 3994.3702878086 -2902.07988669396 0
v 3335.44717286851 -3371.99442520704 1344.99486777112
v 3988.29966782653 -2897.66932310563 39.2898778550737
v 4237.66713126033 -2130.19518618829 1344.99486777112
v 802.115153068723 -2468.65660151841 4199.92946725048
v 1786.33669816906 -1297.84958055649 4416.06717927899
v 2208.03358963951 -2595.69916111303 3572.67339633817
v 2180.58263239403 -2574.84164919688 3594.47947559318
v 1777.5776516722 -1334.51985462967 4400.48943703681
v 836.982184093339 -2453.43031011454 4193.93212956983
v 1103.06411795641 -3450.9795874154 3197.89700484244
v 1108.92579196107 -3477.50482006414 3227.25774071185
v -221.889062315186 -3385.28750769654 3576.25745743183
v -227.750736319842 -3358.7622750478 3546.89672156242
v -227.750736319842 -3358.7622750478 3546.89672156242
v -221.889062315186 -3385.28750769654 3576.25745743183
v 791.172897845608 -2499.56196895518 4174.19332317962
v 785.311223840951 -2473.03673630643 4144.83258731021
v 785.311223840951 -2473.03673630643 4144.83258731021
v 791.172897845608 -2499.56196895518 4174.19332317962
v 1108.92579196107 -3477.50482006414 3227.25774071185
v 1103.06411795641 -3450.9795874154 3197.89700484244
v 2208.03358963951 -2595.69916111303 3572.67339633817
v 1135.4492835354 -3494.55356723434 3206.56023337293
v 802.115153068723 -2468.65660151841 4199.92946725048
v 2169.33409407288 -2608.33200609784 3576.25745743183
v 1146.88623681249 -3465.17072385416 3227.25774071185
v 829.133342697021 -2487.22787274519 4174.19332317962
v 2360.24630571007 -3494.55356723434 2449.59404434933
v 1135.4492835354 -3494.55356723434 3206.56023337293
v 2208.03358963951 -2595.69916111303 3572.67339633817
v 2338.20509408154 -3480.22513989316 2479.619417149
v 2193.2940639848 -2624.48902755903 3548.82434285079
v 1172.16192288891 -3480.22513989316 3200.27372929577
v 1093.11142955054 -3473.10831310718 3175.89675269538
v 1097.32609611036 -3504.54077399738 3200.27372929576
v 153.977354440663 -4189.92375356076 2479.619417149
v 149.762687880843 -4158.49129267056 2455.24244054862
v 149.762687880843 -4158.49129267056 2455.24244054862
v 153.977354440663 -4189.92375356076 2479.619417149
v -231.776226222787 -3412.44212959672 3548.82434285079
v -235.990892782607 -3381.00966870653 3524.44736625041
v -235.990892782607 -3381.00966870653 3524.44736625041
v -231.776226222787 -3412.44212959672 3548.82434285079
v 1097.32609611036 -3504.54077399738 3200.27372929576
v 1093.11142955054 -3473.10831310718 3175.89675269538
v -676.974362574256 -4657.00274169235 1352.58558044201
v 750.241096157897 -4621.04769206333 1213.91559334046
v 750.535791985914 -4620.84058071981 1214.39242120653
v 143.072173875652 -4179.4924279467 2429.31965742705
v 142.484621676126 -4179.48676668172 2429.428542304
v -677.468231963111 -4656.64392457806 1353.57331921972
v 721.854383013132 -4615.72001329568 1231.9696198997
v 138.832797416814 -4192.13003661483 2398.01279109234
v -648.38875851914 -4650.23979085006 1365.10410747809
v 1336.72193199547 -4114.00708388357 2162.8615194761
v 143.072173875652 -4179.4924279467 2429.31965742705
v 1125.96895490705 -3465.37611588782 3180.1859832693
v 1316.96802645967 -4105.80473331845 2180.91881857386
v 178.761298846105 -4168.24839291434 2435.00042264579
v 1116.00417189944 -3487.30158657116 3150.99026623133
v 1146.91810202268 -3477.25704178615 3150.99026623133
v 1160.6261664704 -3507.59071125314 3173.17038042772
v 2319.12206899153 -3507.59071125314 2457.18053684217
v 2305.41400454381 -3477.25704178615 2435.00042264579
v 2305.41400454381 -3477.25704178615 2435.00042264579
v 2319.12206899153 -3507.59071125314 2457.18053684217
v 1361.59002103063 -4126.09385800043 2203.09893277024
v 1347.88195658291 -4095.76018853345 2180.91881857386
v 1347.88195658291 -4095.76018853345 2180.91881857386
v 1361.59002103063 -4126.09385800043 2203.09893277024
v 1160.6261664704 -3507.59071125314 3173.17038042772
v 1146.91810202268 -3477.25704178615 3150.99026623133
v 2129.05968920475 -4158.49129267056 1231.9696198997
v 2148.97826372445 -4189.92375356076 1246.64104762468
v 2371.67269324739 -3504.54077399738 2412.68421881731
v 2351.75411872768 -3473.10831310718 2398.01279109234
v 2351.75411872768 -3473.10831310718 2398.01279109234
v 2371.67269324739 -3504.54077399738 2412.68421881731
v 3277.81846780866 -3412.44212959672 1379.77553520307
v 3257.89989328896 -3381.00966870653 1365.10410747809
v 3257.89989328896 -3381.00966870653 1365.10410747809
v 3277.81846780866 -3412.44212959672 1379.77553520307
v 2148.97826372445 -4189.92375356076 1246.64104762468
v 2129.05968920475 -4158.49129267056 1231.9696198997
v 2340.89619112755 -3465.37611588783 2429.31965742706
v 1336.72193199547 -4114.00708388357 2162.8615194761
v 2108.86573593843 -4179.4924279467 1214.39242120653
v 1361.70708642435 -4105.80473331845 2153.26855889096
v 2319.23913438526 -3487.30158657116 2407.35016296289
v 2097.98610491747 -4168.24839291434 1248.85426044176
v 750.535791985914 -4620.84058071981 1214.39242120653
v 750.241096157897 -4621.04769206333 1213.91559334046
v 1513.16141723425 -4657.03198291063 -1.59735562308356
v 2109.22588686476 -4179.48676668172 1213.91559334046
v 2108.86573593843 -4179.4924279467 1214.39242120653
v 2082.75993021249 -4192.13003661483 1196.59975137147
v 779.084032469415 -4615.72001329567 1196.59975137147
v 1510.95450025318 -4650.23979085006 30.5565801788426
v 3356.0491122324 -2473.03673630644 2556.02919611716
v 3379.6887324345 -2499.56196895518 2574.40255698639
v 3297.93371730334 -3385.28750769654 1400.88734525145
v 3274.29409710124 -3358.7622750478 1382.51398438222
v 3274.29409710124 -3358.7622750478 1382.51398438222
v 3297.93371730334 -3385.28750769654 1400.88734525145
v 2390.62038509208 -3477.50482006414 2435.12691895992
v 2366.98076488999 -3450.9795874154 2416.75355809069
v 2366.98076488999 -3450.9795874154 2416.75355809069
v 2390.62038509208 -3477.50482006414 2435.12691895992
v 3379.6887324345 -2499.56196895518 2574.40255698639
v 3356.0491122324 -2473.03673630644 2556.02919611716
v 3397.81431418175 -2468.65660151841 2595.69916111303
v 2360.24630571007 -3494.55356723434 2449.59404434933
v 2208.03358963951 -2595.69916111303 3572.67339633817
v 2228.54621189228 -2608.33200609784 3539.66235607358
v 3362.71230540572 -2487.22787274519 2608.35541104394
v 2373.64395806331 -3465.17072385416 2469.07977301748
v 3397.81431418175 -2468.65660151841 2595.69916111303
v 3150.97650486773 -1297.8495805565 3572.67339633815
v 2208.03358963951 -2595.69916111303 3572.67339633817
v 3376.85712197767 -2453.43031011457 2624.20309078334
v 2239.81398114395 -2574.84164919688 3557.87248886623
v 3140.96051330895 -1334.51985462969 3557.87248886623
v 4052.8741610358 -1164.85118907812 2449.59404434933
v 4361.94252506839 0 2180.97126253419
v 4665.27267212313 -719.917626686009 1224.79702217466
v 4069.5066438299 -1134.01974424778 2423.29751674642
v 4361.8444164144 -32.2246670538223 2169.21591267449
v 4648.75459509047 -713.171473397005 1264.80161422529
v 4222.39256476667 -2084.89078523853 1320.20936542067
v 4257.86741304809 -2102.96612325487 1324.05868938799
v 4679.00507911876 -1554.16902054494 19.9071765011676
v 4643.53023083734 -1536.09368252861 16.0578525338415
v 4643.53023083734 -1536.09368252861 16.0578525338415
v 4679.00507911876 -1554.16902054494 19.9071765011676
v 4008.7966373265 -2869.52714928466 19.9071765011676
v 3973.32178904508 -2851.45181126832 16.0578525338415
v 3973.32178904508 -2851.45181126832 16.0578525338415
v 4008.7966373265 -2869.52714928466 19.9071765011676
v 4257.86741304809 -2102.96612325487 1324.05868938799
v 4222.39256476667 -2084.89078523853 1320.20936542067
v 3961.75829182257 -2878.38588468697 -3.84932396732622
v 3994.3702878086 -2902.07988669396 0
v 2878.42840812628 -3961.71576838326 -3.84932396732612
v 2842.08463697233 -3980.40643999243 -5.05616696092298
v 2902.07988669396 -3994.3702878086 0
v 3994.3702878086 -2902.07988669396 0
v 4254.9932996875 -2099.96473362524 1364.63980669866
v 4695.66389473827 -1525.71368629019 0
v 4679.00507911876 -1554.16902054494 19.9071765011676
v 4008.7966373265 -2869.52714928466 19.9071765011676
v 4257.86741304809 -2102.96612325487 1324.05868938799
v 4695.66389473827 -1525.71368629019 0
v 4665.27267212313 -719.917626686009 1224.79702217466
v 4937.31320303683 -8.5265128291212e-13 0
v 4929.24119309445 -34.8040096112479 19.839576455051
v 4698.88744274382 -1489.20034979864 19.8395764550506
v 4669.91681519917 -721.07009668715 1187.38517988646
v 4665.27267212313 -719.917626686009 1224.79702217466
v 4361.94252506839 0 2180.97126253419
v 4665.27267212313 719.917626686006 1224.79702217466
v 4659.2250241208 -680.946806343177 1243.86075616462
v 4372.31484544474 0 2148.27505461382
v 4659.2250241208 680.946806343179 1243.86075616462
v 4937.31320303683 -8.5265128291212e-13 0
v 4665.27267212313 719.917626686006 1224.79702217466
v 4695.66389473827 1525.71368629018 0
v 4929.24119309445 34.8040096112461 19.8395764550512
v 4669.91681519917 721.07009668715 1187.38517988646
v 4698.88744274382 1489.20034979864 19.8395764550512
v -3326.15029901717 3300.20879766773 1182.32901292554
v -3354.20769711165 3328.2661957622 1187.38517988646
v -3967.38261101632 2925.49231354136 19.839576455051
v -3939.32521292185 2897.43491544689 14.783409494128
v -3939.32521292185 2897.43491544689 14.783409494128
v -3967.38261101632 2925.49231354136 19.839576455051
v -2926.14979251435 3966.72513204332 19.8395764550506
v -2898.09239441988 3938.66773394885 14.7834094941276
v -2898.09239441988 3938.66773394885 14.7834094941276
v -2926.14979251435 3966.72513204332 19.8395764550506
v -3354.20769711165 3328.2661957622 1187.38517988646
v -3326.15029901717 3300.20879766773 1182.32901292554
v -2208.03358963951 4199.92946725048 1364.63980669866
v -3351.1279113092 3324.60406913613 1224.79702217466
v -2902.07988669396 3994.3702878086 1.13686837721616e-12
v -2237.07728011675 4182.63272287428 1341.67522743205
v -3326.73926117155 3348.22318265047 1208.3691977091
v -2898.68135657426 3986.68211893159 40.8235942776866
v -1525.71368629018 4695.66389473827 0
v -2208.03358963951 4199.92946725048 1364.63980669866
v -2902.07988669396 3994.3702878086 1.13686837721616e-12
v -2871.87699592761 4007.59933065951 19.9071765011676
v -1556.5188671879 4677.80777245176 19.9071765011676
v -2208.59462363131 4204.04700391436 1324.05868938799
v 1.13686837721616e-12 4937.31320303683 0
v -682.319903349326 4695.66389473827 1364.63980669866
v -1525.71368629018 4695.66389473827 0
v -32.2104881989316 4930.26290975347 19.9071765011677
v -684.286244642342 4699.32481938073 1324.05868938799
v -1490.296206086 4699.32481938073 19.9071765011677
v -2208.03358963951 4199.92946725048 1364.63980669866
v -682.319903349326 4695.66389473827 1364.63980669866
v -1297.84958055652 3994.3702878086 2595.69916111303
v -713.901919017299 4677.80777245176 1383.2900381379
v -2171.98763690437 4204.04700391436 1383.29003813791
v -1302.14795714109 4007.59933065951 2559.78211438548
v -1297.84958055652 3994.3702878086 2595.69916111303
v -2594.1617222856 3324.60406913613 2449.59404434933
v -2208.03358963951 4199.92946725048 1364.63980669866
v -2200.4821787585 4182.63272287428 1400.88734525145
v -1332.84344443858 3986.68211893159 2574.40255698639
v -2568.56129347717 3348.22318265047 2435.12691895992
v -2594.1617222856 3324.60406913613 2449.59404434933
v -3351.1279113092 3324.60406913613 1224.79702217466
v -2208.03358963951 4199.92946725048 1364.63980669866
v -2600.12917242382 3338.55742607733 2412.68421881731
v -2232.52371280415 4171.89322340845 1379.77553520307
v -3320.78348457058 3338.55742607733 1246.64104762468
v -4657.33560169602 1513.19761542893 -3.84932396732614
v -4638.9189743201 1549.68101909402 -5.05616696092301
v -3961.86903441997 2878.46634389365 -5.05616696092301
v -3961.50802078423 2878.20405213409 -1.5973556230945
v -4163.04027105623 2141.50395195808 1213.91559334046
v -4657.0845269332 1512.78144147001 -0.610994588354501
v -4166.52205039811 2143.53631259232 1182.32901292554
v -4641.45541503805 1539.134391552 14.7834094941282
v -3972.94279403942 2851.16428458669 14.7834094941282
v -3343.34437484034 3276.26182745069 1196.59975137147
v -3374.93519754278 3299.21390363869 1205.27282001198
v -4180.65121266203 2190.24094739447 1205.27282001198
v -4149.06038995959 2167.28887120646 1196.59975137147
v -4149.06038995959 2167.28887120646 1196.59975137147
v -4180.65121266203 2190.24094739447 1205.27282001198
v -3987.32105981987 2896.95832277054 39.2296488193459
v -3955.73023711743 2874.00624658254 30.5565801788426
v -3955.73023711743 2874.00624658254 30.5565801788426
v -3987.32105981987 2896.95832277054 39.2296488193459
v -3374.93519754278 3299.21390363869 1205.27282001198
v -3343.34437484034 3276.26182745069 1196.59975137147
v -4162.75223044435 2141.72022342077 1214.39242120652
v -3499.58345147157 2542.59620779788 2162.8615194761
v -3323.25815714496 3297.18468825276 1214.39242120653
v -3506.43124517442 2547.57142114601 2136.17975860917
v -4138.79694594669 2165.31545430742 1231.76546015997
v -3338.29596521833 3267.11053150138 1231.76546015997
v -3315.92643523599 3283.36294636504 1248.85426044176
v -3341.72979568836 3309.43723440264 1264.80161422529
v -2625.73995210282 3309.43723440264 2423.29751674642
v -2599.93659165044 3283.36294636504 2407.35016296289
v -2599.93659165044 3283.36294636504 2407.35016296289
v -2625.73995210282 3309.43723440264 2423.29751674642
v -3509.86507564445 2589.89812404727 2169.21591267449
v -3484.06171519208 2563.82383600967 2153.26855889096
v -3484.06171519208 2563.82383600967 2153.26855889096
v -3509.86507564445 2589.89812404727 2169.21591267449
v -3341.72979568836 3309.43723440264 1264.80161422529
v -3315.92643523599 3283.36294636504 1248.85426044176
v -2972.6448167974 2159.75288005801 3206.56023337293
v -3528.8856312671 2563.88548758259 2180.97126253419
v -2594.1617222856 3324.60406913613 2449.59404434933
v -2977.26379287805 2187.72621769327 3173.17038042772
v -3503.39399462691 2569.98218453186 2203.09893277024
v -2619.26887108528 3289.52129488723 2457.18053684217
v -3963.52642239653 1439.83525337201 2449.59404434933
v -2972.6448167974 2159.75288005801 3206.56023337293
v -3312.05038445925 802.115153068722 3572.67339633816
v -3937.27266933275 1441.19881128823 2479.619417149
v -3317.04811662801 834.070320094944 3548.82434285079
v -2993.92392766305 2126.58179085161 3200.27372929577
v -2971.75664328466 2139.01849465875 3150.99026623133
v -3000.67638394347 2155.50155063945 3173.17038042772
v -3937.9192569968 1474.55474429627 2457.18053684217
v -3908.999516338 1458.07168831557 2435.00042264579
v -3908.999516338 1458.07168831557 2435.00042264579
v -3937.9192569968 1474.55474429627 2457.18053684217
v -3526.80658569233 2537.75751747804 2203.09893277024
v -3497.88684503353 2521.27446149734 2180.91881857386
v -3497.88684503353 2521.27446149734 2180.91881857386
v -3526.80658569233 2537.75751747804 2203.09893277024
v -3000.67638394347 2155.50155063945 3173.17038042772
v -2971.75664328466 2139.01849465875 3150.99026623133
v -4166.7453242237 2112.86024016578 1231.9696198997
v -4201.33532646838 2126.58179085161 1246.64104762468
v -3978.64089694545 1441.19881128823 2412.68421881731
v -3944.05089470077 1427.4772606024 2398.01279109234
v -3944.05089470077 1427.4772606024 2398.01279109234
v -3978.64089694545 1441.19881128823 2412.68421881731
v -4657.59400301173 834.070320094945 1379.77553520307
v -4623.00400076705 820.348769409119 1365.10410747809
v -4623.00400076705 820.348769409119 1365.10410747809
v -4657.59400301173 834.070320094945 1379.77553520307
v -4201.33532646838 2126.58179085161 1246.64104762468
v -4166.7453242237 2112.86024016578 1231.9696198997
v -3930.72177525521 1427.6039113619 2429.31965742706
v -3499.58345147157 2542.59620779788 2162.8615194761
v -4162.75223044435 2141.72022342077 1214.39242120652
v -3514.97564531531 2521.27446149734 2153.26855889096
v -3926.08831661979 1458.07168831557 2407.35016296289
v -4147.34134608759 2139.01849465875 1248.85426044176
v -4163.04027105623 2141.50395195808 1213.91559334046
v -4638.2693866825 795.25211114266 1352.585580442
v -4638.26997046398 795.252288203323 1352.58252372248
v -4657.0845269332 1512.78144147001 -0.610994588354501
v -4650.56897568433 1511.0857359859 33.0105307866807
v -4175.63561104438 2115.48765702622 1200.5561342181
v -4632.48217126288 821.310801187228 1333.86216394105
v -4638.08074536196 794.671532856004 1353.57331921972
v -4638.2693866825 795.25211114266 1352.585580442
v -4638.08042470597 794.668926344351 1353.57499819627
v -4638.08042470597 -794.668926344349 1353.57499819628
v -4638.08074536196 -794.671532855998 1353.57331921972
v -4638.2693866825 -795.25211114266 1352.585580442
v -4638.26997046398 -795.252288203321 1352.58252372249
v -4896.66310237553 3.5527136788005e-13 -0.381479885441394
v -4638.26997046398 795.252288203323 1352.58252372248
v -4641.15216278456 -767.474136917343 1337.49116880772
v -4641.15216278456 767.474136917348 1337.49116880772
v -4890.51962621835 1.10578213252666e-12 31.7861788916706
v -4638.08074536196 794.671532856004 1353.57331921972
v -4638.08042470597 794.668926344351 1353.57499819627
v -3930.897954687 1427.04336658678 2429.42854230402
v -4165.20073079258 -1.70530256582424e-12 2574.23562159571
v -4165.74558457581 -3.30402372128447e-12 2573.20613431923
v -3943.36257159975 1400.62474739781 2416.75355809069
v -4168.7152877314 28.092573246009 2556.02919611716
v -4623.19050036589 792.713978634723 1382.51398438222
v -3925.13545030719 1400.62474739781 2446.24565985911
v -3957.09454882574 1408.18909126581 2469.07977301748
v -3336.07084443752 800.278322502717 3539.66235607358
v -3304.11174591898 792.713978634721 3516.82824291521
v -3304.11174591898 792.713978634721 3516.82824291521
v -3336.07084443752 800.278322502717 3539.66235607358
v -4182.44726495739 35.6569171140026 2608.35541104394
v -4150.48816643885 28.092573246007 2585.52129788558
v -4150.48816643885 28.092573246007 2585.52129788558
v -4182.44726495739 35.6569171140026 2608.35541104394
v -3957.09454882574 1408.18909126581 2469.07977301748
v -3925.13545030719 1400.62474739781 2446.24565985911
v -3312.05038445925 802.115153068722 3572.67339633816
v -2972.6448167974 2159.75288005801 3206.56023337293
v -2099.9647336252 1525.71368629018 4199.92946725044
v -3288.16723484869 835.082332113964 3576.25745743183
v -2964.62670435314 2129.25918795296 3227.25774071185
v -2132.7388275352 1524.85726691264 4174.19332317962
v -3256.55311114722 795.148002285541 3561.02833668201
v -3277.58235563199 801.376339298384 3594.47947559318
v -2119.22296473325 1492.90103115565 4193.93212956983
v -2098.19372024848 1486.67269414281 4160.48099065866
v -2098.19372024848 1486.67269414281 4160.48099065866
v -2119.22296473325 1492.90103115565 4193.93212956983
v -2222.50161846673 34.8153132685871 4400.48943703681
v -2201.47237398197 28.586976255744 4367.03829812564
v -2201.47237398197 28.586976255744 4367.03829812564
v -2222.50161846673 34.8153132685871 4400.48943703681
v -3277.58235563199 801.376339298384 3594.47947559318
v -3256.55311114722 795.148002285541 3561.02833668201
v -2099.9647336252 1525.71368629018 4199.92946725044
v -2208.03358963948 -3.83693077310454e-12 4416.06717927899
v -990.881605599141 719.917626686006 4720.49261142013
v -1026.42069853016 721.070096687151 4707.91537476226
v -2083.66129147975 1489.20034979864 4211.68522455779
v -2186.67862041096 34.8040096112466 4417.7198824202
v -2208.03358963948 -3.83693077310454e-12 4416.06717927899
v -990.881605599138 -719.917626686009 4720.49261142013
v -990.881605599141 719.917626686006 4720.49261142013
v -1010.28394000139 685.38297956338 4715.63983698243
v -1010.28394000139 -685.382979563378 4715.63983698243
v -2169.04880764773 6.53018115395189e-13 4425.81777678895
v -2070.65707914598 -1482.9931627399 4174.37086686003
v -2083.66129147975 -1489.20034979864 4211.68522455779
v -2186.67862041096 -34.8040096112474 4417.7198824202
v -2173.67440807719 -28.596822552506 4380.40552472245
v -2173.67440807719 -28.596822552506 4380.40552472245
v -2186.67862041096 -34.8040096112474 4417.7198824202
v -1026.42069853016 -721.07009668715 4707.91537476226
v -1013.41648619639 -714.862909628408 4670.6010170645
v -1013.41648619639 -714.862909628408 4670.6010170645
v -1026.42069853016 -721.07009668715 4707.91537476226
v -2083.66129147975 -1489.20034979864 4211.68522455779
v -2070.65707914598 -1482.9931627399 4174.37086686003
v -3271.87481508515 767.474136917346 3553.02845741062
v -3296.15729501341 767.474136917346 3584.81463630229
v -2239.81976853115 -3.41060513164848e-12 4391.78469935072
v -2215.53728860288 -3.41282557769773e-12 4359.99852045905
v -2215.53728860288 -3.41282557769773e-12 4359.99852045905
v -2239.81976853115 -3.41060513164848e-12 4391.78469935072
v -3296.15729501342 -767.474136917346 3584.81463630229
v -3271.87481508515 -767.474136917346 3553.02845741061
v -3271.87481508515 -767.474136917346 3553.02845741061
v -3296.15729501342 -767.474136917346 3584.81463630229
v -3296.15729501341 767.474136917346 3584.81463630229
v -3271.87481508515 767.474136917346 3553.02845741062
v -3284.88690639512 794.668926344491 3543.08810417923
v -3284.88690639512 -794.668926344483 3543.08810417923
v -4164.52359539912 -2.52242671194836e-12 2575.18335434101
v -3295.89970842658 766.561026029792 3530.97021104389
v -3295.89970842658 -766.561026029794 3530.97021104389
v -4144.42313812486 5.37347943918576e-13 2597.300812961
v -3284.88690639512 -794.668926344483 3543.08810417923
v -3284.88554807461 -794.671532856039 3543.08914184377
v -3930.897954687 -1427.04336658678 2429.428542304
v -4165.20073079258 -1.70530256582424e-12 2574.23562159571
v -4164.52359539912 -2.52242671194836e-12 2575.18335434101
v -3925.13545030719 -1400.62474739781 2446.24565985911
v -4150.48816643885 -28.0925732460076 2585.52129788558
v -3304.11174591898 -792.713978634722 3516.82824291522
v -3284.88554807461 -794.671532856039 3543.08914184377
v -3930.897954687 -1427.04336658678 2429.428542304
v -3930.72177525522 -1427.6039113619 2429.31965742705
v -2947.82499422383 -2141.72022342077 3180.18598326931
v -2947.52732209268 -2141.50395195809 3180.6568585291
v -3284.08645061738 -795.252111142732 3543.69959798044
v -3908.68102617254 -1427.4772606024 2455.24244054862
v -2965.33228450284 -2112.86024016578 3175.89675269538
v -3288.4564734678 -820.348769409119 3524.44736625041
v -2947.52732209268 -2141.50395195809 3180.6568585291
v -3284.08645061738 -795.252111142732 3543.69959798044
v -3284.08397767944 -795.252288203387 3543.70148713693
v -2083.25040771019 -1512.13348325349 4165.13458998749
v -2082.60036539629 -1513.09773429991 4165.20073079257
v -2109.32318906129 -1511.0857359859 4144.83258731021
v -2941.21106587923 -2115.48765702622 3197.89700484244
v -3264.75159637479 -821.310801187228 3546.89672156242
v -2190.31603469854 -0.583361858838884 4379.26584396418
v -3284.08397767944 -795.252288203387 3543.70148713693
v -2083.25040771019 -1512.13348325349 4165.13458998749
v -2098.19372024849 -1486.67269414282 4160.48099065866
v -2201.47237398197 -28.5869762557514 4367.03829812564
v -3256.55311114723 -795.148002285542 3561.028336682
v -27.6502596828987 3.15237249809064e-13 4831.94367177499
v -33.8830200957528 3.17171044773223e-13 4871.45509667508
v -971.125893149094 -680.946806343177 4723.60899162656
v -964.89313273624 -680.946806343177 4684.09756672646
v -964.89313273624 -680.946806343177 4684.09756672646
v -971.125893149094 -680.946806343177 4723.60899162656
v -971.125893149094 680.946806343179 4723.60899162656
v -964.89313273624 680.946806343179 4684.09756672646
v -964.89313273624 680.946806343179 4684.09756672646
v -971.125893149094 680.946806343179 4723.60899162656
v -33.8830200957528 3.17171044773223e-13 4871.45509667508
v -27.6502596828987 3.15237249809064e-13 4831.94367177499
v -990.881605599141 719.917626686006 4720.49261142013
v 378.483094511797 1164.85118907812 4720.49261142013
v -3.69482222595252e-12 3.13985415574837e-13 4876.8
v -10.4704290303377 32.2246670538221 4871.45509667508
v 347.524492762433 1134.01974424778 4723.60899162656
v -947.713302083674 713.171473397005 4723.60899162656
v 1224.79702217467 2.5921742650185e-12 4720.49261142014
v 378.483094511796 -1164.85118907812 4720.49261142013
v -3.69482222595252e-12 3.13985415574837e-13 4876.8
v 27.4119390782053 -19.9159395154109 4871.45509667508
v 385.40686087098 -1121.71101670937 4723.60899162656
v 1185.90784159934 -19.9159395154141 4723.60899162656
v 378.483094511796 -1164.85118907812 4720.49261142013
v -682.319903349313 -2099.9647336252 4416.06717927899
v -990.881605599138 -719.917626686009 4720.49261142013
v -964.032855476053 -749.042136106241 4715.63983698243
v 339.643042267027 -1172.63211278708 4715.63983698243
v -670.272943191866 -2062.8880026756 4425.81777678895
v -8.54440014089833 -26.2969596486706 4831.94367177499
v -10.4704290303377 -32.224667053822 4871.45509667508
v 347.524492762432 -1134.01974424778 4723.60899162656
v 349.450521651871 -1128.09203684263 4684.09756672646
v 349.450521651871 -1128.09203684263 4684.09756672646
v 347.524492762432 -1134.01974424778 4723.60899162656
v -947.713302083676 -713.171473397004 4723.60899162656
v -945.787273194236 -707.243765991853 4684.09756672646
v -945.787273194236 -707.243765991853 4684.09756672646
v -947.713302083676 -713.171473397004 4723.60899162656
v -10.4704290303377 -32.224667053822 4871.45509667508
v -8.54440014089833 -26.2969596486706 4831.94367177499
v -993.037945074243 -742.911565194508 4670.6010170645
v -1002.95985338392 -753.361179785411 4707.91537476226
v -708.821435077328 -2068.89992054287 4417.71988242021
v -698.899526767653 -2058.45030595197 4380.40552472245
v -698.899526767653 -2058.45030595197 4380.40552472245
v -708.821435077328 -2068.89992054287 4417.71988242021
v -2060.20044633351 -1521.49143289689 4211.68522455779
v -2050.27853802384 -1511.04181830599 4174.37086686004
v -2050.27853802384 -1511.04181830599 4174.37086686004
v -2060.20044633351 -1521.49143289689 4211.68522455779
v -1002.95985338392 -753.361179785411 4707.91537476226
v -993.037945074243 -742.911565194508 4670.6010170645
v -1740.97620033194 -2874.57531233802 3553.02845741062
v -1748.47989929534 -2897.66932310561 3584.81463630229
v -692.142372813082 -2130.19518618825 4391.78469935072
v -684.638673849679 -2107.10117542067 4359.99852045905
v -684.638673849679 -2107.10117542067 4359.99852045905
v -692.142372813082 -2130.19518618825 4391.78469935072
v -288.657341288863 -3371.99442520702 3584.81463630229
v -281.15364232546 -3348.90041443944 3553.02845741061
v -281.15364232546 -3348.90041443944 3553.02845741061
v -288.657341288863 -3371.99442520702 3584.81463630229
v -1748.47989929534 -2897.66932310561 3584.81463630229
v -1740.97620033194 -2874.57531233802 3553.02845741062
v -1771.16763085189 -2877.60299516212 3543.70148713693
v -2081.88418227731 -1514.0139312386 4165.13458998749
v -677.399687870985 -2082.93406881755 4379.26584396419
v -2062.28727041017 -1536.09368252857 4160.48099065866
v -1762.56094342184 -2851.4518112683 3561.02833668201
v -707.480206256589 -2084.8907852385 4367.03829812564
v -1771.16763085189 -2877.60299516212 3543.70148713693
v -1771.16822663705 -2877.60540178063 3543.69959798044
v -2947.52732209268 -2141.50395195809 3180.6568585291
v -2082.60036539629 -1513.09773429991 4165.20073079257
v -2081.88418227731 -1514.0139312386 4165.13458998749
v -2920.83252475709 -2143.53631259232 3197.89700484244
v -2088.94464793915 -1539.134391552 4144.83258731021
v -1789.97671506525 -2851.16428458669 3546.89672156242
v -1771.16822663705 -2877.60540178063 3543.69959798044
v -2947.52732209268 -2141.50395195809 3180.6568585291
v -2947.82499422383 -2141.72022342077 3180.18598326931
v -2572.39183130271 -3297.18468825275 2429.31965742705
v -2571.91316398014 -3297.52546271101 2429.42854230401
v -1770.86299856872 -2878.54479718162 3543.08914184377
v -2925.78756931067 -2167.28887120646 3175.89675269538
v -2565.46041323729 -3276.26182745069 2455.24244054862
v -1796.38697834511 -2874.00624658254 3524.44736625041
v -2571.91316398014 -3297.52546271101 2429.42854230401
v -1770.86299856872 -2878.54479718162 3543.08914184377
v -1770.86093937305 -2878.54689447756 3543.08810417923
v -1286.90856445379 -3960.69730266926 2575.183354341
v -1287.11781079786 -3961.34129669762 2574.23562159571
v -1309.28900322683 -3938.66773394885 2585.52129788558
v -2545.00685226543 -3300.20879766773 2446.24565985911
v -1774.94247574165 -2897.43491544689 3516.82824291522
v -1770.86093937305 -2878.54689447756 3543.08810417923
v -259.310817978641 -3369.67930076185 3543.08810417923
v -1286.90856445379 -3960.69730266926 2575.183354341
v -1747.53188060278 -2897.70651048569 3530.97021104389
v -289.446162715713 -3371.4672790231 3530.97021104389
v -1280.69718156133 -3941.58063179806 2597.300812961
v -259.310817978641 -3369.67930076185 3543.08810417923
v -259.307919294726 -3369.67881437864 3543.08914184377
v 142.484621676126 -4179.48676668172 2429.428542304
v -1287.11781079786 -3961.34129669762 2574.23562159571
v -1286.90856445379 -3960.69730266926 2575.183354341
v 119.139733528454 -4165.84249704381 2446.24565985911
v -1255.85375353661 -3956.02989904633 2585.52129788558
v -267.110885864033 -3387.35909760031 3516.82824291522
v -676.290067676594 -2083.29460627405 4379.26584396419
v -258.507889262961 -3369.09593890295 3543.70148713692
v 794.364623235348 -2448.56381941602 4165.1345899875
v 765.532236315021 -2454.90793765521 4160.48099065865
v -653.104546158182 -2102.55850820013 4367.03829812564
v -250.099565436363 -3342.88030276735 3561.028336682
v 770.542084066038 -2427.58199796295 4174.37086686004
v 772.426947156521 -2441.86786513068 4211.68522455779
v -642.620274809376 -2090.4099814274 4417.71988242021
v -644.50513789986 -2076.12411425966 4380.40552472245
v -644.50513789986 -2076.12411425966 4380.40552472245
v -642.620274809376 -2090.4099814274 4417.71988242021
v 368.596974935865 -1199.00700780924 4707.91537476226
v 366.712111845382 -1184.72114064151 4670.6010170645
v 366.712111845382 -1184.72114064151 4670.6010170645
v 368.596974935865 -1199.00700780924 4707.91537476226
v 772.426947156521 -2441.86786513068 4211.68522455779
v 770.542084066038 -2427.58199796295 4174.37086686004
v 802.115153068723 -2468.65660151841 4199.92946725048
v 1786.33669816906 -1297.84958055649 4416.06717927899
v 378.483094511796 -1164.85118907812 4720.49261142013
v 406.557419787282 -1186.67291159925 4707.91537476226
v 810.387392007933 -2429.5337689207 4211.68522455779
v 1748.60288157869 -1313.4544798287 4417.71988242021
v 1786.33669816906 -1297.84958055649 4416.06717927899
v 2595.69916111301 2.17426077142591e-11 4199.92946725043
v 3150.97650486773 -1297.8495805565 3572.67339633815
v 1818.50550705864 -1278.18749443212 4400.48943703681
v 3122.65701994547 -1278.18749443213 3594.47947559317
v 2591.99260258438 -37.8656998649251 4193.93212956983
v 3150.97650486773 -1297.8495805565 3572.67339633815
v 4052.8741610358 -1164.85118907812 2449.59404434933
v 3397.81431418175 -2468.65660151841 2595.69916111303
v 3169.32980328519 -1313.4544798287 3539.66235607358
v 4029.06951863366 -1186.67291159925 2469.07977301748
v 3404.62952544937 -2429.5337689207 2608.35541104394
v 4052.8741610358 -1164.85118907812 2449.59404434933
v 4665.27267212313 -719.917626686009 1224.79702217466
v 4254.9932996875 -2099.96473362524 1364.63980669866
v 4065.90350704071 -1172.63211278708 2412.68421881731
v 4258.326934862 -2062.8880026756 1379.77553520307
v 4648.92509263703 -749.042136106242 1246.64104762468
v 4650.58324540354 -1511.04181830599 33.0105307866831
v 4688.3954338325 -1521.49143289689 40.8235942776866
v 4268.32336760595 -2068.89992054287 1341.67522743205
v 4230.51117917699 -2058.45030595197 1333.86216394105
v 4230.51117917699 -2058.45030595197 1333.86216394105
v 4268.32336760595 -2068.89992054287 1341.67522743205
v 4659.42480628785 -753.361179785412 1208.3691977091
v 4621.61261785889 -742.911565194508 1200.5561342181
v 4621.61261785889 -742.911565194508 1200.5561342181
v 4659.42480628785 -753.361179785412 1208.3691977091
v 4688.3954338325 -1521.49143289689 40.8235942776866
v 4650.58324540354 -1511.04181830599 33.0105307866831
v 4013.5139059226 -1184.72114064151 2416.75355809069
v 4046.04594566245 -1199.00700780924 2435.12691895992
v 4238.71730869625 -2090.4099814274 1400.88734525145
v 4206.1852689564 -2076.12411425966 1382.51398438223
v 4206.1852689564 -2076.12411425966 1382.51398438223
v 4238.71730869625 -2090.4099814274 1400.88734525145
v 3421.60595247815 -2441.86786513068 2574.40255698639
v 3389.0739127383 -2427.58199796295 2556.02919611716
v 3389.0739127383 -2427.58199796295 2556.02919611716
v 3421.60595247815 -2441.86786513068 2574.40255698639
v 4046.04594566245 -1199.00700780924 2435.12691895992
v 4013.5139059226 -1184.72114064151 2416.75355809069
v 4219.38056022521 -2083.29460627431 1353.57499819628
v 3370.15897216423 -2448.56381941615 2573.20613431923
v 3285.1912095046 -3369.09593890286 1353.57499819627
v 3378.89090180985 -2454.90793765524 2545.33651058882
v 3296.92849814138 -3342.88030276737 1368.84443434125
v 4198.07503030638 -2102.55850820017 1368.84443434125
v 2109.22588686476 -4179.48676668172 1213.91559334046
v 3285.00129553109 -3369.67881437859 1352.58558044201
v 3285.00166374659 -3369.67930076182 1352.58252372249
v 2878.46990529174 -3961.23149853507 -0.61099458835173
v 2874.19542427948 -3956.02989904633 33.0105307866807
v 2134.70772544536 -4165.84249704381 1200.5561342181
v 3265.00242620426 -3387.35909760031 1333.86216394105
v 2878.42840812628 -3961.71576838326 -3.84932396732612
v 3961.75829182257 -2878.38588468697 -3.84932396732622
v 2878.46990529174 -3961.23149853507 -0.61099458835173
v 3285.00166374659 -3369.67930076182 1352.58252372249
v 3961.48366555055 -2878.18635702104 -0.381479885438551
v 3287.64002650014 -3371.46727902311 1320.20936542066
v 3939.71578294356 -2897.70651048571 16.0578525338415
v 2895.84166163121 -3941.58063179806 16.0578525338415
v 4205.88095236866 -2107.1011754207 1337.49116880772
v 4237.66713126033 -2130.19518618829 1344.99486777112
v 3988.29966782653 -2897.66932310563 39.2898778550737
v 3956.51348893486 -2874.57531233805 31.7861788916705
v 3956.51348893486 -2874.57531233805 31.7861788916705
v 3988.29966782653 -2897.66932310563 39.2898778550737
v 3335.44717286851 -3371.99442520704 1344.99486777112
v 3303.66099397684 -3348.90041443946 1337.49116880772
v 3303.66099397684 -3348.90041443946 1337.49116880772
v 3335.44717286851 -3371.99442520704 1344.99486777112
v 4237.66713126033 -2130.19518618829 1344.99486777112
v 4205.88095236866 -2107.1011754207 1337.49116880772
v 1786.33669816906 -1297.84958055649 4416.06717927899
v 2208.03358963951 -2595.69916111303 3572.67339633817
v 3150.97650486773 -1297.8495805565 3572.67339633815
v 3117.75724699472 -1316.53302773576 3584.81463630229
v 2215.5372886029 -2558.33226675451 3584.81463630229
v 1812.05225707866 -1316.53302773575 4391.78469935072
v 2167.23054086945 -2557.4421389318 3561.02833668201
v 2180.58263239403 -2574.84164919688 3594.47947559318
v 836.982184093339 -2453.43031011454 4193.93212956983
v 823.630092568756 -2436.03079984946 4160.48099065866
v 823.630092568756 -2436.03079984946 4160.48099065866
v 836.982184093339 -2453.43031011454 4193.93212956983
v 1777.5776516722 -1334.51985462967 4400.48943703681
v 1764.22556014761 -1317.12034436459 4367.03829812564
v 1764.22556014761 -1317.12034436459 4367.03829812564
v 1777.5776516722 -1334.51985462967 4400.48943703681
v 2180.58263239403 -2574.84164919688 3594.47947559318
v 2167.23054086945 -2557.4421389318 3561.02833668201
v 1125.85525427045 -3465.02618131041 3180.65685852909
v -258.5088218375 -3369.09823609194 3543.69959798044
v -258.507889262961 -3369.09593890295 3543.70148713692
v 794.364623235348 -2448.56381941602 4165.1345899875
v 795.482554598426 -2448.24356239771 4165.20073079258
v 785.311223840951 -2473.03673630643 4144.83258731021
v 1103.06411795641 -3450.9795874154 3197.89700484244
v -227.750736319842 -3358.7622750478 3546.89672156242
v 818.284396017715 -2462.32310321893 4144.83258731021
v 829.133342697021 -2487.22787274519 4174.19332317962
v 2169.33409407288 -2608.33200609784 3576.25745743183
v 2158.48514739357 -2583.42723657158 3546.89672156242
v 2158.48514739357 -2583.42723657158 3546.89672156242
v 2169.33409407288 -2608.33200609784 3576.25745743183
v 1146.88623681249 -3465.17072385416 3227.25774071185
v 1136.03729013318 -3440.26595432789 3197.89700484244
v 1136.03729013318 -3440.26595432789 3197.89700484244
v 1146.88623681249 -3465.17072385416 3227.25774071185
v 829.133342697021 -2487.22787274519 4174.19332317962
v 818.284396017715 -2462.32310321893 4144.83258731021
v 2323.13929399954 -3452.31842601077 2455.24244054862
v 2338.20509408154 -3480.22513989316 2479.619417149
v 1172.16192288891 -3480.22513989316 3200.27372929577
v 1157.09612280691 -3452.31842601077 3175.89675269538
v 1157.09612280691 -3452.31842601077 3175.89675269538
v 1172.16192288891 -3480.22513989316 3200.27372929577
v 2193.2940639848 -2624.48902755903 3548.82434285079
v 2178.2282639028 -2596.58231367664 3524.44736625041
v 2178.2282639028 -2596.58231367664 3524.44736625041
v 2193.2940639848 -2624.48902755903 3548.82434285079
v 2338.20509408154 -3480.22513989316 2479.619417149
v 2323.13929399954 -3452.31842601077 2455.24244054862
v -259.307919294726 -3369.67881437864 3543.08914184377
v 142.484621676126 -4179.48676668172 2429.428542304
v 143.072173875652 -4179.4924279467 2429.31965742705
v 1125.96895490705 -3465.37611588782 3180.1859832693
v 1125.85525427045 -3465.02618131041 3180.65685852909
v -258.5088218375 -3369.09823609194 3543.69959798044
v 149.762687880843 -4158.49129267056 2455.24244054862
v 1093.11142955054 -3473.10831310718 3175.89675269538
v -235.990892782607 -3381.00966870653 3524.44736625041
v 1125.96895490705 -3465.37611588782 3180.1859832693
v 1336.72193199547 -4114.00708388357 2162.8615194761
v 2340.89619112755 -3465.37611588783 2429.31965742706
v 1347.88195658291 -4095.76018853345 2180.91881857386
v 1146.91810202268 -3477.25704178615 3150.99026623133
v 2305.41400454381 -3477.25704178615 2435.00042264579
v 3285.18993685163 -3369.09823609193 1353.57331921972
v 2341.36820323399 -3465.02618131041 2429.42854230401
v 2340.89619112755 -3465.37611588783 2429.31965742706
v 2108.86573593843 -4179.4924279467 1214.39242120653
v 2109.22588686476 -4179.48676668172 1213.91559334046
v 3285.00129553109 -3369.67881437859 1352.58558044201
v 2351.75411872768 -3473.10831310718 2398.01279109234
v 2129.05968920475 -4158.49129267056 1231.9696198997
v 3257.89989328896 -3381.00966870653 1365.10410747809
v 3285.18993685163 -3369.09823609193 1353.57331921972
v 3285.1912095046 -3369.09593890286 1353.57499819627
v 2341.36820323399 -3465.02618131041 2429.42854230401
v 3369.71817619415 -2448.24356239771 2574.23562159571
v 3370.15897216423 -2448.56381941615 2573.20613431923
v 2366.98076488999 -3450.9795874154 2416.75355809069
v 3356.0491122324 -2473.03673630644 2556.02919611716
v 3274.29409710124 -3358.7622750478 1382.51398438222
v 2352.23471400578 -3440.26595432789 2446.24565985911
v 2373.64395806331 -3465.17072385416 2469.07977301748
v 2228.54621189228 -2608.33200609784 3539.66235607358
v 2207.13696783475 -2583.42723657158 3516.82824291521
v 2207.13696783475 -2583.42723657158 3516.82824291521
v 2228.54621189228 -2608.33200609784 3539.66235607358
v 3362.71230540572 -2487.22787274519 2608.35541104394
v 3341.3030613482 -2462.32310321893 2585.52129788558
v 3341.3030613482 -2462.32310321893 2585.52129788558
v 3362.71230540572 -2487.22787274519 2608.35541104394
v 2373.64395806331 -3465.17072385416 2469.07977301748
v 2352.23471400578 -3440.26595432789 2446.24565985911
v 2215.86560979004 -2557.4421389318 3530.97021104389
v 2239.81398114395 -2574.84164919688 3557.87248886623
v 3140.96051330895 -1334.51985462969 3557.87248886623
v 3117.01214195504 -1317.12034436461 3530.97021104389
v 3117.01214195504 -1317.12034436461 3530.97021104389
v 3140.96051330895 -1334.51985462969 3557.87248886623
v 3376.85712197767 -2453.43031011457 2624.20309078334
v 3352.90875062376 -2436.03079984948 2597.300812961
v 3352.90875062376 -2436.03079984948 2597.300812961
v 3376.85712197767 -2453.43031011457 2624.20309078334
v 2239.81398114395 -2574.84164919688 3557.87248886623
v 2215.86560979004 -2557.4421389318 3530.97021104389
v 4612.55315599999 -707.243765991853 1248.85426044176
v 4648.75459509047 -713.171473397005 1264.80161422529
v 4069.5066438299 -1134.01974424778 2423.29751674642
v 4033.30520473942 -1128.09203684263 2407.35016296289
v 4033.30520473942 -1128.09203684263 2407.35016296289
v 4069.5066438299 -1134.01974424778 2423.29751674642
v 4361.8444164144 -32.2246670538223 2169.21591267449
v 4325.64297732392 -26.2969596486709 2153.26855889096
v 4325.64297732392 -26.2969596486709 2153.26855889096
v 4361.8444164144 -32.2246670538223 2169.21591267449
v 4648.75459509047 -713.171473397005 1264.80161422529
v 4612.55315599999 -707.243765991853 1248.85426044176
v 3674.39106652399 2.41584530158434e-12 3206.56023337293
v 4361.94252506839 0 2180.97126253419
v 4052.8741610358 -1164.85118907812 2449.59404434933
v 3694.57021198925 -19.9159395154143 3173.17038042772
v 4344.90290636653 -19.9159395154112 2203.09893277024
v 4052.56513378202 -1121.71101670937 2457.18053684217
v 4665.27267212313 719.917626686006 1224.79702217466
v 4361.94252506839 0 2180.97126253419
v 4052.87416103579 1164.85118907812 2449.59404434933
v 4648.75459509046 713.171473397004 1264.80161422529
v 4361.8444164144 32.2246670538217 2169.21591267449
v 4069.5066438299 1134.01974424778 2423.29751674642
v 3961.75829182257 -2878.38588468697 -3.84932396732622
v 4657.29889243281 -1513.31059492396 -3.8493239673261
v 3961.48366555055 -2878.18635702104 -0.381479885438551
v 4219.8767974621 -2082.93406881772 1352.58252372249
v 4656.85114776739 -1513.49970868653 -0.610994588333114
v 3973.32178904508 -2851.45181126832 16.0578525338415
v 4222.39256476667 -2084.89078523853 1320.20936542067
v 4643.53023083734 -1536.09368252861 16.0578525338415
v 4663.8439345344 -1472.96987937773 -5.056166960923
v 4695.66389473827 -1525.71368629019 0
v 4657.29889243281 -1513.31059492396 -3.8493239673261
v 3961.75829182257 -2878.38588468697 -3.84932396732622
v 3994.3702878086 -2902.07988669396 0
v 4897.13944449454 -2.36477504245158e-13 -5.05616696092301
v 4937.31320303683 -8.5265128291212e-13 0
v 4663.8439345344 -1472.96987937773 -5.056166960923
v 4695.66389473827 -1525.71368629019 0
v 4630.72617850517 -714.862909628408 1182.32901292554
v 4669.91681519917 -721.07009668715 1187.38517988646
v 4929.24119309445 -34.8040096112479 19.839576455051
v 4890.05055640045 -28.5968225525065 14.783409494128
v 4890.05055640045 -28.5968225525065 14.783409494128
v 4929.24119309445 -34.8040096112479 19.839576455051
v 4698.88744274382 -1489.20034979864 19.8395764550506
v 4659.69680604982 -1482.9931627399 14.7834094941276
v 4659.69680604982 -1482.9931627399 14.7834094941276
v 4698.88744274382 -1489.20034979864 19.8395764550506
v 4669.91681519917 -721.07009668715 1187.38517988646
v 4630.72617850517 -714.862909628408 1182.32901292554
v 4621.09755614088 680.946806343179 1231.76546015997
v 4659.2250241208 680.946806343179 1243.86075616462
v 4659.2250241208 -680.946806343177 1243.86075616462
v 4621.09755614088 -680.946806343177 1231.76546015997
v 4621.09755614088 -680.946806343177 1231.76546015997
v 4659.2250241208 -680.946806343177 1243.86075616462
v 4372.31484544474 0 2148.27505461382
v 4334.18737746482 1.2593843743705e-15 2136.17975860917
v 4334.18737746482 1.2593843743705e-15 2136.17975860917
v 4372.31484544474 0 2148.27505461382
v 4659.2250241208 680.946806343179 1243.86075616462
v 4621.09755614088 680.946806343179 1231.76546015997
v 4665.27267212313 -719.917626686009 1224.79702217466
v 4665.27267212313 719.917626686006 1224.79702217466
v 4937.31320303683 -8.5265128291212e-13 0
v 4669.60920644338 -685.382979563378 1205.27282001198
v 4928.59987805387 1.4210854715202e-13 39.2296488193459
v 4669.60920644338 685.38297956338 1205.27282001198
v 1525.71368629019 4695.66389473827 0
v 756.966189023601 4659.40475631246 1224.79702217466
v 1.13686837721616e-12 4937.31320303683 0
v 1490.11871790525 4698.74198752524 19.8395764550512
v 757.305244053984 4664.1777316634 1187.38517988646
v 35.7223777178638 4929.09573787587 19.8395764550512
v 2902.07988669396 3994.3702878086 0
v 2126.33088913454 4214.47119392035 1224.79702217466
v 1525.71368629019 4695.66389473827 0
v 1556.3198781732 4677.23192664071 19.839576455051
v 2868.34977120789 4008.71930564208 19.8395764550506
v 2128.86207237377 4218.53190363957 1187.38517988646
v 4695.66389473827 1525.71368629018 0
v 4665.27267212313 719.917626686006 1224.79702217466
v 4254.9932996875 2099.96473362524 1364.63980669866
v 4268.32336760595 2068.89992054287 1341.67522743205
v 4688.3954338325 1521.49143289689 40.8235942776842
v 4659.42480628785 753.361179785411 1208.3691977091
v 4659.69680604982 1482.99316273989 14.7834094941282
v 4698.88744274382 1489.20034979864 19.8395764550512
v 4929.24119309445 34.8040096112461 19.8395764550512
v 4890.05055640045 28.5968225525048 14.7834094941282
v 4890.05055640045 28.5968225525048 14.7834094941282
v 4929.24119309445 34.8040096112461 19.8395764550512
v 4669.91681519917 721.07009668715 1187.38517988646
v 4630.72617850517 714.862909628409 1182.32901292554
v 4630.72617850517 714.862909628409 1182.32901292554
v 4669.91681519917 721.07009668715 1187.38517988646
v 4698.88744274382 1489.20034979864 19.8395764550512
v 4659.69680604982 1482.99316273989 14.7834094941282
v 4663.8439345344 1472.96987937774 -5.056166960923
v 4695.66389473827 1525.71368629018 0
v 4897.13944449454 -2.36477504245158e-13 -5.05616696092301
v 4937.31320303683 -8.5265128291212e-13 0
v 3312.05038445927 3397.81431418175 1364.63980669866
v 4254.9932996875 2099.96473362524 1364.63980669866
v 3397.81431418176 2468.65660151841 2595.69916111303
v 4228.25173867314 2124.48317018383 1383.2900381379
v 3327.10520650814 3364.80496475103 1383.29003813791
v 3409.06761017661 2476.8325996389 2559.78211438548
v 3994.3702878086 2902.07988669396 0
v 3312.05038445927 3397.81431418175 1364.63980669866
v 2902.07988669396 3994.3702878086 0
v 2923.99466062772 3969.73363079456 19.9071765011676
v 3967.86878194006 2925.85950948221 19.9071765011676
v 3315.79302549665 3399.62027801962 1324.05868938799
v 4695.66389473827 1525.71368629018 0
v 4254.9932996875 2099.96473362524 1364.63980669866
v 3994.3702878086 2902.07988669396 0
v 4679.00507911876 1554.16902054494 19.9071765011677
v 4257.86741304809 2102.96612325487 1324.05868938799
v 4008.79663732651 2869.52714928466 19.9071765011677
v 2126.33088913454 4214.47119392035 1224.79702217466
v 1347.9143687329 4148.45386217123 2180.9712625342
v 756.966189023601 4659.40475631246 1224.79702217466
v 2087.39861049341 4220.76218465014 1243.86075616462
v 1351.1195920003 4158.31852505425 2148.27505461382
v 792.160815647298 4641.61045550092 1243.86075616462
v 756.966189023601 4659.40475631246 1224.79702217466
v 1347.9143687329 4148.45386217123 2180.9712625342
v 144.567677936265 4214.47119392035 2449.59404434933
v 758.277795551544 4641.61045550092 1264.80161422529
v 1317.23657190455 4158.31852505425 2169.21591267449
v 179.02984429098 4220.76218465014 2423.29751674642
v 1.13686837721616e-12 4937.31320303683 0
v 756.966189023601 4659.40475631246 1224.79702217466
v -682.319903349326 4695.66389473827 1364.63980669866
v -648.656292916875 4698.74198752524 1341.67522743205
v 1.76952366030775 4929.09573787587 40.8235942776842
v 723.352389996424 4664.1777316634 1208.3691977091
v -1484.06786907315 4660.00064713198 16.0578525338415
v -1490.296206086 4699.32481938073 19.9071765011677
v -32.2104881989316 4930.26290975347 19.9071765011677
v -25.9821511860883 4890.93873750473 16.0578525338415
v -25.9821511860883 4890.93873750473 16.0578525338415
v -32.2104881989316 4930.26290975347 19.9071765011677
v -684.286244642342 4699.32481938073 1324.05868938799
v -678.057907629499 4660.00064713198 1320.20936542066
v -678.057907629499 4660.00064713198 1320.20936542066
v -684.286244642342 4699.32481938073 1324.05868938799
v -1490.296206086 4699.32481938073 19.9071765011677
v -1484.06786907315 4660.00064713198 16.0578525338415
v -2878.33230202752 3961.78559355122 -3.84932396732615
v -2907.33902998159 3932.99634833202 -5.056166960923
v -1513.2570122645 4657.32619416146 -3.8493239673261
v -1525.71368629018 4695.66389473827 0
v -2902.07988669396 3994.3702878086 1.13686837721616e-12
v -2190.51928561497 4168.57215563294 1320.20936542067
v -2208.59462363131 4204.04700391436 1324.05868938799
v -2871.87699592761 4007.59933065951 19.9071765011676
v -2853.80165791128 3972.12448237809 16.0578525338415
v -2853.80165791128 3972.12448237809 16.0578525338415
v -2871.87699592761 4007.59933065951 19.9071765011676
v -1556.5188671879 4677.80777245176 19.9071765011676
v -1538.44352917156 4642.33292417034 16.0578525338415
v -1538.44352917156 4642.33292417034 16.0578525338415
v -1556.5188671879 4677.80777245176 19.9071765011676
v -2208.59462363131 4204.04700391436 1324.05868938799
v -2190.51928561497 4168.57215563294 1320.20936542067
v -2874.2327828894 3956.00275642744 33.0105307866831
v -2898.68135657426 3986.68211893159 40.8235942776866
v -2237.07728011675 4182.63272287428 1341.67522743205
v -2212.62870643189 4151.95336037013 1333.86216394105
v -2212.62870643189 4151.95336037013 1333.86216394105
v -2237.07728011675 4182.63272287428 1341.67522743205
v -3326.73926117155 3348.22318265047 1208.3691977091
v -3302.29068748668 3317.54382014632 1200.5561342181
v -3302.29068748668 3317.54382014632 1200.5561342181
v -3326.73926117155 3348.22318265047 1208.3691977091
v -2898.68135657426 3986.68211893159 40.8235942776866
v -2874.2327828894 3956.00275642744 33.0105307866831
v -2208.03358963951 4199.92946725048 1364.63980669866
v -682.319903349326 4695.66389473827 1364.63980669866
v -1525.71368629018 4695.66389473827 0
v -716.424852741361 4688.52745294281 1344.99486777112
v -1523.39491578982 4688.52745294281 39.2898778550737
v -2176.24741074784 4214.2023508414 1344.99486777112
v -1290.62148021358 3972.12448237809 2545.33651058882
v -1302.14795714109 4007.59933065951 2559.78211438548
v -2171.98763690437 4204.04700391436 1383.29003813791
v -2160.46115997686 4168.57215563294 1368.84443434125
v -2160.46115997686 4168.57215563294 1368.84443434125
v -2171.98763690437 4204.04700391436 1383.29003813791
v -713.901919017299 4677.80777245176 1383.2900381379
v -702.375442089792 4642.33292417034 1368.84443434125
v -702.375442089792 4642.33292417034 1368.84443434125
v -713.901919017299 4677.80777245176 1383.2900381379
v -1302.14795714109 4007.59933065951 2559.78211438548
v -1290.62148021358 3972.12448237809 2545.33651058882
v -682.319903349326 4695.66389473827 1364.63980669866
v 144.567677936265 4214.47119392035 2449.59404434933
v -1297.84958055652 3994.3702878086 2595.69916111303
v -678.262351826574 4677.23192664071 1400.88734525145
v 109.973529371016 4218.53190363957 2435.12691895992
v -1265.01995769404 4008.71930564209 2574.40255698639
v -1786.33669816909 2902.07988669396 3572.67339633817
v -1297.84958055652 3994.3702878086 2595.69916111303
v -260.623011878893 3397.81431418173 3572.67339633815
v -1289.84464544332 3969.73363079456 2624.20309078334
v -298.593626597703 3399.6202780196 3557.87248886623
v -1756.67934448477 2925.8595094822 3557.87248886623
v -2550.63934250336 3317.54382014632 2416.75355809069
v -2568.56129347717 3348.22318265047 2435.12691895992
v -2200.4821787585 4182.63272287428 1400.88734525145
v -2182.56022778469 4151.95336037013 1382.51398438223
v -2182.56022778469 4151.95336037013 1382.51398438223
v -2200.4821787585 4182.63272287428 1400.88734525145
v -1332.84344443858 3986.68211893159 2574.40255698639
v -1314.92149346476 3956.00275642744 2556.02919611716
v -1314.92149346476 3956.00275642744 2556.02919611716
v -1332.84344443858 3986.68211893159 2574.40255698639
v -2568.56129347717 3348.22318265047 2435.12691895992
v -2550.63934250336 3317.54382014632 2416.75355809069
v -1786.33669816909 2902.07988669396 3572.67339633817
v -2594.1617222856 3324.60406913613 2449.59404434933
v -1297.84958055652 3994.3702878086 2595.69916111303
v -1792.01249883594 2925.49231354136 3539.66235607358
v -2562.07687535971 3328.2661957622 2469.07977301748
v -1326.35902632112 3966.72513204332 2608.35541104394
v -2972.6448167974 2159.75288005801 3206.56023337293
v -2594.1617222856 3324.60406913613 2449.59404434933
v -1786.33669816909 2902.07988669396 3572.67339633817
v -2947.67284313771 2190.24094739447 3200.27372929576
v -1818.27225217215 2896.95832277054 3548.82434285079
v -2587.34568706433 3299.21390363869 2479.619417149
v -2576.39030370132 3309.90057139496 2398.01279109234
v -2600.12917242382 3338.55742607733 2412.68421881731
v -3320.78348457058 3338.55742607733 1246.64104762468
v -3297.04461584808 3309.90057139496 1231.9696198997
v -3297.04461584808 3309.90057139496 1231.9696198997
v -3320.78348457058 3338.55742607733 1246.64104762468
v -2232.52371280415 4171.89322340845 1379.77553520307
v -2208.78484408164 4143.23636872608 1365.10410747809
v -2208.78484408164 4143.23636872608 1365.10410747809
v -2232.52371280415 4171.89322340845 1379.77553520307
v -2600.12917242382 3338.55742607733 2412.68421881731
v -2576.39030370132 3309.90057139496 2398.01279109234
v -3323.25815714496 3297.18468825276 1214.39242120653
v -3323.14148020522 3297.52546271101 1213.91559334046
v -3961.50802078423 2878.20405213409 -1.5973556230945
v -4163.04027105623 2141.50395195808 1213.91559334046
v -4162.75223044435 2141.72022342077 1214.39242120652
v -4149.06038995959 2167.28887120646 1196.59975137147
v -3343.34437484034 3276.26182745069 1196.59975137147
v -3955.73023711743 2874.00624658254 30.5565801788426
v -3499.58345147157 2542.59620779788 2162.8615194761
v -3323.25815714496 3297.18468825276 1214.39242120653
v -2572.3918313027 3297.18468825276 2429.31965742705
v -3484.06171519208 2563.82383600967 2153.26855889096
v -3315.92643523599 3283.36294636504 1248.85426044176
v -2599.93659165044 3283.36294636504 2407.35016296289
v -2594.65586194989 3267.11053150138 2435.00042264579
v -2619.26887108528 3289.52129488723 2457.18053684217
v -2977.26379287805 2187.72621769327 3173.17038042772
v -2952.65078374266 2165.31545430742 3150.99026623133
v -2952.65078374266 2165.31545430742 3150.99026623133
v -2977.26379287805 2187.72621769327 3173.17038042772
v -3503.39399462691 2569.98218453186 2203.09893277024
v -3478.78098549153 2547.57142114601 2180.91881857386
v -3478.78098549153 2547.57142114601 2180.91881857386
v -3503.39399462691 2569.98218453186 2203.09893277024
v -2619.26887108528 3289.52129488723 2457.18053684217
v -2594.65586194989 3267.11053150138 2435.00042264579
v -3908.68102617254 1427.4772606024 2455.24244054862
v -3937.27266933275 1441.19881128823 2479.619417149
v -2993.92392766305 2126.58179085161 3200.27372929577
v -2965.33228450284 2112.86024016578 3175.89675269538
v -2965.33228450284 2112.86024016578 3175.89675269538
v -2993.92392766305 2126.58179085161 3200.27372929577
v -3317.04811662801 834.070320094944 3548.82434285079
v -3288.4564734678 820.348769409119 3524.44736625041
v -3288.4564734678 820.348769409119 3524.44736625041
v -3317.04811662801 834.070320094944 3548.82434285079
v -3937.27266933275 1441.19881128823 2479.619417149
v -3908.68102617254 1427.4772606024 2455.24244054862
v -2947.82499422383 2141.72022342077 3180.18598326931
v -3499.58345147157 2542.59620779788 2162.8615194761
v -3930.72177525521 1427.6039113619 2429.31965742706
v -3497.88684503353 2521.27446149734 2180.91881857386
v -2971.75664328466 2139.01849465875 3150.99026623133
v -3908.999516338 1458.07168831557 2435.00042264579
v -4638.08074536196 794.671532856004 1353.57331921972
v -3930.897954687 1427.04336658678 2429.42854230402
v -3930.72177525521 1427.6039113619 2429.31965742706
v -4162.75223044435 2141.72022342077 1214.39242120652
v -4163.04027105623 2141.50395195808 1213.91559334046
v -4638.2693866825 795.25211114266 1352.585580442
v -3944.05089470077 1427.4772606024 2398.01279109234
v -4166.7453242237 2112.86024016578 1231.9696198997
v -4623.00400076705 820.348769409119 1365.10410747809
v -3930.897954687 1427.04336658678 2429.42854230402
v -3284.8855480746 794.671532856043 3543.08914184377
v -3284.88690639512 794.668926344491 3543.08810417923
v -4164.52359539912 -2.52242671194836e-12 2575.18335434101
v -4165.20073079258 -1.70530256582424e-12 2574.23562159571
v -4150.48816643885 28.092573246007 2585.52129788558
v -3925.13545030719 1400.62474739781 2446.24565985911
v -3304.11174591898 792.713978634721 3516.82824291521
v -2109.32318906129 1511.0857359859 4144.83258731021
v -2132.7388275352 1524.85726691264 4174.19332317962
v -3288.16723484869 835.082332113964 3576.25745743183
v -3264.75159637479 821.310801187227 3546.89672156242
v -3264.75159637479 821.310801187227 3546.89672156242
v -3288.16723484869 835.082332113964 3576.25745743183
v -2964.62670435314 2129.25918795296 3227.25774071185
v -2941.21106587923 2115.48765702622 3197.89700484244
v -2941.21106587923 2115.48765702622 3197.89700484244
v -2964.62670435314 2129.25918795296 3227.25774071185
v -2132.7388275352 1524.85726691264 4174.19332317962
v -2109.32318906129 1511.0857359859 4144.83258731021
v -2099.9647336252 1525.71368629018 4199.92946725044
v -2972.6448167974 2159.75288005801 3206.56023337293
v -1786.33669816909 2902.07988669396 3572.67339633817
v -1810.31004951506 2869.17824304559 3576.25745743183
v -2109.27798238896 1557.1483500109 4174.19332317962
v -2941.1658592069 2161.55027105122 3227.25774071185
v -2099.9647336252 1525.71368629018 4199.92946725044
v -682.319903349333 2099.96473362524 4416.06717927903
v -1786.33669816909 2902.07988669396 3572.67339633817
v -719.902100683 2102.96612325483 4400.48943703681
v -1774.98283784824 2869.52714928464 3594.47947559317
v -2074.70916483658 1554.16902054491 4193.93212956983
v -2083.2504077102 1512.13348325348 4165.13458998749
v -3284.08397767943 795.252288203385 3543.70148713694
v -2190.31603469854 0.583361858830571 4379.26584396419
v -2098.19372024848 1486.67269414281 4160.48099065866
v -3256.55311114722 795.148002285541 3561.02833668201
v -2201.47237398197 28.586976255744 4367.03829812564
v -1013.41648619639 714.862909628409 4670.6010170645
v -1026.42069853016 721.070096687151 4707.91537476226
v -2186.67862041096 34.8040096112466 4417.7198824202
v -2173.67440807719 28.5968225525053 4380.40552472245
v -2173.67440807719 28.5968225525053 4380.40552472245
v -2186.67862041096 34.8040096112466 4417.7198824202
v -2083.66129147975 1489.20034979864 4211.68522455779
v -2070.65707914598 1482.99316273989 4174.37086686003
v -2070.65707914598 1482.99316273989 4174.37086686003
v -2083.66129147975 1489.20034979864 4211.68522455779
v -1026.42069853016 721.070096687151 4707.91537476226
v -1013.41648619639 714.862909628409 4670.6010170645
v -2099.9647336252 1525.71368629018 4199.92946725044
v -682.319903349333 2099.96473362524 4416.06717927903
v -990.881605599141 719.917626686006 4720.49261142013
v -2060.20044633351 1521.49143289689 4211.68522455779
v -1002.95985338392 753.361179785412 4707.91537476226
v -708.821435077329 2068.89992054287 4417.7198824202
v -682.319903349333 2099.96473362524 4416.06717927903
v 802.115153068719 2468.65660151841 4199.92946725048
v -260.623011878893 3397.81431418173 3572.67339633815
v -250.674458859273 3364.80496475101 3594.47947559318
v -653.679439581099 2124.48317018379 4400.48943703681
v 764.957342892105 2476.83259963887 4193.93212956983
v -682.319903349333 2099.96473362524 4416.06717927903
v 802.115153068719 2468.65660151841 4199.92946725048
v 378.483094511797 1164.85118907812 4720.49261142013
v 368.596974935865 1199.00700780924 4707.91537476226
v 772.426947156519 2441.86786513068 4211.68522455779
v -642.620274809378 2090.4099814274 4417.71988242021
v -682.319903349333 2099.96473362524 4416.06717927903
v -990.881605599141 719.917626686006 4720.49261142013
v 378.483094511797 1164.85118907812 4720.49261142013
v 339.643042267028 1172.63211278708 4715.63983698243
v -964.032855476052 749.042136106242 4715.63983698243
v -670.272943191866 2062.8880026756 4425.81777678895
v -2159.34325877232 6.50515586516941e-13 4387.01310798444
v -2169.04880764773 6.53018115395189e-13 4425.81777678895
v -1010.28394000139 685.38297956338 4715.63983698243
v -1000.57839112599 685.38297956338 4676.83516817793
v -1000.57839112599 685.38297956338 4676.83516817793
v -1010.28394000139 685.38297956338 4715.63983698243
v -1010.28394000139 -685.382979563378 4715.63983698243
v -1000.57839112599 -685.382979563378 4676.83516817793
v -1000.57839112599 -685.382979563378 4676.83516817793
v -1010.28394000139 -685.382979563378 4715.63983698243
v -2169.04880764773 6.53018115395189e-13 4425.81777678895
v -2159.34325877232 6.50515586516941e-13 4387.01310798444
v -2083.25040771019 -1512.13348325349 4165.13458998749
v -2190.31603469854 -0.583361858838884 4379.26584396418
v -2082.60036539629 -1513.09773429991 4165.20073079257
v -983.370632594318 -714.460585371306 4681.1390508449
v -2190.31492008115 -0.580578286729659 4379.2666954561
v -2173.67440807719 -28.596822552506 4380.40552472245
v -2070.65707914598 -1482.9931627399 4174.37086686003
v -1013.41648619639 -714.862909628408 4670.6010170645
v -3284.88690639512 794.668926344491 3543.08810417923
v -3284.8855480746 794.671532856043 3543.08914184377
v -3284.88690639512 -794.668926344483 3543.08810417923
v -3284.88554807461 -794.671532856039 3543.08914184377
v -3284.08645061738 -795.252111142732 3543.69959798044
v -3284.08397767944 -795.252288203387 3543.70148713693
v -2190.31603469854 -0.583361858838884 4379.26584396418
v -2190.31492008115 -0.580578286729659 4379.2666954561
v -2190.31492008115 0.580578286729041 4379.2666954561
v -2190.31603469854 0.583361858830571 4379.26584396419
v -3284.08397767943 795.252288203385 3543.70148713694
v -3284.08645061739 795.252111142729 3543.69959798044
v -3271.87481508515 767.474136917346 3553.02845741062
v -2215.53728860288 -3.41282557769773e-12 4359.99852045905
v -3271.87481508515 -767.474136917346 3553.02845741061
v -8.74119792315826e-14 2.82243347876359e-12 4836.30538346705
v -982.896781031387 714.116312058876 4681.25756724113
v -982.896781031393 -714.11631205888 4681.25756724113
v -964.89313273624 -680.946806343177 4684.09756672646
v -27.6502596828987 3.15237249809064e-13 4831.94367177499
v -964.89313273624 680.946806343179 4684.09756672646
v -8.54440014089833 26.2969596486707 4831.94367177499
v -10.4704290303377 32.2246670538221 4871.45509667508
v -947.713302083674 713.171473397005 4723.60899162656
v -945.787273194235 707.243765991853 4684.09756672646
v -945.787273194235 707.243765991853 4684.09756672646
v -947.713302083674 713.171473397005 4723.60899162656
v 347.524492762433 1134.01974424778 4723.60899162656
v 349.450521651872 1128.09203684263 4684.09756672646
v 349.450521651872 1128.09203684263 4684.09756672646
v 347.524492762433 1134.01974424778 4723.60899162656
v -10.4704290303377 32.2246670538221 4871.45509667508
v -8.54440014089833 26.2969596486707 4831.94367177499
v 378.483094511797 1164.85118907812 4720.49261142013
v 1224.79702217467 2.5921742650185e-12 4720.49261142014
v -3.69482222595252e-12 3.13985415574837e-13 4876.8
v 27.4119390782059 19.9159395154115 4871.45509667508
v 1185.90784159934 19.9159395154138 4723.60899162656
v 385.406860870981 1121.71101670937 4723.60899162656
v 1786.33669816906 -1297.84958055649 4416.06717927899
v 1224.79702217467 2.5921742650185e-12 4720.49261142014
v 378.483094511796 -1164.85118907812 4720.49261142013
v 414.478869045572 -1148.31647868286 4715.63983698243
v 1220.19488416483 -39.3435224386397 4715.63983698243
v 1754.79734701572 -1274.9349006379 4425.81777678895
v 22.369529982339 -16.2524148636629 4831.94367177499
v 27.4119390782053 -19.9159395154109 4871.45509667508
v 1185.90784159934 -19.9159395154141 4723.60899162656
v 1180.86543250347 -16.2524148636662 4684.09756672646
v 1180.86543250347 -16.2524148636662 4684.09756672646
v 1185.90784159934 -19.9159395154141 4723.60899162656
v 385.40686087098 -1121.71101670937 4723.60899162656
v 380.364451775114 -1118.04749205762 4684.09756672646
v 380.364451775114 -1118.04749205762 4684.09756672646
v 385.40686087098 -1121.71101670937 4723.60899162656
v 27.4119390782053 -19.9159395154109 4871.45509667508
v 22.369529982339 -16.2524148636629 4831.94367177499
v -667.273763649629 -2053.65747717342 4387.01310798445
v -670.272943191866 -2062.8880026756 4425.81777678895
v -964.032855476053 -749.042136106241 4715.63983698243
v -961.033675933816 -739.811610604064 4676.83516817793
v -961.033675933816 -739.811610604064 4676.83516817793
v -964.032855476053 -749.042136106241 4715.63983698243
v 339.643042267027 -1172.63211278708 4715.63983698243
v 342.642221809265 -1163.40158728491 4676.83516817793
v 342.642221809265 -1163.40158728491 4676.83516817793
v 339.643042267027 -1172.63211278708 4715.63983698243
v -670.272943191866 -2062.8880026756 4425.81777678895
v -667.273763649629 -2053.65747717342 4387.01310798445
v -982.896781031393 -714.11631205888 4681.25756724113
v -8.74119792315826e-14 2.82243347876359e-12 4836.30538346705
v 375.433162921128 -1155.464464832 4681.25756724113
v 349.450521651871 -1128.09203684263 4684.09756672646
v -8.54440014089833 -26.2969596486706 4831.94367177499
v -945.787273194236 -707.243765991853 4684.09756672646
v -983.370632594318 -714.460585371306 4681.1390508449
v -2082.60036539629 -1513.09773429991 4165.20073079257
v -2081.88418227731 -1514.0139312386 4165.13458998749
v -677.399687870985 -2082.93406881755 4379.26584396419
v -677.396696100898 -2082.93386892451 4379.2666954561
v -698.899526767653 -2058.45030595197 4380.40552472245
v -993.037945074243 -742.911565194508 4670.6010170645
v -2050.27853802384 -1511.04181830599 4174.37086686004
v -677.396696100898 -2082.93386892451 4379.2666954561
v -677.399687870985 -2082.93406881755 4379.26584396419
v -1771.16763085189 -2877.60299516212 3543.70148713693
v -1771.16822663705 -2877.60540178063 3543.69959798044
v -1770.86299856872 -2878.54479718162 3543.08914184377
v -1770.86093937305 -2878.54689447756 3543.08810417923
v -259.310817978641 -3369.67930076185 3543.08810417923
v -259.307919294726 -3369.67881437864 3543.08914184377
v -258.5088218375 -3369.09823609194 3543.69959798044
v -258.507889262961 -3369.09593890295 3543.70148713692
v -676.290067676594 -2083.29460627405 4379.26584396419
v -676.292370575257 -2083.29268603884 4379.2666954561
v -1740.97620033194 -2874.57531233802 3553.02845741062
v -684.638673849679 -2107.10117542067 4359.99852045905
v -281.15364232546 -3348.90041443944 3553.02845741061
v 794.364623235348 -2448.56381941602 4165.1345899875
v -676.290067676594 -2083.29460627405 4379.26584396419
v 795.482554598426 -2448.24356239771 4165.20073079258
v 375.614158112527 -1156.02151075291 4681.1390508449
v -676.292370575257 -2083.29268603884 4379.2666954561
v -644.50513789986 -2076.12411425966 4380.40552472245
v 770.542084066038 -2427.58199796295 4174.37086686004
v 366.712111845382 -1184.72114064151 4670.6010170645
v 399.68528402215 -1174.007507554 4670.6010170645
v 406.557419787282 -1186.67291159925 4707.91537476226
v 1748.60288157869 -1313.4544798287 4417.71988242021
v 1741.73074581355 -1300.78907578344 4380.40552472245
v 1741.73074581355 -1300.78907578344 4380.40552472245
v 1748.60288157869 -1313.4544798287 4417.71988242021
v 810.387392007933 -2429.5337689207 4211.68522455779
v 803.5152562428 -2416.86836487544 4174.37086686004
v 803.5152562428 -2416.86836487544 4174.37086686004
v 810.387392007933 -2429.5337689207 4211.68522455779
v 406.557419787282 -1186.67291159925 4707.91537476226
v 399.68528402215 -1174.007507554 4670.6010170645
v 1786.33669816906 -1297.84958055649 4416.06717927899
v 2595.69916111301 2.17426077142591e-11 4199.92946725043
v 1224.79702217467 2.5921742650185e-12 4720.49261142014
v 2561.0473986488 -19.956986888269 4211.6852245578
v 1254.22615719091 -19.9569868882728 4707.91537476226
v 1789.51744871896 -1257.14040933292 4417.71988242021
v 1797.83156624914 -1270.86564514721 4367.03829812564
v 1818.50550705864 -1278.18749443212 4400.48943703681
v 2591.99260258438 -37.8656998649251 4193.93212956983
v 2571.31866177489 -30.5438505800123 4160.48099065865
v 2571.31866177489 -30.5438505800123 4160.48099065865
v 2591.99260258438 -37.8656998649251 4193.93212956983
v 3122.65701994547 -1278.18749443213 3594.47947559317
v 3101.98307913598 -1270.86564514722 3561.028336682
v 3101.98307913598 -1270.86564514722 3561.028336682
v 3122.65701994547 -1278.18749443213 3594.47947559317
v 1818.50550705864 -1278.18749443212 4400.48943703681
v 1797.83156624914 -1270.86564514721 4367.03829812564
v 2595.69916111301 2.17426077142591e-11 4199.92946725043
v 3674.39106652399 2.41584530158434e-12 3206.56023337293
v 3150.97650486773 -1297.8495805565 3572.67339633815
v 3151.03225260606 -1257.14040933292 3576.25745743183
v 2621.71056938153 -19.956986888269 4174.19332317962
v 3649.98053478648 -19.956986888273 3227.25774071185
v 3674.39106652399 2.41584530158434e-12 3206.56023337293
v 4052.8741610358 -1164.85118907812 2449.59404434933
v 3150.97650486773 -1297.8495805565 3572.67339633815
v 3672.10875180149 -39.3435224386399 3200.27372929576
v 3173.80253103814 -1274.9349006379 3548.82434285079
v 4032.43590787487 -1148.31647868286 2479.619417149
v 3374.32786185409 -2416.86836487544 2585.52129788558
v 3404.62952544937 -2429.5337689207 2608.35541104394
v 3169.32980328519 -1313.4544798287 3539.66235607358
v 3139.02813968991 -1300.78907578344 3516.82824291522
v 3139.02813968991 -1300.78907578344 3516.82824291522
v 3169.32980328519 -1313.4544798287 3539.66235607358
v 4029.06951863366 -1186.67291159925 2469.07977301748
v 3998.76785503838 -1174.007507554 2446.24565985911
v 3998.76785503838 -1174.007507554 2446.24565985911
v 4029.06951863366 -1186.67291159925 2469.07977301748
v 3404.62952544937 -2429.5337689207 2608.35541104394
v 3374.32786185409 -2416.86836487544 2585.52129788558
v 4029.85428225759 -1163.40158728491 2398.01279109234
v 4065.90350704071 -1172.63211278708 2412.68421881731
v 4648.92509263703 -749.042136106242 1246.64104762468
v 4612.87586785391 -739.811610604064 1231.9696198997
v 4612.87586785391 -739.811610604064 1231.9696198997
v 4648.92509263703 -749.042136106242 1246.64104762468
v 4258.326934862 -2062.8880026756 1379.77553520307
v 4222.27771007888 -2053.65747717342 1365.10410747809
v 4222.27771007888 -2053.65747717342 1365.10410747809
v 4258.326934862 -2062.8880026756 1379.77553520307
v 4065.90350704071 -1172.63211278708 2412.68421881731
v 4029.85428225759 -1163.40158728491 2398.01279109234
v 4219.87622109931 -2082.93386892466 1352.58558044201
v 4219.8767974621 -2082.93406881772 1352.58252372249
v 4626.71476823879 -714.460585371306 1213.91559334046
v 4656.85114776739 -1513.49970868653 -0.610994588333114
v 4621.61261785889 -742.911565194508 1200.5561342181
v 4650.58324540354 -1511.04181830599 33.0105307866831
v 4230.51117917699 -2058.45030595197 1333.86216394105
v 4219.38235171046 -2083.29268603894 1353.57331921972
v 4018.95829375702 -1156.02151075292 2429.428542304
v 4219.38056022521 -2083.29460627431 1353.57499819628
v 3370.15897216423 -2448.56381941615 2573.20613431923
v 3369.71817619415 -2448.24356239771 2574.23562159571
v 3389.0739127383 -2427.58199796295 2556.02919611716
v 4013.5139059226 -1184.72114064151 2416.75355809069
v 4206.1852689564 -2076.12411425966 1382.51398438223
v 4219.87622109931 -2082.93386892466 1352.58558044201
v 4219.38235171046 -2083.29268603894 1353.57331921972
v 4219.8767974621 -2082.93406881772 1352.58252372249
v 3961.48366555055 -2878.18635702104 -0.381479885438551
v 3285.00166374659 -3369.67930076182 1352.58252372249
v 3285.00129553109 -3369.67881437859 1352.58558044201
v 3285.18993685163 -3369.09823609193 1353.57331921972
v 3285.1912095046 -3369.09593890286 1353.57499819627
v 4219.38056022521 -2083.29460627431 1353.57499819628
v 4205.88095236866 -2107.1011754207 1337.49116880772
v 3303.66099397684 -3348.90041443946 1337.49116880772
v 3956.51348893486 -2874.57531233805 31.7861788916705
v 2195.89234967536 -2544.05938316359 3553.02845741062
v 2215.5372886029 -2558.33226675451 3584.81463630229
v 1812.05225707866 -1316.53302773575 4391.78469935072
v 1792.40731815112 -1302.26014414482 4359.99852045905
v 1792.40731815112 -1302.26014414482 4359.99852045905
v 1812.05225707866 -1316.53302773575 4391.78469935072
v 3117.75724699472 -1316.53302773576 3584.81463630229
v 3098.11230806718 -1302.26014414484 3553.02845741061
v 3098.11230806718 -1302.26014414484 3553.02845741061
v 3117.75724699472 -1316.53302773576 3584.81463630229
v 2215.5372886029 -2558.33226675451 3584.81463630229
v 2195.89234967536 -2544.05938316359 3553.02845741062
v 2189.44218203934 -2573.70874534208 3543.70148713693
v 796.575222422034 -2447.84555219979 4165.1345899875
v 1771.66000362569 -1287.90741271317 4379.2658439642
v 823.630092568756 -2436.03079984946 4160.48099065866
v 2167.23054086945 -2557.4421389318 3561.02833668201
v 1764.22556014761 -1317.12034436459 4367.03829812564
v 2189.44218203934 -2573.70874534208 3543.70148713693
v 2189.44428676181 -2573.71005565346 3543.69959798044
v 1125.85525427045 -3465.02618131041 3180.65685852909
v 795.482554598426 -2448.24356239771 4165.20073079258
v 796.575222422034 -2447.84555219979 4165.1345899875
v 1136.03729013318 -3440.26595432789 3197.89700484244
v 818.284396017715 -2462.32310321893 4144.83258731021
v 2158.48514739357 -2583.42723657158 3546.89672156242
v 2189.44428676181 -2573.71005565346 3543.69959798044
v 1125.85525427045 -3465.02618131041 3180.65685852909
v 1125.96895490705 -3465.37611588782 3180.1859832693
v 2340.89619112755 -3465.37611588783 2429.31965742706
v 2341.36820323399 -3465.02618131041 2429.42854230401
v 2190.43202553958 -2573.71005565346 3543.08914184377
v 1157.09612280691 -3452.31842601077 3175.89675269538
v 2323.13929399954 -3452.31842601077 2455.24244054862
v 2178.2282639028 -2596.58231367664 3524.44736625041
v 2341.36820323399 -3465.02618131041 2429.42854230401
v 2190.43202553958 -2573.71005565346 3543.08914184377
v 2190.43465651301 -2573.70874534209 3543.08810417923
v 3369.17036215335 -2447.84555219963 2575.183354341
v 3369.71817619415 -2448.24356239771 2574.23562159571
v 3341.3030613482 -2462.32310321893 2585.52129788558
v 2352.23471400578 -3440.26595432789 2446.24565985911
v 2207.13696783475 -2583.42723657158 3516.82824291521
v 2190.43465651301 -2573.70874534209 3543.08810417923
v 3124.62400723378 -1287.90741271332 3543.08810417923
v 3369.17036215335 -2447.84555219963 2575.183354341
v 2215.86560979004 -2557.4421389318 3530.97021104389
v 3117.01214195504 -1317.12034436461 3530.97021104389
v 3352.90875062376 -2436.03079984948 2597.300812961
v 4325.7230389522 -3.84878391684163e-13 2162.8615194761
v 4626.60885966496 -714.116312058873 1214.39242120654
v 4019.14524155471 -1155.46446483198 2429.31965742705
v 4325.64297732392 -26.2969596486709 2153.26855889096
v 4612.55315599999 -707.243765991853 1248.85426044176
v 4033.30520473942 -1128.09203684263 2407.35016296289
v 4019.48007489797 -1118.04749205762 2435.00042264579
v 4052.56513378202 -1121.71101670937 2457.18053684217
v 3694.57021198925 -19.9159395154143 3173.17038042772
v 3661.4851531052 -16.2524148636663 3150.99026623133
v 3661.4851531052 -16.2524148636663 3150.99026623133
v 3694.57021198925 -19.9159395154143 3173.17038042772
v 4344.90290636653 -19.9159395154112 2203.09893277024
v 4311.81784748247 -16.2524148636632 2180.91881857386
v 4311.81784748247 -16.2524148636632 2180.91881857386
v 4344.90290636653 -19.9159395154112 2203.09893277024
v 4052.56513378202 -1121.71101670937 2457.18053684217
v 4019.48007489797 -1118.04749205762 2435.00042264579
v 4052.87416103579 1164.85118907812 2449.59404434933
v 4361.94252506839 0 2180.97126253419
v 3674.39106652399 2.41584530158434e-12 3206.56023337293
v 4052.56513378202 1121.71101670937 2457.18053684217
v 4344.90290636653 19.9159395154112 2203.09893277024
v 3694.57021198925 19.9159395154136 3173.17038042772
v 4665.27267212313 719.917626686006 1224.79702217466
v 4052.87416103579 1164.85118907812 2449.59404434933
v 4254.9932996875 2099.96473362524 1364.63980669866
v 4648.92509263703 749.042136106241 1246.64104762468
v 4258.326934862 2062.8880026756 1379.77553520307
v 4065.90350704071 1172.63211278708 2412.68421881731
v 4033.30520473942 1128.09203684263 2407.35016296289
v 4069.5066438299 1134.01974424778 2423.29751674642
v 4648.75459509046 713.171473397004 1264.80161422529
v 4612.55315599998 707.243765991853 1248.85426044176
v 4612.55315599998 707.243765991853 1248.85426044176
v 4648.75459509046 713.171473397004 1264.80161422529
v 4361.8444164144 32.2246670538217 2169.21591267449
v 4325.64297732392 26.2969596486704 2153.26855889096
v 4325.64297732392 26.2969596486704 2153.26855889096
v 4361.8444164144 32.2246670538217 2169.21591267449
v 4069.5066438299 1134.01974424778 2423.29751674642
v 4033.30520473942 1128.09203684263 2407.35016296289
v 4663.8439345344 -1472.96987937773 -5.056166960923
v 4897.13944449454 -2.36477504245158e-13 -5.05616696092301
v 4657.29889243281 -1513.31059492396 -3.8493239673261
v 4656.85114776739 -1513.49970868653 -0.610994588333114
v 4626.71476823879 -714.460585371306 1213.91559334046
v 4896.69320709995 6.3948846218409e-13 -1.59735562308235
v 4659.69680604982 -1482.9931627399 14.7834094941276
v 4630.72617850517 -714.862909628408 1182.32901292554
v 4890.05055640045 -28.5968225525065 14.783409494128
v 4626.60885966496 714.116312058866 1214.39242120654
v 4325.7230389522 -3.84878391684163e-13 2162.8615194761
v 4626.60885966496 -714.116312058873 1214.39242120654
v 4334.18737746482 1.2593843743705e-15 2136.17975860917
v 4621.09755614088 680.946806343179 1231.76546015997
v 4621.09755614088 -680.946806343177 1231.76546015997
v 4630.56080211802 -685.382979563378 1196.59975137147
v 4669.60920644338 -685.382979563378 1205.27282001198
v 4669.60920644338 685.38297956338 1205.27282001198
v 4630.56080211802 685.38297956338 1196.59975137147
v 4630.56080211802 685.38297956338 1196.59975137147
v 4669.60920644338 685.38297956338 1205.27282001198
v 4928.59987805387 1.4210854715202e-13 39.2296488193459
v 4889.5514737285 1.43115470809812e-13 30.5565801788426
v 4889.5514737285 1.43115470809812e-13 30.5565801788426
v 4928.59987805387 1.4210854715202e-13 39.2296488193459
v 4669.60920644338 -685.382979563378 1205.27282001198
v 4630.56080211802 -685.382979563378 1196.59975137147
v 4254.9932996875 2099.96473362524 1364.63980669866
v 4052.87416103579 1164.85118907812 2449.59404434933
v 3397.81431418176 2468.65660151841 2595.69916111303
v 4238.71730869625 2090.4099814274 1400.88734525145
v 4046.04594566244 1199.00700780924 2435.12691895992
v 3421.60595247815 2441.86786513068 2574.40255698639
v 3312.05038445927 3397.81431418175 1364.63980669866
v 2126.33088913454 4214.47119392035 1224.79702217466
v 2902.07988669396 3994.3702878086 0
v 3286.62520907277 3420.09151730779 1341.67522743205
v 2156.33050831386 4198.57491675129 1208.3691977091
v 2895.81820714799 3988.76231875381 40.8235942776866
v 1513.2993121727 4657.45637989256 -5.05616696092301
v 1525.71368629019 4695.66389473827 0
v 2842.08463697233 3980.40643999243 -5.056166960923
v 2902.07988669396 3994.3702878086 0
v 2110.84811391487 4183.1775195224 1182.32901292554
v 2128.86207237377 4218.53190363957 1187.38517988646
v 1556.3198781732 4677.23192664071 19.839576455051
v 1538.30591971431 4641.87754252354 14.783409494128
v 1538.30591971431 4641.87754252354 14.783409494128
v 1556.3198781732 4677.23192664071 19.839576455051
v 2868.34977120789 4008.71930564208 19.8395764550506
v 2850.335812749 3973.36492152492 14.7834094941276
v 2850.335812749 3973.36492152492 14.7834094941276
v 2868.34977120789 4008.71930564208 19.8395764550506
v 2128.86207237377 4218.53190363957 1187.38517988646
v 2110.84811391487 4183.1775195224 1182.32901292554
v 29.5151906591224 4889.90510118187 14.7834094941282
v 35.7223777178638 4929.09573787587 19.8395764550512
v 1490.11871790525 4698.74198752524 19.8395764550512
v 1483.91153084651 4659.55135083124 14.7834094941282
v 1483.91153084651 4659.55135083124 14.7834094941282
v 1490.11871790525 4698.74198752524 19.8395764550512
v 757.305244053984 4664.1777316634 1187.38517988646
v 751.098056995243 4624.9870949694 1182.32901292554
v 751.098056995243 4624.9870949694 1182.32901292554
v 757.305244053984 4664.1777316634 1187.38517988646
v 35.7223777178638 4929.09573787587 19.8395764550512
v 29.5151906591224 4889.90510118187 14.7834094941282
v 2126.33088913454 4214.47119392035 1224.79702217466
v 756.966189023601 4659.40475631246 1224.79702217466
v 1525.71368629019 4695.66389473827 0
v 2094.82655075226 4229.2672759994 1205.27282001198
v 1523.02112079294 4687.37703023463 39.2296488193459
v 791.150653009177 4652.85725268024 1205.27282001198
v 3397.81431418176 2468.65660151841 2595.69916111303
v 2360.24630571007 3494.55356723434 2449.59404434933
v 3312.05038445927 3397.81431418175 1364.63980669866
v 3297.93371730334 3385.28750769654 1400.88734525145
v 3379.6887324345 2499.56196895518 2574.40255698639
v 2390.62038509209 3477.50482006414 2435.12691895992
v 3378.89090180985 2454.90793765524 2545.33651058882
v 3409.06761017661 2476.8325996389 2559.78211438548
v 3327.10520650814 3364.80496475103 1383.29003813791
v 3296.92849814138 3342.88030276737 1368.84443434125
v 3296.92849814138 3342.88030276737 1368.84443434125
v 3327.10520650814 3364.80496475103 1383.29003813791
v 4228.25173867314 2124.48317018383 1383.2900381379
v 4198.07503030638 2102.55850820017 1368.84443434125
v 4198.07503030638 2102.55850820017 1368.84443434125
v 4228.25173867314 2124.48317018383 1383.2900381379
v 3409.06761017661 2476.8325996389 2559.78211438548
v 3378.89090180985 2454.90793765524 2545.33651058882
v 4621.61261785889 742.911565194508 1200.5561342181
v 4659.42480628785 753.361179785411 1208.3691977091
v 4268.32336760595 2068.89992054287 1341.67522743205
v 4230.51117917699 2058.45030595197 1333.86216394105
v 4230.51117917699 2058.45030595197 1333.86216394105
v 4268.32336760595 2068.89992054287 1341.67522743205
v 4688.3954338325 1521.49143289689 40.8235942776842
v 4650.58324540354 1511.04181830599 33.0105307866807
v 4650.58324540354 1511.04181830599 33.0105307866807
v 4688.3954338325 1521.49143289689 40.8235942776842
v 4659.42480628785 753.361179785411 1208.3691977091
v 4621.61261785889 742.911565194508 1200.5561342181
v 4897.13944449454 -2.36477504245158e-13 -5.05616696092301
v 4663.8439345344 1472.96987937774 -5.056166960923
v 4896.69320709995 6.3948846218409e-13 -1.59735562308235
v 4626.71476823879 714.460585371302 1213.91559334046
v 4656.85114776739 1513.49970868653 -0.610994588351303
v 4657.29889243281 1513.31059492396 -3.84932396732612
v 4630.72617850517 714.862909628409 1182.32901292554
v 4659.69680604982 1482.99316273989 14.7834094941282
v 4890.05055640045 28.5968225525048 14.7834094941282
v 3961.75829182257 2878.38588468697 -3.84932396732605
v 3994.3702878086 2902.07988669396 0
v 4657.29889243281 1513.31059492396 -3.84932396732612
v 4663.8439345344 1472.96987937774 -5.056166960923
v 4695.66389473827 1525.71368629018 0
v 3973.32178904509 2851.45181126832 16.0578525338415
v 4008.79663732651 2869.52714928466 19.9071765011677
v 4679.00507911876 1554.16902054494 19.9071765011677
v 4643.53023083734 1536.09368252861 16.0578525338415
v 4643.53023083734 1536.09368252861 16.0578525338415
v 4679.00507911876 1554.16902054494 19.9071765011677
v 4257.86741304809 2102.96612325487 1324.05868938799
v 4222.39256476667 2084.89078523853 1320.20936542066
v 4222.39256476667 2084.89078523853 1320.20936542066
v 4257.86741304809 2102.96612325487 1324.05868938799
v 4008.79663732651 2869.52714928466 19.9071765011677
v 3973.32178904509 2851.45181126832 16.0578525338415
v 2842.08463697233 3980.40643999243 -5.056166960923
v 2902.07988669396 3994.3702878086 0
v 2878.42840812628 3961.71576838326 -3.8493239673261
v 3961.75829182257 2878.38588468697 -3.84932396732605
v 3994.3702878086 2902.07988669396 0
v 3287.64002650015 3371.46727902311 1320.20936542067
v 3315.79302549665 3399.62027801962 1324.05868938799
v 2923.99466062772 3969.73363079456 19.9071765011676
v 2895.84166163121 3941.58063179806 16.0578525338415
v 2895.84166163121 3941.58063179806 16.0578525338415
v 2923.99466062772 3969.73363079456 19.9071765011676
v 3967.86878194006 2925.85950948221 19.9071765011676
v 3939.71578294356 2897.70651048571 16.0578525338415
v 3939.71578294356 2897.70651048571 16.0578525338415
v 3967.86878194006 2925.85950948221 19.9071765011676
v 3315.79302549665 3399.62027801962 1324.05868938799
v 3287.64002650015 3371.46727902311 1320.20936542067
v 3312.05038445927 3397.81431418175 1364.63980669866
v 4254.9932996875 2099.96473362524 1364.63980669866
v 3994.3702878086 2902.07988669396 0
v 4237.66713126033 2130.19518618828 1344.99486777112
v 3988.29966782653 2897.66932310563 39.2898778550738
v 3335.44717286851 3371.99442520704 1344.99486777112
v 780.378780089017 4605.34907862878 1231.76546015997
v 792.160815647298 4641.61045550092 1243.86075616462
v 2087.39861049341 4220.76218465014 1243.86075616462
v 2075.61657493512 4184.50080777801 1231.76546015997
v 2075.61657493512 4184.50080777801 1231.76546015997
v 2087.39861049341 4220.76218465014 1243.86075616462
v 1351.1195920003 4158.31852505425 2148.27505461382
v 1339.33755644201 4122.05714818212 2136.17975860917
v 1339.33755644201 4122.05714818212 2136.17975860917
v 1351.1195920003 4158.31852505425 2148.27505461382
v 792.160815647298 4641.61045550092 1243.86075616462
v 780.378780089017 4605.34907862878 1231.76546015997
v 2360.24630571007 3494.55356723434 2449.59404434933
v 1347.9143687329 4148.45386217123 2180.9712625342
v 2126.33088913454 4214.47119392035 1224.79702217466
v 2336.06357903941 3519.89943879155 2423.29751674642
v 1378.53153107851 4138.40258553884 2169.21591267449
v 2114.81054957162 4200.84624513473 1264.80161422529
v 144.567677936265 4214.47119392035 2449.59404434933
v 1347.9143687329 4148.45386217123 2180.9712625342
v 1135.4492835354 3494.55356723434 3206.56023337293
v 185.500925308522 4200.84624513473 2457.18053684218
v 1323.70765292209 4138.40258553884 2203.09893277024
v 1122.74379836186 3519.89943879155 3173.17038042772
v 756.966189023601 4659.40475631246 1224.79702217466
v 144.567677936265 4214.47119392035 2449.59404434933
v -682.319903349326 4695.66389473827 1364.63980669866
v 724.215454677487 4652.85725268024 1246.64104762468
v -646.027686854784 4687.37703023463 1379.77553520307
v 141.193869081169 4229.2672759994 2412.68421881732
v 173.480569145553 4184.50080777801 2407.35016296289
v 179.02984429098 4220.76218465014 2423.29751674642
v 758.277795551544 4641.61045550092 1264.80161422529
v 752.728520406117 4605.34907862878 1248.85426044176
v 752.728520406117 4605.34907862878 1248.85426044176
v 758.277795551544 4641.61045550092 1264.80161422529
v 1317.23657190455 4158.31852505425 2169.21591267449
v 1311.68729675912 4122.05714818212 2153.26855889096
v 1311.68729675912 4122.05714818212 2153.26855889096
v 1317.23657190455 4158.31852505425 2169.21591267449
v 179.02984429098 4220.76218465014 2423.29751674642
v 173.480569145553 4184.50080777801 2407.35016296289
v 721.605955226819 4624.9870949694 1200.5561342181
v 723.352389996424 4664.1777316634 1208.3691977091
v -648.656292916875 4698.74198752524 1341.67522743205
v -650.402727686479 4659.55135083124 1333.86216394105
v -650.402727686479 4659.55135083124 1333.86216394105
v -648.656292916875 4698.74198752524 1341.67522743205
v 1.76952366030775 4929.09573787587 40.8235942776842
v 0.0230888907033397 4889.90510118187 33.0105307866807
v 0.0230888907033397 4889.90510118187 33.0105307866807
v 1.76952366030775 4929.09573787587 40.8235942776842
v 723.352389996424 4664.1777316634 1208.3691977091
v 721.605955226819 4624.9870949694 1200.5561342181
v -0.059396835566015 4896.99315158159 -3.84932396732611
v -1513.2570122645 4657.32619416146 -3.8493239673261
v -0.377615422538824 4896.62576046641 -0.610994588348177
v -676.97437457795 4657.00335161629 1352.58252372248
v -1513.15211436279 4657.00335161629 -0.38147988544381
v -678.057907629499 4660.00064713198 1320.20936542066
v -1484.06786907315 4660.00064713198 16.0578525338415
v -25.9821511860883 4890.93873750473 16.0578525338415
v -2878.33230202752 3961.78559355122 -3.84932396732615
v -2877.8589107034 3961.67541208788 -0.610994588328566
v -1513.2570122645 4657.32619416146 -3.8493239673261
v -1513.15211436279 4657.00335161629 -0.38147988544381
v -2189.63411616676 4165.5104078755 1352.58252372249
v -1538.44352917156 4642.33292417034 16.0578525338415
v -2190.51928561497 4168.57215563294 1320.20936542067
v -2853.80165791128 3972.12448237809 16.0578525338415
v -2189.63411616676 4165.5104078755 1352.58252372249
v -2189.63376737366 4165.50990738108 1352.58558044201
v -3323.14148020522 3297.52546271101 1213.91559334046
v -2877.8589107034 3961.67541208788 -0.610994588328566
v -3302.29068748668 3317.54382014632 1200.5561342181
v -2874.2327828894 3956.00275642744 33.0105307866831
v -2212.62870643189 4151.95336037013 1333.86216394105
v -2164.10617078371 4176.83545648289 1337.49116880772
v -2176.24741074784 4214.2023508414 1344.99486777112
v -1523.39491578982 4688.52745294281 39.2898778550737
v -1511.25367582568 4651.1605585843 31.7861788916705
v -1511.25367582568 4651.1605585843 31.7861788916705
v -1523.39491578982 4688.52745294281 39.2898778550737
v -716.424852741361 4688.52745294281 1344.99486777112
v -704.283612777227 4651.1605585843 1337.49116880772
v -704.283612777227 4651.1605585843 1337.49116880772
v -716.424852741361 4688.52745294281 1344.99486777112
v -2176.24741074784 4214.2023508414 1344.99486777112
v -2164.10617078371 4176.83545648289 1337.49116880772
v -1287.28617987632 3961.85948343859 2573.20613431923
v -2189.02073320898 4165.51040787551 1353.57499819628
v -677.470611814842 4656.6428141597 1353.57499819628
v -1290.62148021358 3972.12448237809 2545.33651058882
v -702.375442089792 4642.33292417034 1368.84443434125
v -2160.46115997686 4168.57215563294 1368.84443434125
v -1261.48624377454 3973.36492152492 2556.02919611716
v -1265.01995769404 4008.71930564209 2574.40255698639
v -678.262351826574 4677.23192664071 1400.88734525145
v -674.728637907068 4641.87754252354 1382.51398438222
v -674.728637907068 4641.87754252354 1382.51398438222
v -678.262351826574 4677.23192664071 1400.88734525145
v 109.973529371016 4218.53190363957 2435.12691895992
v 113.507243290522 4183.1775195224 2416.75355809069
v 113.507243290522 4183.1775195224 2416.75355809069
v 109.973529371016 4218.53190363957 2435.12691895992
v -1265.01995769404 4008.71930564209 2574.40255698639
v -1261.48624377454 3973.36492152492 2556.02919611716
v -1297.84958055652 3994.3702878086 2595.69916111303
v 144.567677936265 4214.47119392035 2449.59404434933
v -260.623011878893 3397.81431418173 3572.67339633815
v -269.792671904012 3420.09151730779 3539.66235607358
v -1258.53553957658 3988.76231875382 2608.35541104394
v 116.457947488478 4198.57491675129 2469.07977301748
v -682.319903349333 2099.96473362524 4416.06717927903
v -260.623011878893 3397.81431418173 3572.67339633815
v -1786.33669816909 2902.07988669396 3572.67339633817
v -1748.47989929534 2897.66932310561 3584.81463630229
v -288.657341288861 3371.99442520702 3584.81463630229
v -692.142372813088 2130.19518618825 4391.78469935072
v -289.446162715713 3371.46727902309 3530.97021104389
v -298.593626597703 3399.6202780196 3557.87248886623
v -1756.67934448477 2925.8595094822 3557.87248886623
v -1747.53188060278 2897.70651048569 3530.97021104389
v -1747.53188060278 2897.70651048569 3530.97021104389
v -1756.67934448477 2925.8595094822 3557.87248886623
v -1289.84464544332 3969.73363079456 2624.20309078334
v -1280.69718156133 3941.58063179806 2597.300812961
v -1280.69718156133 3941.58063179806 2597.300812961
v -1289.84464544332 3969.73363079456 2624.20309078334
v -298.593626597703 3399.6202780196 3557.87248886623
v -289.446162715713 3371.46727902309 3530.97021104389
v -2189.02331123703 4165.50990738108 1353.57331921972
v -2571.91316398014 3297.52546271101 2429.428542304
v -2189.02073320898 4165.51040787551 1353.57499819628
v -1287.28617987632 3961.85948343859 2573.20613431923
v -1287.11781079785 3961.34129669762 2574.23562159571
v -1314.92149346476 3956.00275642744 2556.02919611716
v -2550.63934250336 3317.54382014632 2416.75355809069
v -2182.56022778469 4151.95336037013 1382.51398438223
v -1309.28900322683 3938.66773394885 2585.52129788558
v -1326.35902632112 3966.72513204332 2608.35541104394
v -1792.01249883594 2925.49231354136 3539.66235607358
v -1774.94247574165 2897.43491544689 3516.82824291522
v -1774.94247574165 2897.43491544689 3516.82824291522
v -1792.01249883594 2925.49231354136 3539.66235607358
v -2562.07687535971 3328.2661957622 2469.07977301748
v -2545.00685226542 3300.20879766773 2446.24565985911
v -2545.00685226542 3300.20879766773 2446.24565985911
v -2562.07687535971 3328.2661957622 2469.07977301748
v -1326.35902632112 3966.72513204332 2608.35541104394
v -1309.28900322683 3938.66773394885 2585.52129788558
v -2925.78756931067 2167.28887120647 3175.89675269538
v -2947.67284313771 2190.24094739447 3200.27372929576
v -2587.34568706433 3299.21390363869 2479.619417149
v -2565.46041323729 3276.26182745069 2455.24244054862
v -2565.46041323729 3276.26182745069 2455.24244054862
v -2587.34568706433 3299.21390363869 2479.619417149
v -1818.27225217215 2896.95832277054 3548.82434285079
v -1796.38697834511 2874.00624658254 3524.44736625041
v -1796.38697834511 2874.00624658254 3524.44736625041
v -1818.27225217215 2896.95832277054 3548.82434285079
v -2947.67284313771 2190.24094739447 3200.27372929576
v -2925.78756931067 2167.28887120647 3175.89675269538
v -2189.63376737366 4165.50990738108 1352.58558044201
v -3323.14148020522 3297.52546271101 1213.91559334046
v -3323.25815714496 3297.18468825276 1214.39242120653
v -2572.3918313027 3297.18468825276 2429.31965742705
v -2571.91316398014 3297.52546271101 2429.428542304
v -2189.02331123703 4165.50990738108 1353.57331921972
v -3297.04461584808 3309.90057139496 1231.9696198997
v -2576.39030370132 3309.90057139496 2398.01279109234
v -2208.78484408164 4143.23636872608 1365.10410747809
v -3499.58345147157 2542.59620779788 2162.8615194761
v -2572.3918313027 3297.18468825276 2429.31965742705
v -2947.82499422383 2141.72022342077 3180.18598326931
v -3478.78098549153 2547.57142114601 2180.91881857386
v -2594.65586194989 3267.11053150138 2435.00042264579
v -2952.65078374266 2165.31545430742 3150.99026623133
v -3284.08645061739 795.252111142729 3543.69959798044
v -2947.52732209268 2141.50395195809 3180.6568585291
v -2947.82499422383 2141.72022342077 3180.18598326931
v -3930.72177525521 1427.6039113619 2429.31965742706
v -3930.897954687 1427.04336658678 2429.42854230402
v -3284.8855480746 794.671532856043 3543.08914184377
v -2965.33228450284 2112.86024016578 3175.89675269538
v -3908.68102617254 1427.4772606024 2455.24244054862
v -3288.4564734678 820.348769409119 3524.44736625041
v -3284.08645061739 795.252111142729 3543.69959798044
v -3284.08397767943 795.252288203385 3543.70148713694
v -2947.52732209268 2141.50395195809 3180.6568585291
v -2082.60036539629 1513.09773429991 4165.20073079257
v -2083.2504077102 1512.13348325348 4165.13458998749
v -2941.21106587923 2115.48765702622 3197.89700484244
v -2109.32318906129 1511.0857359859 4144.83258731021
v -3264.75159637479 821.310801187227 3546.89672156242
v -2920.83252475709 2143.53631259232 3197.89700484244
v -2941.1658592069 2161.55027105122 3227.25774071185
v -1810.31004951506 2869.17824304559 3576.25745743183
v -1789.97671506525 2851.16428458669 3546.89672156242
v -1789.97671506525 2851.16428458669 3546.89672156242
v -1810.31004951506 2869.17824304559 3576.25745743183
v -2109.27798238896 1557.1483500109 4174.19332317962
v -2088.94464793915 1539.134391552 4144.83258731021
v -2088.94464793915 1539.134391552 4144.83258731021
v -2109.27798238896 1557.1483500109 4174.19332317962
v -2941.1658592069 2161.55027105122 3227.25774071185
v -2920.83252475709 2143.53631259232 3197.89700484244
v -707.480206256596 2084.89078523849 4367.03829812564
v -719.902100683 2102.96612325483 4400.48943703681
v -2074.70916483658 1554.16902054491 4193.93212956983
v -2062.28727041017 1536.09368252858 4160.48099065865
v -2062.28727041017 1536.09368252858 4160.48099065865
v -2074.70916483658 1554.16902054491 4193.93212956983
v -1774.98283784824 2869.52714928464 3594.47947559317
v -1762.56094342184 2851.4518112683 3561.028336682
v -1762.56094342184 2851.4518112683 3561.028336682
v -1774.98283784824 2869.52714928464 3594.47947559317
v -719.902100683 2102.96612325483 4400.48943703681
v -707.480206256596 2084.89078523849 4367.03829812564
v -983.370632594325 714.460585371317 4681.1390508449
v -2082.60036539629 1513.09773429991 4165.20073079257
v -2083.2504077102 1512.13348325348 4165.13458998749
v -2190.31603469854 0.583361858830571 4379.26584396419
v -2190.31492008115 0.580578286729041 4379.2666954561
v -2173.67440807719 28.5968225525053 4380.40552472245
v -1013.41648619639 714.862909628409 4670.6010170645
v -2070.65707914598 1482.99316273989 4174.37086686003
v -2050.27853802384 1511.04181830599 4174.37086686003
v -2060.20044633351 1521.49143289689 4211.68522455779
v -708.821435077329 2068.89992054287 4417.7198824202
v -698.899526767654 2058.45030595197 4380.40552472245
v -698.899526767654 2058.45030595197 4380.40552472245
v -708.821435077329 2068.89992054287 4417.7198824202
v -1002.95985338392 753.361179785412 4707.91537476226
v -993.037945074242 742.911565194508 4670.6010170645
v -993.037945074242 742.911565194508 4670.6010170645
v -1002.95985338392 753.361179785412 4707.91537476226
v -2060.20044633351 1521.49143289689 4211.68522455779
v -2050.27853802384 1511.04181830599 4174.37086686003
v -250.099565436362 3342.88030276734 3561.02833668201
v -250.674458859273 3364.80496475101 3594.47947559318
v 764.957342892105 2476.83259963887 4193.93212956983
v 765.532236315016 2454.90793765521 4160.48099065866
v 765.532236315016 2454.90793765521 4160.48099065866
v 764.957342892105 2476.83259963887 4193.93212956983
v -653.679439581099 2124.48317018379 4400.48943703681
v -653.104546158188 2102.55850820013 4367.03829812564
v -653.104546158188 2102.55850820013 4367.03829812564
v -653.679439581099 2124.48317018379 4400.48943703681
v -250.674458859273 3364.80496475101 3594.47947559318
v -250.099565436362 3342.88030276734 3561.02833668201
v -260.623011878893 3397.81431418173 3572.67339633815
v 1135.4492835354 3494.55356723434 3206.56023337293
v 802.115153068719 2468.65660151841 4199.92946725048
v -221.889062315186 3385.28750769655 3576.25745743183
v 1108.92579196107 3477.50482006414 3227.25774071185
v 791.172897845606 2499.56196895518 4174.19332317962
v 802.115153068719 2468.65660151841 4199.92946725048
v 1786.33669816908 1297.84958055652 4416.06717927903
v 2208.0335896395 2595.69916111302 3572.67339633815
v 1777.57765167219 1334.51985462968 4400.48943703681
v 2180.58263239404 2574.84164919689 3594.47947559317
v 836.982184093338 2453.43031011455 4193.93212956983
v 366.712111845382 1184.72114064151 4670.6010170645
v 368.596974935865 1199.00700780924 4707.91537476226
v -642.620274809378 2090.4099814274 4417.71988242021
v -644.505137899861 2076.12411425966 4380.40552472245
v -644.505137899861 2076.12411425966 4380.40552472245
v -642.620274809378 2090.4099814274 4417.71988242021
v 772.426947156519 2441.86786513068 4211.68522455779
v 770.542084066036 2427.58199796295 4174.37086686004
v 770.542084066036 2427.58199796295 4174.37086686004
v 772.426947156519 2441.86786513068 4211.68522455779
v 368.596974935865 1199.00700780924 4707.91537476226
v 366.712111845382 1184.72114064151 4670.6010170645
v 802.115153068719 2468.65660151841 4199.92946725048
v 1786.33669816908 1297.84958055652 4416.06717927903
v 378.483094511797 1164.85118907812 4720.49261142013
v 810.387392007931 2429.5337689207 4211.68522455779
v 406.557419787281 1186.67291159926 4707.91537476226
v 1748.60288157869 1313.4544798287 4417.71988242021
v 1786.33669816908 1297.84958055652 4416.06717927903
v 378.483094511797 1164.85118907812 4720.49261142013
v 1224.79702217467 2.5921742650185e-12 4720.49261142014
v 1220.19488416483 39.3435224386394 4715.63983698243
v 414.478869045572 1148.31647868286 4715.63983698243
v 1754.79734701572 1274.93490063791 4425.81777678895
v -667.273763649628 2053.65747717342 4387.01310798445
v -670.272943191866 2062.8880026756 4425.81777678895
v 339.643042267028 1172.63211278708 4715.63983698243
v 342.642221809266 1163.40158728491 4676.83516817793
v 342.642221809266 1163.40158728491 4676.83516817793
v 339.643042267028 1172.63211278708 4715.63983698243
v -964.032855476052 749.042136106242 4715.63983698243
v -961.033675933814 739.811610604064 4676.83516817793
v -961.033675933814 739.811610604064 4676.83516817793
v -964.032855476052 749.042136106242 4715.63983698243
v -670.272943191866 2062.8880026756 4425.81777678895
v -667.273763649628 2053.65747717342 4387.01310798445
v -2190.31492008115 0.580578286729041 4379.2666954561
v -2190.31492008115 -0.580578286729659 4379.2666954561
v -983.370632594325 714.460585371317 4681.1390508449
v -982.896781031387 714.116312058876 4681.25756724113
v -982.896781031393 -714.11631205888 4681.25756724113
v -983.370632594318 -714.460585371306 4681.1390508449
v -1000.57839112599 -685.382979563378 4676.83516817793
v -2159.34325877232 6.50515586516941e-13 4387.01310798444
v -1000.57839112599 685.38297956338 4676.83516817793
v -8.74119792315826e-14 2.82243347876359e-12 4836.30538346705
v 375.433162921131 1155.46446483198 4681.25756724113
v -982.896781031387 714.116312058876 4681.25756724113
v -945.787273194235 707.243765991853 4684.09756672646
v -8.54440014089833 26.2969596486707 4831.94367177499
v 349.450521651872 1128.09203684263 4684.09756672646
v 22.3695299823395 16.2524148636635 4831.94367177499
v 27.4119390782059 19.9159395154115 4871.45509667508
v 385.406860870981 1121.71101670937 4723.60899162656
v 380.364451775115 1118.04749205762 4684.09756672646
v 380.364451775115 1118.04749205762 4684.09756672646
v 385.406860870981 1121.71101670937 4723.60899162656
v 1185.90784159934 19.9159395154138 4723.60899162656
v 1180.86543250347 16.2524148636658 4684.09756672647
v 1180.86543250347 16.2524148636658 4684.09756672647
v 1185.90784159934 19.9159395154138 4723.60899162656
v 27.4119390782059 19.9159395154115 4871.45509667508
v 22.3695299823395 16.2524148636635 4831.94367177499
v 1746.94539303578 -1269.23012214354 4387.01310798445
v 1754.79734701572 -1274.9349006379 4425.81777678895
v 414.478869045572 -1148.31647868286 4715.63983698243
v 406.626915065631 -1142.61170018849 4676.83516817793
v 406.626915065631 -1142.61170018849 4676.83516817793
v 414.478869045572 -1148.31647868286 4715.63983698243
v 1220.19488416483 -39.3435224386397 4715.63983698243
v 1212.34293018489 -33.6387439442715 4676.83516817793
v 1212.34293018489 -33.6387439442715 4676.83516817793
v 1220.19488416483 -39.3435224386397 4715.63983698243
v 1754.79734701572 -1274.9349006379 4425.81777678895
v 1746.94539303578 -1269.23012214354 4387.01310798445
v 375.433162921128 -1155.464464832 4681.25756724113
v -8.74119792315826e-14 2.82243347876359e-12 4836.30538346705
v 1214.92723622053 5.47516919919863e-12 4681.25756724113
v 1180.86543250347 -16.2524148636662 4684.09756672646
v 22.369529982339 -16.2524148636629 4831.94367177499
v 380.364451775114 -1118.04749205762 4684.09756672646
v -677.396696100898 -2082.93386892451 4379.2666954561
v -676.292370575257 -2083.29268603884 4379.2666954561
v -983.370632594318 -714.460585371306 4681.1390508449
v -982.896781031393 -714.11631205888 4681.25756724113
v 375.433162921128 -1155.464464832 4681.25756724113
v 375.614158112527 -1156.02151075291 4681.1390508449
v 342.642221809265 -1163.40158728491 4676.83516817793
v -667.273763649629 -2053.65747717342 4387.01310798445
v -961.033675933816 -739.811610604064 4676.83516817793
v 795.482554598426 -2448.24356239771 4165.20073079258
v 375.614158112527 -1156.02151075291 4681.1390508449
v 796.575222422034 -2447.84555219979 4165.1345899875
v 1771.66000362569 -1287.90741271317 4379.2658439642
v 1771.6607380239 -1287.9045056004 4379.2666954561
v 1741.73074581355 -1300.78907578344 4380.40552472245
v 399.68528402215 -1174.007507554 4670.6010170645
v 803.5152562428 -2416.86836487544 4174.37086686004
v 2546.87827686097 -17.3350224785844 4174.37086686004
v 2561.0473986488 -19.956986888269 4211.6852245578
v 1789.51744871896 -1257.14040933292 4417.71988242021
v 1775.34832693113 -1254.51844492324 4380.40552472245
v 1775.34832693113 -1254.51844492324 4380.40552472245
v 1789.51744871896 -1257.14040933292 4417.71988242021
v 1254.22615719091 -19.9569868882728 4707.91537476226
v 1240.05703540308 -17.3350224785882 4670.60101706451
v 1240.05703540308 -17.3350224785882 4670.60101706451
v 1254.22615719091 -19.9569868882728 4707.91537476226
v 2561.0473986488 -19.956986888269 4211.6852245578
v 2546.87827686097 -17.3350224785844 4174.37086686004
v 1786.33669816908 1297.84958055652 4416.06717927903
v 2595.69916111301 2.17426077142591e-11 4199.92946725043
v 1224.79702217467 2.5921742650185e-12 4720.49261142014
v 1254.22615719091 19.9569868882729 4707.91537476226
v 2561.04739864879 19.9569868882714 4211.6852245578
v 1789.51744871896 1257.14040933292 4417.71988242021
v 1786.33669816908 1297.84958055652 4416.06717927903
v 2595.69916111301 2.17426077142591e-11 4199.92946725043
v 3150.97650486774 1297.84958055652 3572.67339633817
v 3122.65701994547 1278.18749443213 3594.47947559318
v 1818.50550705863 1278.18749443212 4400.48943703681
v 2591.99260258438 37.8656998649291 4193.93212956983
v 1772.34578662042 -1286.96351339786 4379.26584396419
v 3124.31731575494 -1286.96351339787 3543.70148713692
v 2574.19474433013 -1.16218076884948 4165.1345899875
v 2571.31866177489 -30.5438505800123 4160.48099065865
v 1797.83156624914 -1270.86564514721 4367.03829812564
v 3101.98307913598 -1270.86564514722 3561.028336682
v 3622.94218254672 -17.3350224785884 3197.89700484244
v 3649.98053478648 -19.956986888273 3227.25774071185
v 3151.03225260606 -1257.14040933292 3576.25745743183
v 3123.99390036631 -1254.51844492324 3546.89672156242
v 3123.99390036631 -1254.51844492324 3546.89672156242
v 3151.03225260606 -1257.14040933292 3576.25745743183
v 2621.71056938153 -19.956986888269 4174.19332317962
v 2594.67221714178 -17.3350224785844 4144.83258731021
v 2594.67221714178 -17.3350224785844 4144.83258731021
v 2621.71056938153 -19.956986888269 4174.19332317962
v 3649.98053478648 -19.956986888273 3227.25774071185
v 3622.94218254672 -17.3350224785884 3197.89700484244
v 3150.97650486774 1297.84958055652 3572.67339633817
v 3674.39106652399 2.41584530158434e-12 3206.56023337293
v 2595.69916111301 2.17426077142591e-11 4199.92946725043
v 3151.03225260606 1257.14040933292 3576.25745743183
v 3649.98053478648 19.9569868882728 3227.25774071185
v 2621.71056938153 19.9569868882714 4174.19332317962
v 4052.87416103579 1164.85118907812 2449.59404434933
v 3674.39106652399 2.41584530158434e-12 3206.56023337293
v 3150.97650486774 1297.84958055652 3572.67339633817
v 4032.43590787487 1148.31647868286 2479.619417149
v 3173.80253103814 1274.93490063791 3548.82434285079
v 3672.10875180149 39.3435224386393 3200.27372929577
v 3640.91230145606 -33.6387439442716 3175.89675269538
v 3672.10875180149 -39.3435224386399 3200.27372929576
v 4032.43590787487 -1148.31647868286 2479.619417149
v 4001.23945752945 -1142.61170018849 2455.24244054862
v 4001.23945752945 -1142.61170018849 2455.24244054862
v 4032.43590787487 -1148.31647868286 2479.619417149
v 3173.80253103814 -1274.9349006379 3548.82434285079
v 3142.60608069272 -1269.23012214354 3524.44736625041
v 3142.60608069272 -1269.23012214354 3524.44736625041
v 3173.80253103814 -1274.9349006379 3548.82434285079
v 3672.10875180149 -39.3435224386399 3200.27372929576
v 3640.91230145606 -33.6387439442716 3175.89675269538
v 3124.62444039845 -1287.90450560041 3543.08914184377
v 3124.62400723378 -1287.90741271332 3543.08810417923
v 4018.95829375702 -1156.02151075292 2429.428542304
v 3369.71817619415 -2448.24356239771 2574.23562159571
v 3369.17036215335 -2447.84555219963 2575.183354341
v 3998.76785503838 -1174.007507554 2446.24565985911
v 3374.32786185409 -2416.86836487544 2585.52129788558
v 3139.02813968991 -1300.78907578344 3516.82824291522
v 4219.87622109931 -2082.93386892466 1352.58558044201
v 4626.71476823879 -714.460585371306 1213.91559334046
v 4626.60885966496 -714.116312058873 1214.39242120654
v 4019.14524155471 -1155.46446483198 2429.31965742705
v 4018.95829375702 -1156.02151075292 2429.428542304
v 4219.38235171046 -2083.29268603894 1353.57331921972
v 4612.87586785391 -739.811610604064 1231.9696198997
v 4029.85428225759 -1163.40158728491 2398.01279109234
v 4222.27771007888 -2053.65747717342 1365.10410747809
v 3124.31731575494 -1286.96351339787 3543.70148713692
v 3124.31921233012 -1286.96511019941 3543.69959798044
v 1772.34578662042 -1286.96351339786 4379.26584396419
v 1772.34324873339 -1286.96511019933 4379.26669545611
v 1771.6607380239 -1287.9045056004 4379.2666954561
v 1771.66000362569 -1287.90741271317 4379.2658439642
v 2189.44218203934 -2573.70874534208 3543.70148713693
v 2189.44428676181 -2573.71005565346 3543.69959798044
v 2190.43202553958 -2573.71005565346 3543.08914184377
v 2190.43465651301 -2573.70874534209 3543.08810417923
v 3124.62400723378 -1287.90741271332 3543.08810417923
v 3124.62444039845 -1287.90450560041 3543.08914184377
v 2195.89234967536 -2544.05938316359 3553.02845741062
v 1792.40731815112 -1302.26014414482 4359.99852045905
v 3098.11230806718 -1302.26014414484 3553.02845741061
v 4325.7230389522 -3.84878391684163e-13 2162.8615194761
v 4019.14524155471 -1155.46446483198 2429.31965742705
v 3643.71207863358 3.19744231092045e-12 3180.1859832693
v 4311.81784748247 -16.2524148636632 2180.91881857386
v 4019.48007489797 -1118.04749205762 2435.00042264579
v 3661.4851531052 -16.2524148636663 3150.99026623133
v 3661.4851531052 16.2524148636656 3150.99026623133
v 3694.57021198925 19.9159395154136 3173.17038042772
v 4052.56513378202 1121.71101670937 2457.18053684217
v 4019.48007489797 1118.04749205762 2435.00042264579
v 4019.48007489797 1118.04749205762 2435.00042264579
v 4052.56513378202 1121.71101670937 2457.18053684217
v 4344.90290636653 19.9159395154112 2203.09893277024
v 4311.81784748247 16.2524148636632 2180.91881857386
v 4311.81784748247 16.2524148636632 2180.91881857386
v 4344.90290636653 19.9159395154112 2203.09893277024
v 3694.57021198925 19.9159395154136 3173.17038042772
v 3661.4851531052 16.2524148636656 3150.99026623133
v 4612.8758678539 739.811610604064 1231.9696198997
v 4648.92509263703 749.042136106241 1246.64104762468
v 4065.90350704071 1172.63211278708 2412.68421881731
v 4029.85428225759 1163.40158728491 2398.01279109234
v 4029.85428225759 1163.40158728491 2398.01279109234
v 4065.90350704071 1172.63211278708 2412.68421881731
v 4258.326934862 2062.8880026756 1379.77553520307
v 4222.27771007888 2053.65747717342 1365.10410747809
v 4222.27771007888 2053.65747717342 1365.10410747809
v 4258.326934862 2062.8880026756 1379.77553520307
v 4648.92509263703 749.042136106241 1246.64104762468
v 4612.8758678539 739.811610604064 1231.9696198997
v 4019.14524155471 1155.46446483197 2429.31965742705
v 4325.7230389522 -3.84878391684163e-13 2162.8615194761
v 4626.60885966496 714.116312058866 1214.39242120654
v 4325.64297732392 26.2969596486704 2153.26855889096
v 4033.30520473942 1128.09203684263 2407.35016296289
v 4612.55315599998 707.243765991853 1248.85426044176
v 4626.60885966496 -714.116312058873 1214.39242120654
v 4626.71476823879 -714.460585371306 1213.91559334046
v 4896.69320709995 6.3948846218409e-13 -1.59735562308235
v 4626.71476823879 714.460585371302 1213.91559334046
v 4626.60885966496 714.116312058866 1214.39242120654
v 4630.56080211802 685.38297956338 1196.59975137147
v 4630.56080211802 -685.382979563378 1196.59975137147
v 4889.5514737285 1.43115470809812e-13 30.5565801788426
v 3389.0739127383 2427.58199796295 2556.02919611716
v 3421.60595247815 2441.86786513068 2574.40255698639
v 4238.71730869625 2090.4099814274 1400.88734525145
v 4206.18526895641 2076.12411425966 1382.51398438222
v 4206.18526895641 2076.12411425966 1382.51398438222
v 4238.71730869625 2090.4099814274 1400.88734525145
v 4046.04594566244 1199.00700780924 2435.12691895992
v 4013.5139059226 1184.72114064151 2416.75355809069
v 4013.5139059226 1184.72114064151 2416.75355809069
v 4046.04594566244 1199.00700780924 2435.12691895992
v 3421.60595247815 2441.86786513068 2574.40255698639
v 3389.0739127383 2427.58199796295 2556.02919611716
v 3397.81431418176 2468.65660151841 2595.69916111303
v 4052.87416103579 1164.85118907812 2449.59404434933
v 3150.97650486774 1297.84958055652 3572.67339633817
v 3169.32980328519 1313.4544798287 3539.66235607358
v 3404.62952544937 2429.5337689207 2608.35541104394
v 4029.06951863367 1186.67291159925 2469.07977301748
v 3397.81431418176 2468.65660151841 2595.69916111303
v 2208.0335896395 2595.69916111302 3572.67339633815
v 3150.97650486774 1297.84958055652 3572.67339633817
v 3376.85712197768 2453.43031011457 2624.20309078334
v 3140.96051330894 1334.51985462969 3557.87248886623
v 2239.81398114395 2574.84164919689 3557.87248886623
v 2208.0335896395 2595.69916111302 3572.67339633815
v 2360.24630571007 3494.55356723434 2449.59404434933
v 3397.81431418176 2468.65660151841 2595.69916111303
v 2228.54621189228 2608.33200609784 3539.66235607358
v 2373.64395806331 3465.17072385416 2469.07977301748
v 3362.71230540572 2487.22787274519 2608.35541104394
v 2360.24630571007 3494.55356723434 2449.59404434933
v 2126.33088913454 4214.47119392035 1224.79702217466
v 3312.05038445927 3397.81431418175 1364.63980669866
v 2371.67269324739 3504.54077399738 2412.68421881731
v 3277.81846780866 3412.44212959672 1379.77553520307
v 2148.97826372445 4189.92375356076 1246.64104762468
v 2874.19542427948 3956.02989904633 33.0105307866831
v 2895.81820714799 3988.76231875381 40.8235942776866
v 3286.62520907277 3420.09151730779 1341.67522743205
v 3265.00242620426 3387.35909760031 1333.86216394105
v 3265.00242620426 3387.35909760031 1333.86216394105
v 3286.62520907277 3420.09151730779 1341.67522743205
v 2156.33050831386 4198.57491675129 1208.3691977091
v 2134.70772544536 4165.84249704381 1200.5561342181
v 2134.70772544536 4165.84249704381 1200.5561342181
v 2156.33050831386 4198.57491675129 1208.3691977091
v 2895.81820714799 3988.76231875381 40.8235942776866
v 2874.19542427948 3956.02989904633 33.0105307866831
v 2842.08463697233 3980.40643999243 -5.056166960923
v 1513.2993121727 4657.45637989256 -5.05616696092301
v 2878.42840812628 3961.71576838326 -3.8493239673261
v 2878.46990529174 3961.23149853507 -0.610994588337803
v 2109.22588686477 4179.48676668171 1213.91559334046
v 1513.16141723425 4657.03198291063 -1.59735562308683
v 2850.335812749 3973.36492152492 14.7834094941276
v 2110.84811391487 4183.1775195224 1182.32901292554
v 1538.30591971431 4641.87754252354 14.783409494128
v -0.059396835566015 4896.99315158159 -3.84932396732611
v 40.3294327949695 4890.7518898527 -5.05616696092301
v 1513.2993121727 4657.45637989256 -5.05616696092301
v 1513.16141723425 4657.03198291063 -1.59735562308683
v 750.2410961579 4621.04769206333 1213.91559334046
v -0.377615422538824 4896.62576046641 -0.610994588348177
v 751.098056995243 4624.9870949694 1182.32901292554
v 29.5151906591224 4889.90510118187 14.7834094941282
v 1483.91153084651 4659.55135083124 14.7834094941282
v 2082.75993021249 4192.13003661483 1196.59975137147
v 2094.82655075226 4229.2672759994 1205.27282001198
v 791.150653009177 4652.85725268024 1205.27282001198
v 779.084032469415 4615.72001329567 1196.59975137147
v 779.084032469415 4615.72001329567 1196.59975137147
v 791.150653009177 4652.85725268024 1205.27282001198
v 1523.02112079294 4687.37703023463 39.2296488193459
v 1510.95450025318 4650.23979085006 30.5565801788427
v 1510.95450025318 4650.23979085006 30.5565801788427
v 1523.02112079294 4687.37703023463 39.2296488193459
v 2094.82655075226 4229.2672759994 1205.27282001198
v 2082.75993021249 4192.13003661483 1196.59975137147
v 2366.98076488999 3450.9795874154 2416.75355809069
v 2390.62038509209 3477.50482006414 2435.12691895992
v 3297.93371730334 3385.28750769654 1400.88734525145
v 3274.29409710125 3358.7622750478 1382.51398438223
v 3274.29409710125 3358.7622750478 1382.51398438223
v 3297.93371730334 3385.28750769654 1400.88734525145
v 3379.6887324345 2499.56196895518 2574.40255698639
v 3356.0491122324 2473.03673630643 2556.02919611716
v 3356.0491122324 2473.03673630643 2556.02919611716
v 3379.6887324345 2499.56196895518 2574.40255698639
v 2390.62038509209 3477.50482006414 2435.12691895992
v 2366.98076488999 3450.9795874154 2416.75355809069
v 3285.1912095046 3369.09593890285 1353.57499819628
v 3370.15897216423 2448.56381941615 2573.20613431923
v 4219.38056022521 2083.2946062743 1353.57499819627
v 3378.89090180985 2454.90793765524 2545.33651058882
v 4198.07503030638 2102.55850820017 1368.84443434125
v 3296.92849814138 3342.88030276737 1368.84443434125
v 4626.71476823879 714.460585371302 1213.91559334046
v 4219.87622109931 2082.93386892466 1352.58558044201
v 4219.8767974621 2082.93406881772 1352.58252372248
v 4656.85114776739 1513.49970868653 -0.610994588351303
v 4650.58324540354 1511.04181830599 33.0105307866807
v 4621.61261785889 742.911565194508 1200.5561342181
v 4230.51117917699 2058.45030595197 1333.86216394105
v 4657.29889243281 1513.31059492396 -3.84932396732612
v 3961.75829182257 2878.38588468697 -3.84932396732605
v 4656.85114776739 1513.49970868653 -0.610994588351303
v 4219.8767974621 2082.93406881772 1352.58252372248
v 3961.48366555055 2878.18635702104 -0.381479885440257
v 4222.39256476667 2084.89078523853 1320.20936542066
v 3973.32178904509 2851.45181126832 16.0578525338415
v 4643.53023083734 1536.09368252861 16.0578525338415
v 3961.75829182257 2878.38588468697 -3.84932396732605
v 2878.42840812628 3961.71576838326 -3.8493239673261
v 3961.48366555055 2878.18635702104 -0.381479885440257
v 3285.00166374659 3369.67930076182 1352.58252372249
v 2878.46990529174 3961.23149853507 -0.610994588337803
v 3939.71578294356 2897.70651048571 16.0578525338415
v 3287.64002650015 3371.46727902311 1320.20936542067
v 2895.84166163121 3941.58063179806 16.0578525338415
v 3303.66099397684 3348.90041443945 1337.49116880772
v 3335.44717286851 3371.99442520704 1344.99486777112
v 3988.29966782653 2897.66932310563 39.2898778550738
v 3956.51348893486 2874.57531233804 31.7861788916706
v 3956.51348893486 2874.57531233804 31.7861788916706
v 3988.29966782653 2897.66932310563 39.2898778550738
v 4237.66713126033 2130.19518618828 1344.99486777112
v 4205.88095236866 2107.1011754207 1337.49116880772
v 4205.88095236866 2107.1011754207 1337.49116880772
v 4237.66713126033 2130.19518618828 1344.99486777112
v 3335.44717286851 3371.99442520704 1344.99486777112
v 3303.66099397684 3348.90041443945 1337.49116880772
v 750.535791985918 4620.84058071981 1214.39242120653
v 1336.72193199547 4114.00708388357 2162.8615194761
v 2108.86573593843 4179.4924279467 1214.39242120653
v 1339.33755644201 4122.05714818212 2136.17975860917
v 780.378780089017 4605.34907862878 1231.76546015997
v 2075.61657493512 4184.50080777801 1231.76546015997
v 2097.98610491747 4168.24839291434 1248.85426044176
v 2114.81054957162 4200.84624513473 1264.80161422529
v 2336.06357903941 3519.89943879155 2423.29751674642
v 2319.23913438526 3487.30158657116 2407.35016296289
v 2319.23913438526 3487.30158657116 2407.35016296289
v 2336.06357903941 3519.89943879155 2423.29751674642
v 1378.53153107851 4138.40258553884 2169.21591267449
v 1361.70708642436 4105.80473331845 2153.26855889096
v 1361.70708642436 4105.80473331845 2153.26855889096
v 1378.53153107851 4138.40258553884 2169.21591267449
v 2114.81054957162 4200.84624513473 1264.80161422529
v 2097.98610491747 4168.24839291434 1248.85426044176
v 1135.4492835354 3494.55356723434 3206.56023337293
v 1347.9143687329 4148.45386217123 2180.9712625342
v 2360.24630571007 3494.55356723434 2449.59404434933
v 1160.62616647041 3507.59071125314 3173.17038042772
v 1361.59002103063 4126.09385800043 2203.09893277024
v 2319.12206899154 3507.59071125314 2457.18053684217
v 144.567677936265 4214.47119392035 2449.59404434933
v 1135.4492835354 3494.55356723434 3206.56023337293
v -260.623011878893 3397.81431418173 3572.67339633815
v 153.977354440665 4189.92375356076 2479.619417149
v -231.776226222786 3412.44212959672 3548.82434285079
v 1097.32609611036 3504.54077399738 3200.27372929577
v 1116.00417189944 3487.30158657116 3150.99026623133
v 1122.74379836186 3519.89943879155 3173.17038042772
v 185.500925308522 4200.84624513473 2457.18053684218
v 178.761298846106 4168.24839291434 2435.00042264579
v 178.761298846106 4168.24839291434 2435.00042264579
v 185.500925308522 4200.84624513473 2457.18053684218
v 1323.70765292209 4138.40258553884 2203.09893277024
v 1316.96802645967 4105.80473331845 2180.91881857386
v 1316.96802645967 4105.80473331845 2180.91881857386
v 1323.70765292209 4138.40258553884 2203.09893277024
v 1122.74379836186 3519.89943879155 3173.17038042772
v 1116.00417189944 3487.30158657116 3150.99026623133
v 721.854383013133 4615.72001329567 1231.9696198997
v 724.215454677487 4652.85725268024 1246.64104762468
v 141.193869081169 4229.2672759994 2412.68421881732
v 138.832797416815 4192.13003661483 2398.01279109234
v 138.832797416815 4192.13003661483 2398.01279109234
v 141.193869081169 4229.2672759994 2412.68421881732
v -646.027686854784 4687.37703023463 1379.77553520307
v -648.388758519138 4650.23979085006 1365.10410747809
v -648.388758519138 4650.23979085006 1365.10410747809
v -646.027686854784 4687.37703023463 1379.77553520307
v 724.215454677487 4652.85725268024 1246.64104762468
v 721.854383013133 4615.72001329567 1231.9696198997
v 143.072173875662 4179.4924279467 2429.31965742705
v 1336.72193199547 4114.00708388357 2162.8615194761
v 750.535791985918 4620.84058071981 1214.39242120653
v 1311.68729675912 4122.05714818212 2153.26855889096
v 173.480569145553 4184.50080777801 2407.35016296289
v 752.728520406117 4605.34907862878 1248.85426044176
v 750.2410961579 4621.04769206333 1213.91559334046
v -676.974362574248 4657.00274169235 1352.58558044201
v -676.97437457795 4657.00335161629 1352.58252372248
v -0.377615422538824 4896.62576046641 -0.610994588348177
v 0.0230888907033397 4889.90510118187 33.0105307866807
v 721.605955226819 4624.9870949694 1200.5561342181
v -650.402727686479 4659.55135083124 1333.86216394105
v -677.468231963102 4656.64392457807 1353.57331921972
v -676.974362574248 4657.00274169235 1352.58558044201
v -677.470611814842 4656.6428141597 1353.57499819628
v -2189.02073320898 4165.51040787551 1353.57499819628
v -2189.02331123703 4165.50990738108 1353.57331921972
v -2189.63376737366 4165.50990738108 1352.58558044201
v -2189.63411616676 4165.5104078755 1352.58252372249
v -1513.15211436279 4657.00335161629 -0.38147988544381
v -676.97437457795 4657.00335161629 1352.58252372248
v -2164.10617078371 4176.83545648289 1337.49116880772
v -704.283612777227 4651.1605585843 1337.49116880772
v -1511.25367582568 4651.1605585843 31.7861788916705
v -677.468231963102 4656.64392457807 1353.57331921972
v -677.470611814842 4656.6428141597 1353.57499819628
v 142.484621676129 4179.48676668171 2429.42854230401
v -1287.11781079785 3961.34129669762 2574.23562159571
v -1287.28617987632 3961.85948343859 2573.20613431923
v 113.507243290522 4183.1775195224 2416.75355809069
v -1261.48624377454 3973.36492152492 2556.02919611716
v -674.728637907068 4641.87754252354 1382.51398438222
v 119.139733528456 4165.84249704381 2446.24565985911
v 116.457947488478 4198.57491675129 2469.07977301748
v -269.792671904012 3420.09151730779 3539.66235607358
v -267.110885864034 3387.35909760031 3516.82824291522
v -267.110885864034 3387.35909760031 3516.82824291522
v -269.792671904012 3420.09151730779 3539.66235607358
v -1258.53553957658 3988.76231875382 2608.35541104394
v -1255.85375353661 3956.02989904633 2585.52129788558
v -1255.85375353661 3956.02989904633 2585.52129788558
v -1258.53553957658 3988.76231875382 2608.35541104394
v 116.457947488478 4198.57491675129 2469.07977301748
v 119.139733528456 4165.84249704381 2446.24565985911
v -281.153642325458 3348.90041443943 3553.02845741062
v -288.657341288861 3371.99442520702 3584.81463630229
v -692.142372813088 2130.19518618825 4391.78469935072
v -684.638673849685 2107.10117542066 4359.99852045905
v -684.638673849685 2107.10117542066 4359.99852045905
v -692.142372813088 2130.19518618825 4391.78469935072
v -1748.47989929534 2897.66932310561 3584.81463630229
v -1740.97620033194 2874.57531233803 3553.02845741061
v -1740.97620033194 2874.57531233803 3553.02845741061
v -1748.47989929534 2897.66932310561 3584.81463630229
v -288.657341288861 3371.99442520702 3584.81463630229
v -281.153642325458 3348.90041443943 3553.02845741062
v -259.310817978628 3369.67930076185 3543.08810417923
v -1770.86093937304 2878.54689447757 3543.08810417923
v -1286.90856445378 3960.69730266926 2575.183354341
v -289.446162715713 3371.46727902309 3530.97021104389
v -1747.53188060278 2897.70651048569 3530.97021104389
v -1280.69718156133 3941.58063179806 2597.300812961
v -1770.86093937304 2878.54689447757 3543.08810417923
v -1770.86299856871 2878.54479718162 3543.08914184377
v -2571.91316398014 3297.52546271101 2429.428542304
v -1287.11781079785 3961.34129669762 2574.23562159571
v -1286.90856445378 3960.69730266926 2575.183354341
v -2545.00685226542 3300.20879766773 2446.24565985911
v -1309.28900322683 3938.66773394885 2585.52129788558
v -1774.94247574165 2897.43491544689 3516.82824291522
v -1770.86299856871 2878.54479718162 3543.08914184377
v -2571.91316398014 3297.52546271101 2429.428542304
v -2572.3918313027 3297.18468825276 2429.31965742705
v -2947.82499422383 2141.72022342077 3180.18598326931
v -2947.52732209268 2141.50395195809 3180.6568585291
v -1771.16822663705 2877.60540178062 3543.69959798044
v -2565.46041323729 3276.26182745069 2455.24244054862
v -2925.78756931067 2167.28887120647 3175.89675269538
v -1796.38697834511 2874.00624658254 3524.44736625041
v -2947.52732209268 2141.50395195809 3180.6568585291
v -1771.16822663705 2877.60540178062 3543.69959798044
v -1771.16763085189 2877.60299516213 3543.70148713692
v -2081.88418227731 1514.01393123859 4165.13458998749
v -2082.60036539629 1513.09773429991 4165.20073079257
v -2088.94464793915 1539.134391552 4144.83258731021
v -2920.83252475709 2143.53631259232 3197.89700484244
v -1789.97671506525 2851.16428458669 3546.89672156242
v -677.399687870984 2082.93406881755 4379.26584396419
v -1771.16763085189 2877.60299516213 3543.70148713692
v -2081.88418227731 1514.01393123859 4165.13458998749
v -2062.28727041017 1536.09368252858 4160.48099065865
v -707.480206256596 2084.89078523849 4367.03829812564
v -1762.56094342184 2851.4518112683 3561.028336682
v -677.399687870984 2082.93406881755 4379.26584396419
v -2081.88418227731 1514.01393123859 4165.13458998749
v -2082.60036539629 1513.09773429991 4165.20073079257
v -983.370632594325 714.460585371317 4681.1390508449
v -677.396696100903 2082.93386892451 4379.2666954561
v -698.899526767654 2058.45030595197 4380.40552472245
v -2050.27853802384 1511.04181830599 4174.37086686003
v -993.037945074242 742.911565194508 4670.6010170645
v 794.364623235334 2448.56381941602 4165.1345899875
v -258.507889262953 3369.09593890294 3543.70148713693
v -676.290067676593 2083.29460627405 4379.26584396419
v 765.532236315016 2454.90793765521 4160.48099065866
v -250.099565436362 3342.88030276734 3561.02833668201
v -653.104546158188 2102.55850820013 4367.03829812564
v 785.31122384095 2473.03673630644 4144.83258731021
v 791.172897845606 2499.56196895518 4174.19332317962
v -221.889062315186 3385.28750769655 3576.25745743183
v -227.750736319842 3358.7622750478 3546.89672156242
v -227.750736319842 3358.7622750478 3546.89672156242
v -221.889062315186 3385.28750769655 3576.25745743183
v 1108.92579196107 3477.50482006414 3227.25774071185
v 1103.06411795642 3450.9795874154 3197.89700484244
v 1103.06411795642 3450.9795874154 3197.89700484244
v 1108.92579196107 3477.50482006414 3227.25774071185
v 791.172897845606 2499.56196895518 4174.19332317962
v 785.31122384095 2473.03673630644 4144.83258731021
v 802.115153068719 2468.65660151841 4199.92946725048
v 1135.4492835354 3494.55356723434 3206.56023337293
v 2208.0335896395 2595.69916111302 3572.67339633815
v 2169.33409407288 2608.33200609784 3576.25745743183
v 829.133342697019 2487.22787274519 4174.19332317962
v 1146.88623681249 3465.17072385416 3227.25774071185
v 1786.33669816908 1297.84958055652 4416.06717927903
v 3150.97650486774 1297.84958055652 3572.67339633817
v 2208.0335896395 2595.69916111302 3572.67339633815
v 2215.5372886029 2558.33226675451 3584.81463630229
v 3117.75724699472 1316.53302773576 3584.81463630229
v 1812.05225707866 1316.53302773575 4391.78469935072
v 1764.22556014761 1317.1203443646 4367.03829812564
v 1777.57765167219 1334.51985462968 4400.48943703681
v 836.982184093338 2453.43031011455 4193.93212956983
v 823.630092568754 2436.03079984947 4160.48099065866
v 823.630092568754 2436.03079984947 4160.48099065866
v 836.982184093338 2453.43031011455 4193.93212956983
v 2180.58263239404 2574.84164919689 3594.47947559317
v 2167.23054086945 2557.44213893181 3561.028336682
v 2167.23054086945 2557.44213893181 3561.028336682
v 2180.58263239404 2574.84164919689 3594.47947559317
v 1777.57765167219 1334.51985462968 4400.48943703681
v 1764.22556014761 1317.1203443646 4367.03829812564
v 375.614158112547 1156.02151075292 4681.1390508449
v 795.482554598429 2448.24356239771 4165.20073079258
v 794.364623235334 2448.56381941602 4165.1345899875
v -676.290067676593 2083.29460627405 4379.26584396419
v -676.29237057526 2083.29268603884 4379.2666954561
v -644.505137899861 2076.12411425966 4380.40552472245
v 366.712111845382 1184.72114064151 4670.6010170645
v 770.542084066036 2427.58199796295 4174.37086686004
v 803.515256242799 2416.86836487544 4174.37086686004
v 810.387392007931 2429.5337689207 4211.68522455779
v 1748.60288157869 1313.4544798287 4417.71988242021
v 1741.73074581355 1300.78907578344 4380.40552472245
v 1741.73074581355 1300.78907578344 4380.40552472245
v 1748.60288157869 1313.4544798287 4417.71988242021
v 406.557419787281 1186.67291159926 4707.91537476226
v 399.685284022149 1174.007507554 4670.6010170645
v 399.685284022149 1174.007507554 4670.6010170645
v 406.557419787281 1186.67291159926 4707.91537476226
v 810.387392007931 2429.5337689207 4211.68522455779
v 803.515256242799 2416.86836487544 4174.37086686004
v 1746.94539303578 1269.23012214354 4387.01310798445
v 1754.79734701572 1274.93490063791 4425.81777678895
v 1220.19488416483 39.3435224386394 4715.63983698243
v 1212.34293018489 33.6387439442712 4676.83516817793
v 1212.34293018489 33.6387439442712 4676.83516817793
v 1220.19488416483 39.3435224386394 4715.63983698243
v 414.478869045572 1148.31647868286 4715.63983698243
v 406.626915065631 1142.61170018849 4676.83516817793
v 406.626915065631 1142.61170018849 4676.83516817793
v 414.478869045572 1148.31647868286 4715.63983698243
v 1754.79734701572 1274.93490063791 4425.81777678895
v 1746.94539303578 1269.23012214354 4387.01310798445
v -676.29237057526 2083.29268603884 4379.2666954561
v -677.396696100903 2082.93386892451 4379.2666954561
v 375.614158112547 1156.02151075292 4681.1390508449
v 375.433162921131 1155.46446483198 4681.25756724113
v -982.896781031387 714.116312058876 4681.25756724113
v -983.370632594325 714.460585371317 4681.1390508449
v -961.033675933814 739.811610604064 4676.83516817793
v -667.273763649628 2053.65747717342 4387.01310798445
v 342.642221809266 1163.40158728491 4676.83516817793
v -8.74119792315826e-14 2.82243347876359e-12 4836.30538346705
v 1214.92723622053 5.47516919919863e-12 4681.25756724113
v 375.433162921131 1155.46446483198 4681.25756724113
v 380.364451775115 1118.04749205762 4684.09756672646
v 22.3695299823395 16.2524148636635 4831.94367177499
v 1180.86543250347 16.2524148636658 4684.09756672647
v 1772.34324873339 -1286.96511019933 4379.26669545611
v 1771.6607380239 -1287.9045056004 4379.2666954561
v 375.614158112527 -1156.02151075291 4681.1390508449
v 375.433162921128 -1155.464464832 4681.25756724113
v 1214.92723622053 5.47516919919863e-12 4681.25756724113
v 1215.51294896355 -4.53511764228371e-12 4681.1390508449
v 1212.34293018489 -33.6387439442715 4676.83516817793
v 1746.94539303578 -1269.23012214354 4387.01310798445
v 406.626915065631 -1142.61170018849 4676.83516817793
v 2574.19474433013 -1.16218076884948 4165.1345899875
v 1772.34578662042 -1286.96351339786 4379.26584396419
v 2574.23562159571 -1.25180719913822e-12 4165.20073079258
v 1215.51294896355 -4.53511764228371e-12 4681.1390508449
v 1772.34324873339 -1286.96511019933 4379.26669545611
v 1775.34832693113 -1254.51844492324 4380.40552472245
v 2546.87827686097 -17.3350224785844 4174.37086686004
v 1240.05703540308 -17.3350224785882 4670.60101706451
v 1240.05703540308 17.3350224785883 4670.6010170645
v 1254.22615719091 19.9569868882729 4707.91537476226
v 1789.51744871896 1257.14040933292 4417.71988242021
v 1775.34832693113 1254.51844492324 4380.40552472245
v 1775.34832693113 1254.51844492324 4380.40552472245
v 1789.51744871896 1257.14040933292 4417.71988242021
v 2561.04739864879 19.9569868882714 4211.6852245578
v 2546.87827686096 17.3350224785868 4174.37086686004
v 2546.87827686096 17.3350224785868 4174.37086686004
v 2561.04739864879 19.9569868882714 4211.6852245578
v 1254.22615719091 19.9569868882729 4707.91537476226
v 1240.05703540308 17.3350224785883 4670.6010170645
v 3101.98307913597 1270.86564514722 3561.02833668201
v 3122.65701994547 1278.18749443213 3594.47947559318
v 2591.99260258438 37.8656998649291 4193.93212956983
v 2571.31866177488 30.5438505800162 4160.48099065866
v 2571.31866177488 30.5438505800162 4160.48099065866
v 2591.99260258438 37.8656998649291 4193.93212956983
v 1818.50550705863 1278.18749443212 4400.48943703681
v 1797.83156624913 1270.86564514721 4367.03829812564
v 1797.83156624913 1270.86564514721 4367.03829812564
v 1818.50550705863 1278.18749443212 4400.48943703681
v 3122.65701994547 1278.18749443213 3594.47947559318
v 3101.98307913597 1270.86564514722 3561.02833668201
v 3643.34413564447 1.20496205605984e-12 3180.6568585291
v 3124.31921233012 -1286.96511019941 3543.69959798044
v 3124.31731575494 -1286.96351339787 3543.70148713692
v 2574.19474433013 -1.16218076884948 4165.1345899875
v 2574.23562159571 -1.25180719913822e-12 4165.20073079258
v 2594.67221714178 -17.3350224785844 4144.83258731021
v 3622.94218254672 -17.3350224785884 3197.89700484244
v 3123.99390036631 -1254.51844492324 3546.89672156242
v 2594.67221714178 17.3350224785868 4144.83258731021
v 2621.71056938153 19.9569868882714 4174.19332317962
v 3151.03225260606 1257.14040933292 3576.25745743183
v 3123.99390036631 1254.51844492324 3546.89672156242
v 3123.99390036631 1254.51844492324 3546.89672156242
v 3151.03225260606 1257.14040933292 3576.25745743183
v 3649.98053478648 19.9569868882728 3227.25774071185
v 3622.94218254672 17.3350224785882 3197.89700484244
v 3622.94218254672 17.3350224785882 3197.89700484244
v 3649.98053478648 19.9569868882728 3227.25774071185
v 2621.71056938153 19.9569868882714 4174.19332317962
v 2594.67221714178 17.3350224785868 4144.83258731021
v 4001.23945752944 1142.61170018849 2455.24244054862
v 4032.43590787487 1148.31647868286 2479.619417149
v 3672.10875180149 39.3435224386393 3200.27372929577
v 3640.91230145606 33.638743944271 3175.89675269538
v 3640.91230145606 33.638743944271 3175.89675269538
v 3672.10875180149 39.3435224386393 3200.27372929577
v 3173.80253103814 1274.93490063791 3548.82434285079
v 3142.60608069272 1269.23012214354 3524.44736625041
v 3142.60608069272 1269.23012214354 3524.44736625041
v 3173.80253103814 1274.93490063791 3548.82434285079
v 4032.43590787487 1148.31647868286 2479.619417149
v 4001.23945752944 1142.61170018849 2455.24244054862
v 3124.62444039845 -1287.90450560041 3543.08914184377
v 4018.95829375702 -1156.02151075292 2429.428542304
v 4019.14524155471 -1155.46446483198 2429.31965742705
v 3643.71207863358 3.19744231092045e-12 3180.1859832693
v 3643.34413564447 1.20496205605984e-12 3180.6568585291
v 3124.31921233012 -1286.96511019941 3543.69959798044
v 4001.23945752945 -1142.61170018849 2455.24244054862
v 3640.91230145606 -33.6387439442716 3175.89675269538
v 3142.60608069272 -1269.23012214354 3524.44736625041
v 3643.71207863358 3.19744231092045e-12 3180.1859832693
v 4325.7230389522 -3.84878391684163e-13 2162.8615194761
v 4019.14524155471 1155.46446483197 2429.31965742705
v 4311.81784748247 16.2524148636632 2180.91881857386
v 3661.4851531052 16.2524148636656 3150.99026623133
v 4019.48007489797 1118.04749205762 2435.00042264579
v 4219.38235171046 2083.29268603895 1353.57331921972
v 4018.95829375701 1156.02151075292 2429.42854230401
v 4019.14524155471 1155.46446483197 2429.31965742705
v 4626.60885966496 714.116312058866 1214.39242120654
v 4626.71476823879 714.460585371302 1213.91559334046
v 4219.87622109931 2082.93386892466 1352.58558044201
v 4029.85428225759 1163.40158728491 2398.01279109234
v 4612.8758678539 739.811610604064 1231.9696198997
v 4222.27771007888 2053.65747717342 1365.10410747809
v 4219.38235171046 2083.29268603895 1353.57331921972
v 4219.38056022521 2083.2946062743 1353.57499819627
v 4018.95829375701 1156.02151075292 2429.42854230401
v 3369.71817619414 2448.24356239771 2574.23562159571
v 3370.15897216423 2448.56381941615 2573.20613431923
v 4013.5139059226 1184.72114064151 2416.75355809069
v 3389.0739127383 2427.58199796295 2556.02919611716
v 4206.18526895641 2076.12411425966 1382.51398438222
v 3998.76785503839 1174.007507554 2446.24565985911
v 4029.06951863367 1186.67291159925 2469.07977301748
v 3169.32980328519 1313.4544798287 3539.66235607358
v 3139.02813968991 1300.78907578344 3516.82824291521
v 3139.02813968991 1300.78907578344 3516.82824291521
v 3169.32980328519 1313.4544798287 3539.66235607358
v 3404.62952544937 2429.5337689207 2608.35541104394
v 3374.32786185409 2416.86836487544 2585.52129788558
v 3374.32786185409 2416.86836487544 2585.52129788558
v 3404.62952544937 2429.5337689207 2608.35541104394
v 4029.06951863367 1186.67291159925 2469.07977301748
v 3998.76785503839 1174.007507554 2446.24565985911
v 3117.01214195503 1317.1203443646 3530.97021104389
v 3140.96051330894 1334.51985462969 3557.87248886623
v 2239.81398114395 2574.84164919689 3557.87248886623
v 2215.86560979004 2557.44213893181 3530.97021104389
v 2215.86560979004 2557.44213893181 3530.97021104389
v 2239.81398114395 2574.84164919689 3557.87248886623
v 3376.85712197768 2453.43031011457 2624.20309078334
v 3352.90875062376 2436.03079984948 2597.300812961
v 3352.90875062376 2436.03079984948 2597.300812961
v 3376.85712197768 2453.43031011457 2624.20309078334
v 3140.96051330894 1334.51985462969 3557.87248886623
v 3117.01214195503 1317.1203443646 3530.97021104389
v 1135.4492835354 3494.55356723434 3206.56023337293
v 2360.24630571007 3494.55356723434 2449.59404434933
v 2208.0335896395 2595.69916111302 3572.67339633815
v 1172.16192288891 3480.22513989316 3200.27372929577
v 2193.2940639848 2624.48902755903 3548.82434285079
v 2338.20509408154 3480.22513989316 2479.619417149
v 3341.30306134819 2462.32310321893 2585.52129788558
v 3362.71230540572 2487.22787274519 2608.35541104394
v 2228.54621189228 2608.33200609784 3539.66235607358
v 2207.13696783475 2583.42723657158 3516.82824291522
v 2207.13696783475 2583.42723657158 3516.82824291522
v 2228.54621189228 2608.33200609784 3539.66235607358
v 2373.64395806331 3465.17072385416 2469.07977301748
v 2352.23471400578 3440.26595432789 2446.24565985911
v 2352.23471400578 3440.26595432789 2446.24565985911
v 2373.64395806331 3465.17072385416 2469.07977301748
v 3362.71230540572 2487.22787274519 2608.35541104394
v 3341.30306134819 2462.32310321893 2585.52129788558
v 2351.75411872769 3473.10831310718 2398.01279109234
v 2371.67269324739 3504.54077399738 2412.68421881731
v 2148.97826372445 4189.92375356076 1246.64104762468
v 2129.05968920475 4158.49129267056 1231.9696198997
v 2129.05968920475 4158.49129267056 1231.9696198997
v 2148.97826372445 4189.92375356076 1246.64104762468
v 3277.81846780866 3412.44212959672 1379.77553520307
v 3257.89989328896 3381.00966870653 1365.10410747809
v 3257.89989328896 3381.00966870653 1365.10410747809
v 3277.81846780866 3412.44212959672 1379.77553520307
v 2371.67269324739 3504.54077399738 2412.68421881731
v 2351.75411872769 3473.10831310718 2398.01279109234
v 3285.0012955311 3369.67881437859 1352.58558044201
v 3285.00166374659 3369.67930076182 1352.58252372249
v 2109.22588686477 4179.48676668171 1213.91559334046
v 2878.46990529174 3961.23149853507 -0.610994588337803
v 2134.70772544536 4165.84249704381 1200.5561342181
v 2874.19542427948 3956.02989904633 33.0105307866831
v 3265.00242620426 3387.35909760031 1333.86216394105
v 2108.86573593843 4179.4924279467 1214.39242120653
v 2109.22588686477 4179.48676668171 1213.91559334046
v 1513.16141723425 4657.03198291063 -1.59735562308683
v 750.2410961579 4621.04769206333 1213.91559334046
v 750.535791985918 4620.84058071981 1214.39242120653
v 779.084032469415 4615.72001329567 1196.59975137147
v 2082.75993021249 4192.13003661483 1196.59975137147
v 1510.95450025318 4650.23979085006 30.5565801788427
v 3285.18993685164 3369.09823609194 1353.57331921972
v 2341.36820323399 3465.02618131041 2429.428542304
v 3285.1912095046 3369.09593890285 1353.57499819628
v 3370.15897216423 2448.56381941615 2573.20613431923
v 3369.71817619414 2448.24356239771 2574.23562159571
v 3356.0491122324 2473.03673630643 2556.02919611716
v 2366.98076488999 3450.9795874154 2416.75355809069
v 3274.29409710125 3358.7622750478 1382.51398438223
v 3285.0012955311 3369.67881437859 1352.58558044201
v 3285.18993685164 3369.09823609194 1353.57331921972
v 3285.00166374659 3369.67930076182 1352.58252372249
v 3961.48366555055 2878.18635702104 -0.381479885440257
v 4219.8767974621 2082.93406881772 1352.58252372248
v 4219.87622109931 2082.93386892466 1352.58558044201
v 4219.38235171046 2083.29268603895 1353.57331921972
v 4219.38056022521 2083.2946062743 1353.57499819627
v 3285.1912095046 3369.09593890285 1353.57499819628
v 3303.66099397684 3348.90041443945 1337.49116880772
v 4205.88095236866 2107.1011754207 1337.49116880772
v 3956.51348893486 2874.57531233804 31.7861788916706
v 1336.72193199547 4114.00708388357 2162.8615194761
v 2108.86573593843 4179.4924279467 1214.39242120653
v 2340.89619112756 3465.37611588783 2429.31965742705
v 1361.70708642436 4105.80473331845 2153.26855889096
v 2097.98610491747 4168.24839291434 1248.85426044176
v 2319.23913438526 3487.30158657116 2407.35016296289
v 2305.41400454381 3477.25704178615 2435.00042264579
v 2319.12206899154 3507.59071125314 2457.18053684217
v 1160.62616647041 3507.59071125314 3173.17038042772
v 1146.91810202269 3477.25704178615 3150.99026623133
v 1146.91810202269 3477.25704178615 3150.99026623133
v 1160.62616647041 3507.59071125314 3173.17038042772
v 1361.59002103063 4126.09385800043 2203.09893277024
v 1347.88195658291 4095.76018853345 2180.91881857386
v 1347.88195658291 4095.76018853345 2180.91881857386
v 1361.59002103063 4126.09385800043 2203.09893277024
v 2319.12206899154 3507.59071125314 2457.18053684217
v 2305.41400454381 3477.25704178615 2435.00042264579
v 149.762687880844 4158.49129267056 2455.24244054862
v 153.977354440665 4189.92375356076 2479.619417149
v 1097.32609611036 3504.54077399738 3200.27372929577
v 1093.11142955054 3473.10831310718 3175.89675269538
v 1093.11142955054 3473.10831310718 3175.89675269538
v 1097.32609611036 3504.54077399738 3200.27372929577
v -231.776226222786 3412.44212959672 3548.82434285079
v -235.990892782607 3381.00966870653 3524.44736625041
v -235.990892782607 3381.00966870653 3524.44736625041
v -231.776226222786 3412.44212959672 3548.82434285079
v 153.977354440665 4189.92375356076 2479.619417149
v 149.762687880844 4158.49129267056 2455.24244054862
v 1125.96895490703 3465.37611588783 3180.18598326931
v 1336.72193199547 4114.00708388357 2162.8615194761
v 143.072173875662 4179.4924279467 2429.31965742705
v 1316.96802645967 4105.80473331845 2180.91881857386
v 1116.00417189944 3487.30158657116 3150.99026623133
v 178.761298846106 4168.24839291434 2435.00042264579
v -677.468231963102 4656.64392457807 1353.57331921972
v 142.484621676129 4179.48676668171 2429.42854230401
v 143.072173875662 4179.4924279467 2429.31965742705
v 750.535791985918 4620.84058071981 1214.39242120653
v 750.2410961579 4621.04769206333 1213.91559334046
v -676.974362574248 4657.00274169235 1352.58558044201
v 138.832797416815 4192.13003661483 2398.01279109234
v 721.854383013133 4615.72001329567 1231.9696198997
v -648.388758519138 4650.23979085006 1365.10410747809
v 142.484621676129 4179.48676668171 2429.42854230401
v -259.307919294722 3369.67881437864 3543.08914184377
v -259.310817978628 3369.67930076185 3543.08810417923
v -1286.90856445378 3960.69730266926 2575.183354341
v -1287.11781079785 3961.34129669762 2574.23562159571
v -1255.85375353661 3956.02989904633 2585.52129788558
v 119.139733528456 4165.84249704381 2446.24565985911
v -267.110885864034 3387.35909760031 3516.82824291522
v -259.310817978628 3369.67930076185 3543.08810417923
v -259.307919294722 3369.67881437864 3543.08914184377
v -1770.86093937304 2878.54689447757 3543.08810417923
v -1770.86299856871 2878.54479718162 3543.08914184377
v -1771.16822663705 2877.60540178062 3543.69959798044
v -1771.16763085189 2877.60299516213 3543.70148713692
v -677.399687870984 2082.93406881755 4379.26584396419
v -677.396696100903 2082.93386892451 4379.2666954561
v -676.29237057526 2083.29268603884 4379.2666954561
v -676.290067676593 2083.29460627405 4379.26584396419
v -258.507889262953 3369.09593890294 3543.70148713693
v -258.508821837499 3369.09823609195 3543.69959798044
v -281.153642325458 3348.90041443943 3553.02845741062
v -684.638673849685 2107.10117542066 4359.99852045905
v -1740.97620033194 2874.57531233803 3553.02845741061
v -258.508821837499 3369.09823609195 3543.69959798044
v -258.507889262953 3369.09593890294 3543.70148713693
v 1125.85525427044 3465.02618131041 3180.6568585291
v 795.482554598429 2448.24356239771 4165.20073079258
v 794.364623235334 2448.56381941602 4165.1345899875
v 1103.06411795642 3450.9795874154 3197.89700484244
v 785.31122384095 2473.03673630644 4144.83258731021
v -227.750736319842 3358.7622750478 3546.89672156242
v 1136.03729013318 3440.26595432789 3197.89700484244
v 1146.88623681249 3465.17072385416 3227.25774071185
v 2169.33409407288 2608.33200609784 3576.25745743183
v 2158.48514739357 2583.42723657158 3546.89672156242
v 2158.48514739357 2583.42723657158 3546.89672156242
v 2169.33409407288 2608.33200609784 3576.25745743183
v 829.133342697019 2487.22787274519 4174.19332317962
v 818.284396017714 2462.32310321893 4144.83258731021
v 818.284396017714 2462.32310321893 4144.83258731021
v 829.133342697019 2487.22787274519 4174.19332317962
v 1146.88623681249 3465.17072385416 3227.25774071185
v 1136.03729013318 3440.26595432789 3197.89700484244
v 3098.11230806718 1302.26014414483 3553.02845741062
v 3117.75724699472 1316.53302773576 3584.81463630229
v 1812.05225707866 1316.53302773575 4391.78469935072
v 1792.40731815112 1302.26014414483 4359.99852045905
v 1792.40731815112 1302.26014414483 4359.99852045905
v 1812.05225707866 1316.53302773575 4391.78469935072
v 2215.5372886029 2558.33226675451 3584.81463630229
v 2195.89234967536 2544.05938316359 3553.02845741061
v 2195.89234967536 2544.05938316359 3553.02845741061
v 2215.5372886029 2558.33226675451 3584.81463630229
v 3117.75724699472 1316.53302773576 3584.81463630229
v 3098.11230806718 1302.26014414483 3553.02845741062
v 1771.66000362569 1287.90741271318 4379.26584396419
v 2189.44218203935 2573.70874534208 3543.70148713692
v 796.575222422024 2447.84555219979 4165.1345899875
v 823.630092568754 2436.03079984947 4160.48099065866
v 1764.22556014761 1317.1203443646 4367.03829812564
v 2167.23054086945 2557.44213893181 3561.028336682
v 1771.66000362569 1287.90741271318 4379.26584396419
v 796.575222422024 2447.84555219979 4165.1345899875
v 795.482554598429 2448.24356239771 4165.20073079258
v 375.614158112547 1156.02151075292 4681.1390508449
v 1771.66073802391 1287.90450560039 4379.26669545611
v 1741.73074581355 1300.78907578344 4380.40552472245
v 803.515256242799 2416.86836487544 4174.37086686004
v 399.685284022149 1174.007507554 4670.6010170645
v 1771.66073802391 1287.90450560039 4379.26669545611
v 1772.34324873339 1286.96511019933 4379.2666954561
v 1215.51294896355 -4.53511764228371e-12 4681.1390508449
v 1214.92723622053 5.47516919919863e-12 4681.25756724113
v 375.433162921131 1155.46446483198 4681.25756724113
v 375.614158112547 1156.02151075292 4681.1390508449
v 406.626915065631 1142.61170018849 4676.83516817793
v 1746.94539303578 1269.23012214354 4387.01310798445
v 1212.34293018489 33.6387439442712 4676.83516817793
v 1215.51294896355 -4.53511764228371e-12 4681.1390508449
v 2574.23562159571 -1.25180719913822e-12 4165.20073079258
v 2574.19474433013 1.16218076887968 4165.1345899875
v 1772.34578662042 1286.96351339786 4379.26584396419
v 1772.34324873339 1286.96511019933 4379.2666954561
v 1775.34832693113 1254.51844492324 4380.40552472245
v 1240.05703540308 17.3350224785883 4670.6010170645
v 2546.87827686096 17.3350224785868 4174.37086686004
v 3124.31731575492 1286.96351339787 3543.70148713694
v 2574.19474433013 1.16218076887968 4165.1345899875
v 1772.34578662042 1286.96351339786 4379.26584396419
v 2571.31866177488 30.5438505800162 4160.48099065866
v 3101.98307913597 1270.86564514722 3561.02833668201
v 1797.83156624913 1270.86564514721 4367.03829812564
v 3124.31731575492 1286.96351339787 3543.70148713694
v 3124.31921233012 1286.96511019941 3543.69959798044
v 3643.34413564447 1.20496205605984e-12 3180.6568585291
v 2574.23562159571 -1.25180719913822e-12 4165.20073079258
v 2574.19474433013 1.16218076887968 4165.1345899875
v 3622.94218254672 17.3350224785882 3197.89700484244
v 2594.67221714178 17.3350224785868 4144.83258731021
v 3123.99390036631 1254.51844492324 3546.89672156242
v 3124.31921233012 1286.96511019941 3543.69959798044
v 3643.34413564447 1.20496205605984e-12 3180.6568585291
v 3643.71207863358 3.19744231092045e-12 3180.1859832693
v 4019.14524155471 1155.46446483197 2429.31965742705
v 4018.95829375701 1156.02151075292 2429.42854230401
v 3124.62444039845 1287.9045056004 3543.08914184377
v 3640.91230145606 33.638743944271 3175.89675269538
v 4001.23945752944 1142.61170018849 2455.24244054862
v 3142.60608069272 1269.23012214354 3524.44736625041
v 4018.95829375701 1156.02151075292 2429.42854230401
v 3124.62444039845 1287.9045056004 3543.08914184377
v 3124.62400723378 1287.90741271331 3543.08810417923
v 3369.17036215334 2447.84555219963 2575.18335434101
v 3369.71817619414 2448.24356239771 2574.23562159571
v 3374.32786185409 2416.86836487544 2585.52129788558
v 3998.76785503839 1174.007507554 2446.24565985911
v 3139.02813968991 1300.78907578344 3516.82824291521
v 3124.62400723378 1287.90741271331 3543.08810417923
v 2190.43465651302 2573.70874534208 3543.08810417923
v 3369.17036215334 2447.84555219963 2575.18335434101
v 3117.01214195503 1317.1203443646 3530.97021104389
v 2215.86560979004 2557.44213893181 3530.97021104389
v 3352.90875062376 2436.03079984948 2597.300812961
v 1157.09612280691 3452.31842601077 3175.89675269538
v 1172.16192288891 3480.22513989316 3200.27372929577
v 2338.20509408154 3480.22513989316 2479.619417149
v 2323.13929399955 3452.31842601077 2455.24244054862
v 2323.13929399955 3452.31842601077 2455.24244054862
v 2338.20509408154 3480.22513989316 2479.619417149
v 2193.2940639848 2624.48902755903 3548.82434285079
v 2178.2282639028 2596.58231367664 3524.44736625041
v 2178.2282639028 2596.58231367664 3524.44736625041
v 2193.2940639848 2624.48902755903 3548.82434285079
v 1172.16192288891 3480.22513989316 3200.27372929577
v 1157.09612280691 3452.31842601077 3175.89675269538
v 2190.43202553959 2573.71005565346 3543.08914184377
v 2190.43465651302 2573.70874534208 3543.08810417923
v 2341.36820323399 3465.02618131041 2429.428542304
v 3369.71817619414 2448.24356239771 2574.23562159571
v 3369.17036215334 2447.84555219963 2575.18335434101
v 2352.23471400578 3440.26595432789 2446.24565985911
v 3341.30306134819 2462.32310321893 2585.52129788558
v 2207.13696783475 2583.42723657158 3516.82824291522
v 3285.0012955311 3369.67881437859 1352.58558044201
v 2109.22588686477 4179.48676668171 1213.91559334046
v 2108.86573593843 4179.4924279467 1214.39242120653
v 2340.89619112756 3465.37611588783 2429.31965742705
v 2341.36820323399 3465.02618131041 2429.428542304
v 3285.18993685164 3369.09823609194 1353.57331921972
v 2129.05968920475 4158.49129267056 1231.9696198997
v 2351.75411872769 3473.10831310718 2398.01279109234
v 3257.89989328896 3381.00966870653 1365.10410747809
v 1336.72193199547 4114.00708388357 2162.8615194761
v 2340.89619112756 3465.37611588783 2429.31965742705
v 1125.96895490703 3465.37611588783 3180.18598326931
v 1347.88195658291 4095.76018853345 2180.91881857386
v 2305.41400454381 3477.25704178615 2435.00042264579
v 1146.91810202269 3477.25704178615 3150.99026623133
v -258.508821837499 3369.09823609195 3543.69959798044
v 1125.85525427044 3465.02618131041 3180.6568585291
v 1125.96895490703 3465.37611588783 3180.18598326931
v 143.072173875662 4179.4924279467 2429.31965742705
v 142.484621676129 4179.48676668171 2429.42854230401
v -259.307919294722 3369.67881437864 3543.08914184377
v 1093.11142955054 3473.10831310718 3175.89675269538
v 149.762687880844 4158.49129267056 2455.24244054862
v -235.990892782607 3381.00966870653 3524.44736625041
v 1125.85525427044 3465.02618131041 3180.6568585291
v 2189.44428676181 2573.71005565346 3543.69959798044
v 2189.44218203935 2573.70874534208 3543.70148713692
v 796.575222422024 2447.84555219979 4165.1345899875
v 795.482554598429 2448.24356239771 4165.20073079258
v 818.284396017714 2462.32310321893 4144.83258731021
v 1136.03729013318 3440.26595432789 3197.89700484244
v 2158.48514739357 2583.42723657158 3546.89672156242
v 2189.44218203935 2573.70874534208 3543.70148713692
v 2189.44428676181 2573.71005565346 3543.69959798044
v 1771.66000362569 1287.90741271318 4379.26584396419
v 1771.66073802391 1287.90450560039 4379.26669545611
v 1772.34324873339 1286.96511019933 4379.2666954561
v 1772.34578662042 1286.96351339786 4379.26584396419
v 3124.31731575492 1286.96351339787 3543.70148713694
v 3124.31921233012 1286.96511019941 3543.69959798044
v 3124.62444039845 1287.9045056004 3543.08914184377
v 3124.62400723378 1287.90741271331 3543.08810417923
v 2190.43465651302 2573.70874534208 3543.08810417923
v 2190.43202553959 2573.71005565346 3543.08914184377
v 3098.11230806718 1302.26014414483 3553.02845741062
v 1792.40731815112 1302.26014414483 4359.99852045905
v 2195.89234967536 2544.05938316359 3553.02845741061
vn -0.08938124764976013 0.08938124764976013 -0.9919788229277602
vn -0.08938124764976013 0.08938124764976013 -0.9919788229277602
vn -0.08938125498129522 0.08938125498129522 -0.991978821606559
vn -0.08938124764976013 0.08938124764976013 -0.9919788229277602
vn 0.701434952381385 -0.701434952381385 -0.12640417380548957
vn 0.701434952381385 -0.701434952381385 -0.12640417380548957
vn 0.701434952381385 -0.701434952381385 -0.12640417380548957
vn 0.701434952381385 -0.701434952381385 -0.12640417380548957
vn 0.701434952381385 -0.701434952381385 -0.12640417380548957
vn 0.7014349520125478 -0.7014349520125478 -0.12640417789895078
vn 0.7014349533337488 -0.7014349533337488 -0.1264041632358809
vn 0.7014349520125478 -0.7014349520125478 -0.12640417789895078
vn 0.7014349533337488 -0.7014349533337488 -0.1264041632358809
vn -0.015054172833020154 0.09504831580272292 -0.9953588245167567
vn -0.015054172870997558 0.0950483101623633 -0.9953588250547887
vn -0.015054173764131665 0.09504831580139031 -0.9953588245028014
vn -0.015054173764131665 0.09504831580139031 -0.9953588245028014
vn -0.015054174667926717 0.09504831405714687 -0.9953588246556925
vn 0.01977396938776626 0.12484793340387594 -0.9919788221829301
vn 0.019773969406159796 0.12484792606942759 -0.9919788231056584
vn 0.019773969406159796 0.12484792606942759 -0.9919788231056584
vn 0.019773969406159796 0.12484792606942759 -0.9919788231056584
vn -0.09504831580272292 0.015054172833020154 -0.9953588245167567
vn -0.0950483101623633 0.015054172870997558 -0.9953588250547887
vn -0.09504831580139031 0.015054173764131665 -0.9953588245028014
vn -0.0950483084181196 0.015054173774792505 -0.9953588252076798
vn -0.09504831405714687 0.015054174667926717 -0.9953588246556925
vn -0.11262694723721085 0.057386297617771136 -0.9919788221538558
vn -0.11262693990521708 0.057386293952903844 -0.991978823198327
vn -0.11262693990521708 0.057386293952903844 -0.991978823198327
vn -0.11262693990521708 0.057386293952903844 -0.991978823198327
vn -0.043688915670720314 -0.08574432134785748 -0.995358824748197
vn -0.04368891305083364 -0.08574432365662071 -0.9953588246643044
vn -0.04368891195254056 -0.08574432136181269 -0.9953588249101957
vn -0.043688915670720314 -0.08574432134785748 -0.995358824748197
vn -0.04368891454451688 -0.08574432644885287 -0.9953588243582082
vn -0.08938125498129522 -0.08938125498129522 -0.991978821606559
vn -0.08938124764976013 -0.08938124764976013 -0.9919788229277602
vn -0.08938124764976013 -0.08938124764976013 -0.9919788229277602
vn -0.08938124764976013 -0.08938124764976013 -0.9919788229277602
vn -0.3766450024906429 -0.6976678439998873 -0.6094244182401721
vn -0.3766450024906429 -0.6976678439998873 -0.6094244182401721
vn -0.3766449925786183 -0.6976678212384794 -0.609424450423353
vn -0.37664502806516426 -0.6976678361686384 -0.6094244113994464
vn -0.3766450024906429 -0.6976678439998873 -0.6094244182401721
vn -0.3766450024906429 -0.6976678439998873 -0.6094244182401721
vn -0.3766450161720944 -0.6976678693423416 -0.6094243807725781
vn -0.37664503183459425 -0.6976678387496854 -0.6094244061150329
vn -0.3766450024906429 -0.6976678439998873 -0.6094244182401721
vn -0.7711442370094016 -0.5602690764352938 0.3023824196568489
vn -0.7711442284679412 -0.5602690865288947 0.3023824227376017
vn -0.7711442439587208 -0.5602690814842697 0.30238239257950444
vn -0.7711442370094016 -0.5602690764352938 0.3023824196568489
vn -0.7711442370094016 -0.5602690764352938 0.3023824196568489
vn -0.7711442370094016 -0.5602690764352938 0.3023824196568489
vn -0.7014349510601837 -0.7014349510601837 0.1264041884685606
vn -0.7014349520125478 -0.7014349520125478 0.12640417789895078
vn -0.7014349520125478 -0.7014349520125478 0.12640417789895078
vn -0.701434952381385 -0.701434952381385 0.12640417380548957
vn -0.7014349520125478 -0.7014349520125478 0.12640417789895078
vn -0.7014349533337488 -0.7014349533337488 0.1264041632358809
vn -0.4518834339791412 -0.8868712161884522 0.0962330919779407
vn -0.45188341009184124 -0.8868712289116256 0.09623308689090151
vn -0.4518834336551442 -0.8868712155525722 0.09623309935952286
vn -0.4518834334845719 -0.8868712163320962 0.09623309297649543
vn -0.4518834336551442 -0.8868712155525722 0.09623309935952286
vn -0.45188348125917516 -0.8868711908857451 0.09623310315057462
vn -0.8838596166729451 -0.450348935007581 0.12640417221077807
vn -0.8838595929475985 -0.4503489825235599 0.12640416881772476
vn -0.8838596043238198 -0.45034895794995045 0.12640417682155292
vn -0.8838596031454614 -0.45034895791730756 0.12640418517732213
vn -0.8838596166729451 -0.450348935007581 0.12640417221077807
vn -0.8838596048102719 -0.4503489587655709 0.12640417051425143
vn -0.8192949457085954 -0.412076391979257 0.3986838836844392
vn -0.8192949551162119 -0.41207642651327875 0.3986838286577105
vn -0.8192949554432168 -0.4120763968754274 0.3986838586191604
vn -0.8192949554432168 -0.4120763968754274 0.3986838586191604
vn -0.8192949453815913 -0.41207642161710845 0.39868385372299003
vn -0.8192949651778378 -0.4120764017715976 0.39868383355388076
vn -0.6450839847864858 -0.6518572184197898 0.3986838589233374
vn -0.6450840272523467 -0.6518572011010524 0.39868381852866286
vn -0.6450840195876493 -0.651857193355878 0.398683843593942
vn -0.6450840523162593 -0.6518571668234805 0.3986838340190114
vn -0.6450840195876493 -0.651857193355878 0.398683843593942
vn -0.6450840523162593 -0.6518571668234805 0.3986838340190114
vn 0.24463249987979097 0.1777359115995909 0.9531867003533077
vn 0.24463249987979097 0.1777359115995909 0.9531867003533077
vn 0.24463249987979097 0.1777359115995909 0.9531867003533077
vn 0.24463249987979097 0.1777359115995909 0.9531867003533077
vn 0.3349008094627201 -0.7609010635265829 -0.5557616569585652
vn 0.3349008094627201 -0.7609010635265829 -0.5557616569585652
vn 0.3349008094627201 -0.7609010635265829 -0.5557616569585652
vn 0.3349008094627201 -0.7609010635265829 -0.5557616569585652
vn -0.6201699186319889 0.5536409447043372 -0.5557616182959033
vn -0.6201699186319889 0.5536409447043372 -0.5557616182959033
vn -0.6201699186319889 0.5536409447043372 -0.5557616182959033
vn -0.6201699186319889 0.5536409447043372 -0.5557616182959033
vn -0.7897705663296155 -0.5738019079457637 0.2168267119088408
vn -0.7897705734654984 -0.5738018968309503 0.21682671533088616
vn -0.7897705709137733 -0.5738018949770136 0.21682672953148724
vn -0.7897705984442117 -0.5738018716737393 0.2168266909233859
vn -0.7897705862048782 -0.5738018790806819 0.2168267159025416
vn -0.7897705688813402 -0.5738019097997002 0.21682669770824078
vn 0.08938124764976013 0.08938124764976013 0.9919788229277602
vn 0.08938124764976013 0.08938124764976013 0.9919788229277602
vn 0.08938124764976013 0.08938124764976013 0.9919788229277602
vn 0.08938124764976013 0.08938124764976013 0.9919788229277602
vn 0.5569971875297504 -0.6501293270435131 -0.516803629246058
vn 0.5569971875297504 -0.6501293270435131 -0.516803629246058
vn 0.5569971875297504 -0.6501293270435131 -0.516803629246058
vn 0.5569971875297504 -0.6501293270435131 -0.516803629246058
vn -0.6435966747043822 0.5471551635386234 -0.5351677749290255
vn -0.6435966747043822 0.5471551635386234 -0.5351677749290255
vn -0.6435966747043822 0.5471551635386234 -0.5351677749290255
vn -0.6435966747043822 0.5471551635386234 -0.5351677749290255
vn -0.6112143195976683 -0.766984079843133 0.1953265900637745
vn -0.6112143493188243 -0.7669840575341672 0.1953265846606433
vn -0.6112143102024615 -0.7669840832439495 0.19532660610927377
vn -0.6112143195976683 -0.766984079843133 0.1953265900637745
vn -0.6112143475398282 -0.7669840553017887 0.1953265989932885
vn -0.6112143569350311 -0.7669840519009743 0.19532658294779032
vn -0.2881619046172435 -0.8868712217512551 0.3611400735958261
vn -0.2881618984143779 -0.8868712026607961 0.3611401254267033
vn -0.2881619257419957 -0.8868711950444402 0.3611401223252702
vn -0.2881618925223362 -0.8868712166444367 0.3611400957877181
vn -0.2881619198499563 -0.8868712090280801 0.36114009268628505
vn -0.2881619198499563 -0.8868712090280801 0.36114009268628505
vn 0.04366086909329831 -0.9797659174770232 0.19532658667069602
vn 0.04366087281148729 -0.9797659173176648 0.19532658663892627
vn 0.04366087013467453 -0.9797659168536524 0.19532658956477209
vn 0.04366087281148729 -0.9797659173176648 0.19532658663892627
vn 0.043660866543564776 -0.9797659198647103 0.19532657526389724
vn 0.043660869220377325 -0.9797659203287229 0.19532657233805056
vn 0.04368891195254056 0.08574432136181269 0.9953588249101957
vn 0.04368891195254056 0.08574432136181269 0.9953588249101957
vn 0.04368891195254056 0.08574432136181269 0.9953588249101957
vn 0.04368891195254056 0.08574432136181269 0.9953588249101957
vn 0.7706697707240672 -0.4424381625338783 -0.45860285305017373
vn 0.7706697707240672 -0.4424381625338783 -0.45860285305017373
vn 0.7706697707240672 -0.4424381625338783 -0.45860285305017373
vn 0.7706697707240672 -0.4424381625338783 -0.45860285305017373
vn -0.7841553754812809 0.3434646195802362 -0.5168485292621184
vn -0.7841553754812809 0.3434646195802362 -0.5168485292621184
vn -0.7841553754812809 0.3434646195802362 -0.5168485292621184
vn -0.7841553754812809 0.3434646195802362 -0.5168485292621184
vn -0.3035309924920274 -0.9341723641277093 0.18759245906179542
vn -0.3035310000857245 -0.9341723600115355 0.18759246727264403
vn -0.3035310093929395 -0.9341723565387271 0.1875924695071329
vn -0.3035310093929395 -0.9341723565387271 0.1875924695071329
vn -0.3035310085444654 -0.9341723539273925 0.1875924838839077
vn -0.30353099923725035 -0.9341723574002008 0.18759248164941983
vn 0.13873187873153198 -0.9065344121632695 0.39868386647494913
vn 0.13873187873153198 -0.9065344121632695 0.39868386647494913
vn 0.13873187873153198 -0.9065344121632695 0.39868386647494913
vn 0.1387318732617289 -0.9065344141872208 0.39868386377620546
vn 0.1387318732617289 -0.9065344141872208 0.39868386377620546
vn 0.138731887876095 -0.9065344123131729 0.3986838629520198
vn -0.8835435566967869 0.09504831540080577 -0.45860287957999224
vn -0.8835435566967869 0.09504831540080577 -0.45860287957999224
vn -0.8835435566967869 0.09504831540080577 -0.45860287957999224
vn -0.8835435566967869 0.09504831540080577 -0.45860287957999224
vn 0.015054172843680994 0.09504830841945222 0.995358825221635
vn 0.015054172843680994 0.09504830841945222 0.995358825221635
vn 0.015054172843680994 0.09504830841945222 0.995358825221635
vn 0.015054172843680994 0.09504830841945222 0.995358825221635
vn 0.8362784685869425 -0.18304624320483323 -0.5168485230959602
vn 0.8362784685869425 -0.18304624320483323 -0.5168485230959602
vn 0.8362784685869425 -0.18304624320483323 -0.5168485230959602
vn 0.8362784685869425 -0.18304624320483323 -0.5168485230959602
vn -0.1557084201836209 -0.9831043068071688 0.0962331014834152
vn -0.1557084201836209 -0.9831043068071688 0.0962331014834152
vn -0.1557084110594842 -0.9831043088042771 0.09623309584438826
vn -0.15570842941940044 -0.9831043055149383 0.09623309974086001
vn -0.1557084204069044 -0.9831043082169254 0.09623308672025052
vn -0.15570842941940044 -0.9831043055149383 0.09623309974086001
vn 0.2945508885229023 -0.9065344113039845 0.3023824320163242
vn 0.29455091573956743 -0.9065344033461529 0.3023824293619203
vn 0.29455089117730604 -0.9065344194733992 0.30238240493898155
vn 0.2945509070929698 -0.9065344088521281 0.30238242127781073
vn 0.2945509070929698 -0.9065344088521281 0.30238242127781073
vn 0.2945509070929698 -0.9065344088521281 0.30238242127781073
vn 0.1551796739716137 -0.979765917399316 0.1264041767060739
vn 0.15517966878385048 -0.9797659191226542 0.126404169717122
vn 0.15517965942928383 -0.9797659196648847 0.1264041769983655
vn 0.15517968303388954 -0.9797659150116285 0.12640418408790094
vn 0.1551796739716137 -0.979765917399316 0.1264041767060739
vn 0.15517966878385048 -0.9797659191226542 0.126404169717122
vn -0.11262694723721085 -0.057386297617771136 -0.9919788221538558
vn -0.11262693990521708 -0.057386293952903844 -0.991978823198327
vn -0.11262693990521708 -0.057386293952903844 -0.991978823198327
vn -0.11262693990521708 -0.057386293952903844 -0.991978823198327
vn -0.4461881633236741 0.7306367943041355 -0.5168036355510888
vn -0.4461881633236741 0.7306367943041355 -0.5168036355510888
vn -0.4461881633236741 0.7306367943041355 -0.5168036355510888
vn -0.4461881633236741 0.7306367943041355 -0.5168036355510888
vn 0.11262694726128833 0.05738629390474893 0.9919788223659218
vn 0.11262694726128833 0.05738629390474893 0.9919788223659218
vn 0.11262694726128833 0.05738629390474893 0.9919788223659218
vn 0.11262694726128833 0.05738629390474893 0.9919788223659218
vn 0.32149316967660446 -0.781177081822353 -0.5351677388322309
vn 0.32149316967660446 -0.781177081822353 -0.5351677388322309
vn 0.32149316967660446 -0.781177081822353 -0.5351677388322309
vn 0.32149316967660446 -0.781177081822353 -0.5351677388322309
vn -0.9183208094084899 -0.34428827263274087 0.1953265889091891
vn -0.9183208120813481 -0.3442882736348239 0.1953265745765435
vn -0.9183208215038617 -0.34428824736510094 0.19532657658070945
vn -0.918320818747756 -0.34428825378771427 0.19532657821775679
vn -0.918320806652385 -0.34428827905535236 0.19532659054623555
vn -0.918320806652385 -0.34428827905535236 0.19532659054623555
vn -0.9831043068071688 -0.1557084201836209 0.0962331014834152
vn -0.9831043068071688 -0.1557084201836209 0.0962331014834152
vn -0.9831043088042771 -0.1557084110594842 0.09623309584438826
vn -0.9831043055149383 -0.15570842941940044 0.09623309974086001
vn -0.9831043055149383 -0.15570842941940044 0.09623309974086001
vn -0.9831043082169254 -0.1557084204069044 0.09623308672025052
vn -0.9831043052310127 0.15570843483514377 0.09623309387854934
vn -0.983104306523243 0.15570842559936446 0.09623309562110476
vn -0.983104306523243 0.15570842559936446 0.09623309562110476
vn -0.983104307815473 0.15570841636358623 0.09623309736365997
vn -0.98310430481006 0.15570842930775866 0.09623310712244278
vn -0.9831043068071688 0.1557084201836209 0.0962331014834152
vn -0.9325115712819638 1.0156799859777205e-14 0.36114009667335867
vn -0.9325115612455147 -1.127567409412563e-13 0.36114012258879885
vn -0.932511551209065 -7.569620055582537e-14 0.3611401485042382
vn -0.9325115712819638 -4.6199765199977854e-14 0.36114009667335867
vn -0.9325115790557309 3.988496930559784e-14 0.36114007660046193
vn -0.9325115667566019 2.7989095688566065e-14 0.3611401083584428
vn -0.8678998980710316 -0.1891085829960457 0.4593339860771469
vn -0.8678998596018537 -0.18910858760129767 0.45933405686768425
vn -0.8678998833635992 -0.1891085927787961 0.4593340098388909
vn -0.8678998829827259 -0.18910859078203113 0.4593340113806129
vn -0.867899857156166 -0.18910860196956203 0.4593340555733096
vn -0.8678998690370389 -0.18910860455831147 0.45933403205891343
vn -0.8647500600490226 -0.3430387567813858 0.3667856935474625
vn -0.8647500394362024 -0.3430387958937435 0.36678570556505735
vn -0.8647500544689332 -0.3430387782124533 0.3667856866597773
vn -0.8647500606610173 -0.3430387868264802 0.36678566400472
vn -0.8647500512083787 -0.3430387830767011 0.36678568979768345
vn -0.8647500456282883 -0.34303880450776986 0.36678568290999786
vn 0.549875031809845 -0.761704042653423 0.3427016206520688
vn 0.549875031809845 -0.761704042653423 0.3427016206520688
vn 0.549875031809845 -0.761704042653423 0.3427016206520688
vn 0.549875031809845 -0.761704042653423 0.3427016206520688
vn -0.4525957077805987 0.037900596608043735 -0.8909100235575607
vn -0.4525957077805987 0.037900596608043735 -0.8909100235575607
vn -0.4525957077805987 0.037900596608043735 -0.8909100235575607
vn -0.4525957077805987 0.037900596608043735 -0.8909100235575607
vn -0.18862064035223447 0.8503322534807255 0.49128129694046396
vn -0.18862064035223447 0.8503322534807255 0.49128129694046396
vn -0.18862064035223447 0.8503322534807255 0.49128129694046396
vn -0.18862064035223447 0.8503322534807255 0.49128129694046396
vn -0.7229935140293015 -0.41207639576927274 0.5545028608775323
vn -0.7229935335984649 -0.412076402753027 0.5545028301721558
vn -0.7229935140293015 -0.41207639576927274 0.5545028608775323
vn -0.7229935140293015 -0.41207639576927274 0.5545028608775323
vn -0.7229935335984649 -0.412076402753027 0.5545028301721558
vn -0.7229935379249216 -0.4120764093887878 0.5545028195997285
vn -0.6153252312190873 -0.5602690748143518 0.554502861698519
vn -0.6153252273702703 -0.5602690766430258 0.5545028641218154
vn -0.6153252106705225 -0.5602691157090123 0.5545028431810954
vn -0.6153252312190873 -0.5602690748143518 0.554502861698519
vn -0.6153252682559142 -0.5602690542657873 0.5545028413614375
vn -0.6153252515561689 -0.5602690933317753 0.5545028204207152
vn -0.5934717334922693 -0.7164213394254836 0.3667857221341598
vn -0.5934717149314552 -0.7164213642757633 0.36678570362756985
vn -0.5934717146370935 -0.7164213762687245 0.3667856806786968
vn -0.5934717532484638 -0.7164213509262704 0.3667856677041408
vn -0.5934717535428217 -0.7164213389333122 0.36678569065301436
vn -0.5934717532484638 -0.7164213509262704 0.3667856677041408
vn -0.5545028503584205 0.7583417372283526 0.34270161733185794
vn -0.5545028503584205 0.7583417372283526 0.34270161733185794
vn -0.5545028503584205 0.7583417372283526 0.34270161733185794
vn -0.5545028503584205 0.7583417372283526 0.34270161733185794
vn 0.7504270511376171 -0.4421560073155518 0.49128129021536115
vn 0.7504270511376171 -0.4421560073155518 0.49128129021536115
vn 0.7504270511376171 -0.4421560073155518 0.49128129021536115
vn 0.7504270511376171 -0.4421560073155518 0.49128129021536115
vn -0.10381415473506111 -0.4421560162802009 -0.8909100283103044
vn -0.10381415473506111 -0.4421560162802009 -0.8909100283103044
vn -0.10381415473506111 -0.4421560162802009 -0.8909100283103044
vn -0.10381415473506111 -0.4421560162802009 -0.8909100283103044
vn 0.7711442681186615 0.5602690557321853 -0.30238237868086687
vn 0.7711442284679412 0.5602690865288947 -0.3023824227376017
vn 0.7711442509080396 0.5602690865332453 -0.3023823655021592
vn 0.7711442370094016 0.5602690764352938 -0.3023824196568489
vn 0.7711442611693428 0.5602690506832101 -0.3023824057582104
vn 0.7711442370094016 0.5602690764352938 -0.3023824196568489
vn -0.17541649777020116 -0.12744754436151495 -0.9762101084020062
vn -0.17541649777020116 -0.12744754436151495 -0.9762101084020062
vn -0.17541649777020116 -0.12744754436151495 -0.9762101084020062
vn -0.17541649777020116 -0.12744754436151495 -0.9762101084020062
vn -0.42251546440471716 0.7651343032252435 0.48584995663979164
vn -0.42251546440471716 0.7651343032252435 0.48584995663979164
vn -0.42251546440471716 0.7651343032252435 0.48584995663979164
vn -0.42251546440471716 0.7651343032252435 0.48584995663979164
vn 0.5971215293959315 -0.6382755558755124 0.4858499705708225
vn 0.5971215293959315 -0.6382755558755124 0.4858499705708225
vn 0.5971215293959315 -0.6382755558755124 0.4858499705708225
vn 0.5971215293959315 -0.6382755558755124 0.4858499705708225
vn 0.701434952381385 0.701434952381385 -0.12640417380548957
vn 0.701434952381385 0.701434952381385 -0.12640417380548957
vn 0.7014349520125478 0.7014349520125478 -0.12640417789895078
vn 0.701434952381385 0.701434952381385 -0.12640417380548957
vn 0.7014349520125478 0.7014349520125478 -0.12640417789895078
vn 0.7014349520125478 0.7014349520125478 -0.12640417789895078
vn 0.7014349520125478 0.7014349520125478 -0.12640417789895078
vn 0.7014349510601837 0.7014349510601837 -0.1264041884685606
vn 0.7014349533337488 0.7014349533337488 -0.1264041632358809
vn -0.0440486209910596 -0.21344397351785668 -0.9759617764839433
vn -0.0440486209910596 -0.21344397351785668 -0.9759617764839433
vn -0.0440486209910596 -0.21344397351785668 -0.9759617764839433
vn -0.0440486209910596 -0.21344397351785668 -0.9759617764839433
vn -0.6515731197753247 0.6277161223502901 0.4259400654173847
vn -0.6515731197753247 0.6277161223502901 0.4259400654173847
vn -0.6515731197753247 0.6277161223502901 0.4259400654173847
vn -0.6515731197753247 0.6277161223502901 0.4259400654173847
vn 0.7298251427174117 -0.45069416883609414 0.514033099357086
vn 0.7298251427174117 -0.45069416883609414 0.514033099357086
vn 0.7298251427174117 -0.45069416883609414 0.514033099357086
vn 0.7298251427174117 -0.45069416883609414 0.514033099357086
vn -0.4480487959871224 -0.7669840382423873 0.4593340412988027
vn -0.4480487898536833 -0.766984027742973 0.45933406481319905
vn -0.4480487578180733 -0.7669840835246027 0.4593340029190163
vn -0.44804878443442553 -0.7669840694826725 0.45933400040344563
vn -0.4480487755042091 -0.7669840627837328 0.4593340202999752
vn -0.4480487783009869 -0.7669840589832584 0.4593340239178441
vn -0.8707377268707409 0.08574432089468337 -0.4842145417459956
vn -0.8707377268707409 0.08574432089468337 -0.4842145417459956
vn -0.8707377268707409 0.08574432089468337 -0.4842145417459956
vn -0.8707377268707409 0.08574432089468337 -0.4842145417459956
vn 0.11159842610242805 0.343464617543339 0.9325115805110781
vn 0.11159842610242805 0.343464617543339 0.9325115805110781
vn 0.11159842610242805 0.343464617543339 0.9325115805110781
vn 0.11159842610242805 0.343464617543339 0.9325115805110781
vn 0.7548408673026366 -0.44243816506780637 -0.48421455486306475
vn 0.7548408673026366 -0.44243816506780637 -0.48421455486306475
vn 0.7548408673026366 -0.44243816506780637 -0.48421455486306475
vn 0.7548408673026366 -0.44243816506780637 -0.48421455486306475
vn -0.08834284292164535 -0.883859624141994 0.45933398188692126
vn -0.08834284789538908 -0.8838595993615341 0.4593340286133832
vn -0.08834285063373178 -0.8838596118208041 0.45933400411234904
vn -0.08834285407847724 -0.8838595866804233 0.4593340518254447
vn -0.08834284050295603 -0.8838595999432955 0.45933402891571945
vn -0.08834284789538908 -0.8838595993615341 0.4593340286133832
vn 0.05902678987089357 -0.9284309894374914 0.3667856811949702
vn 0.05902679293797866 -0.9284309790845968 0.3667857069072812
vn 0.05902678987089357 -0.9284309894374914 0.3667856811949702
vn 0.05902678987089357 -0.9284309894374914 0.3667856811949702
vn 0.059026792738591884 -0.928430976958092 0.3667857123221109
vn 0.05902679402904328 -0.9284309972555704 0.3667856607361853
vn 0.8960960153426007 0.12484792871839892 0.4259400497509467
vn 0.8960960153426007 0.12484792871839892 0.4259400497509467
vn 0.8960960153426007 0.12484792871839892 0.4259400497509467
vn 0.8960960153426007 0.12484792871839892 0.4259400497509467
vn -0.0898231391161232 -0.19857093121922517 -0.9759617763796158
vn -0.0898231391161232 -0.19857093121922517 -0.9759617763796158
vn -0.0898231391161232 -0.19857093121922517 -0.9759617763796158
vn -0.0898231391161232 -0.19857093121922517 -0.9759617763796158
vn -0.8553523156509164 0.06436120519484406 0.5140331228398441
vn -0.8553523156509164 0.06436120519484406 0.5140331228398441
vn -0.8553523156509164 0.06436120519484406 0.5140331228398441
vn -0.8553523156509164 0.06436120519484406 0.5140331228398441
vn 0.45188345737187247 0.8868712036089217 -0.09623309806353479
vn 0.4518834336551442 0.8868712155525722 -0.09623309935952286
vn 0.4518834575424463 0.8868712028293968 -0.0962331044465629
vn 0.4518834341497136 0.8868712154089282 -0.0962330983609685
vn 0.4518834336551442 0.8868712155525722 -0.09623309935952286
vn 0.45188345737187247 0.8868712036089217 -0.09623309806353479
vn 0.4518834339791412 0.8868712161884522 -0.0962330919779407
vn 0.4518834570478754 0.8868712029730417 -0.09623310544511686
vn -0.7946544784960962 0.3568221017795533 0.49112345442639915
vn -0.7946544784960962 0.3568221017795533 0.49112345442639915
vn -0.7946544784960962 0.3568221017795533 0.49112345442639915
vn -0.7946544784960962 0.3568221017795533 0.49112345442639915
vn 0.852623728405089 -0.1784110597743949 0.4911234788836532
vn 0.852623728405089 -0.1784110597743949 0.4911234788836532
vn 0.852623728405089 -0.1784110597743949 0.4911234788836532
vn 0.852623728405089 -0.1784110597743949 0.4911234788836532
vn -0.057969265400669705 -0.17841105726606613 -0.9822469439576339
vn -0.057969265400669705 -0.17841105726606613 -0.9822469439576339
vn -0.057969265400669705 -0.17841105726606613 -0.9822469439576339
vn -0.057969265400669705 -0.17841105726606613 -0.9822469439576339
vn 0.8943443220073898 0.28758275257210925 0.34270161090399204
vn 0.8943443220073898 0.28758275257210925 0.34270161090399204
vn 0.8943443220073898 0.28758275257210925 0.34270161090399204
vn 0.8943443220073898 0.28758275257210925 0.34270161090399204
vn -0.17590537806452355 -0.4187321398010063 -0.8909100364602744
vn -0.17590537806452355 -0.4187321398010063 -0.8909100364602744
vn -0.17590537806452355 -0.4187321398010063 -0.8909100364602744
vn -0.17590537806452355 -0.4187321398010063 -0.8909100364602744
vn -0.8670010237147014 0.08337821494500353 0.49128128210857425
vn -0.8670010237147014 0.08337821494500353 0.49128128210857425
vn -0.8670010237147014 0.08337821494500353 0.49128128210857425
vn -0.8670010237147014 0.08337821494500353 0.49128128210857425
vn 0.1684906656722829 -0.8149463059298352 0.5545028530428194
vn 0.16849066639727342 -0.8149462969679647 0.5545028659936796
vn 0.168490659378516 -0.8149462879569584 0.5545028813697609
vn 0.1684906656722829 -0.8149463059298352 0.5545028530428194
vn 0.16849065748791892 -0.8149463259488001 0.5545028261080739
vn 0.1684906656722829 -0.8149463059298352 0.5545028530428194
vn 0.42061111261781015 -0.8149462924900044 0.39868387514320686
vn 0.42061112261296435 -0.814946311855907 0.39868382501264904
vn 0.4206111135165144 -0.8149462923694937 0.39868387444140957
vn 0.42061111761538733 -0.8149463021729558 0.39868385007792834
vn 0.42061109718437745 -0.8149463221919211 0.39868383071202634
vn 0.420611118514092 -0.8149463020524459 0.3986838493761292
vn 0.155708434723502 0.9831043045261343 -0.09623310126013164
vn 0.15570842559936446 0.983104306523243 -0.09623309562110476
vn 0.155708434723502 0.9831043045261343 -0.09623310126013164
vn 0.15570844002760287 0.9831043035373302 -0.09623310277940308
vn 0.155708434723502 0.9831043045261343 -0.09623310126013164
vn 0.155708434723502 0.9831043045261343 -0.09623310126013164
vn 0.155708434723502 0.9831043045261343 -0.09623310126013164
vn 0.15570842548772268 0.9831043058183646 -0.09623310300268663
vn -0.015054174667926717 -0.09504831405714687 -0.9953588246556925
vn -0.015054172833020154 -0.09504831580272292 -0.9953588245167567
vn -0.015054173774792505 -0.0950483084181196 -0.9953588252076798
vn -0.015054173764131665 -0.09504831580139031 -0.9953588245028014
vn -0.015054172870997558 -0.0950483101623633 -0.9953588250547887
vn -0.8327566119438665 -0.19857094479226312 -0.5168036427387876
vn -0.8327566119438665 -0.19857094479226312 -0.5168036427387876
vn -0.8327566119438665 -0.19857094479226312 -0.5168036427387876
vn -0.8327566119438665 -0.19857094479226312 -0.5168036427387876
vn -0.01977396938776626 0.12484793340387594 0.9919788221829301
vn -0.01977396938776626 0.12484793340387594 0.9919788221829301
vn -0.01977396938776626 0.12484793340387594 0.9919788221829301
vn -0.01977396938776626 0.12484793340387594 0.9919788221829301
vn 0.8422903803430951 0.06436120267762163 -0.5351677781512768
vn 0.8422903803430951 0.06436120267762163 -0.5351677781512768
vn 0.8422903803430951 0.06436120267762163 -0.5351677781512768
vn 0.8422903803430951 0.06436120267762163 -0.5351677781512768
vn -0.09344129340380328 0.28758275742863443 0.9531866985626517
vn -0.09344129340380328 0.28758275742863443 0.9531866985626517
vn -0.09344129340380328 0.28758275742863443 0.9531866985626517
vn -0.09344129340380328 0.28758275742863443 0.9531866985626517
vn 0.827149977340269 0.08337821711840425 -0.5557616286647978
vn 0.827149977340269 0.08337821711840425 -0.5557616286647978
vn 0.827149977340269 0.08337821711840425 -0.5557616286647978
vn 0.827149977340269 0.08337821711840425 -0.5557616286647978
vn -0.718186870918087 -0.4187321455845173 -0.555761647376889
vn -0.718186870918087 -0.4187321455845173 -0.555761647376889
vn -0.718186870918087 -0.4187321455845173 -0.555761647376889
vn -0.718186870918087 -0.4187321455845173 -0.555761647376889
vn 0.3016654909255777 -0.9284309930121768 0.2168267114519183
vn 0.3016655170411551 -0.9284309816655407 0.21682672370317477
vn 0.3016655170411551 -0.9284309816655407 0.21682672370317477
vn 0.3016654899509056 -0.9284309900124442 0.21682672565251918
vn 0.301665551603826 -0.9284309641989253 0.21682675040735488
vn 0.30166550034734846 -0.9284309898919296 0.21682671170424486
vn 0.01977396938776626 -0.12484793340387594 -0.9919788221829301
vn 0.019773969406159796 -0.12484792606942759 -0.9919788231056584
vn 0.019773969406159796 -0.12484792606942759 -0.9919788231056584
vn 0.019773969406159796 -0.12484792606942759 -0.9919788231056584
vn 0.4503489587982137 -0.8838596059886302 0.12640416215848316
vn 0.45034898170793786 -0.8838595924611472 0.12640417512502627
vn 0.450348935007581 -0.8838596166729451 0.12640417221077807
vn 0.45034893504022533 -0.8838596178513027 0.1264041638550096
vn 0.4503489825235599 -0.8838595929475985 0.12640416881772476
vn 0.4503489587982137 -0.8838596059886302 0.12640416215848316
vn -0.8838596043238198 0.45034895794995045 0.12640417682155292
vn -0.8838595929475985 0.4503489825235599 0.12640416881772476
vn -0.8838596166729451 0.450348935007581 0.12640417221077807
vn -0.8838596166729451 0.450348935007581 0.12640417221077807
vn -0.8838596048102719 0.4503489587655709 0.12640417051425143
vn -0.8838596059886302 0.4503489587982137 0.12640416215848316
vn -0.7711442370094016 0.5602690764352938 0.3023824196568489
vn -0.7711442284679412 0.5602690865288947 0.3023824227376017
vn -0.7711442439587208 0.5602690814842697 0.30238239257950444
vn -0.7711442370094016 0.5602690764352938 0.3023824196568489
vn -0.7711442370094016 0.5602690764352938 0.3023824196568489
vn -0.7711442370094016 0.5602690764352938 0.3023824196568489
vn -0.8192949457085954 0.412076391979257 0.3986838836844392
vn -0.8192949551162119 0.41207642651327875 0.3986838286577105
vn -0.8192949554432168 0.4120763968754274 0.3986838586191604
vn -0.8192949554432168 0.4120763968754274 0.3986838586191604
vn -0.8192949453815913 0.41207642161710845 0.39868385372299003
vn -0.8192949651778378 0.4120764017715976 0.39868383355388076
vn -0.9183208215038617 0.34428824736510094 0.19532657658070945
vn -0.9183208094084899 0.34428827263274087 0.1953265889091891
vn -0.9183208067356317 0.3442882716306577 0.19532660324183457
vn -0.9183208067356317 0.3442882716306577 0.19532660324183457
vn -0.918320806652385 0.34428827905535236 0.19532659054623555
vn -0.9183208093252428 0.34428828005743534 0.19532657621359092
vn 0.09504830841945222 -0.015054172843680994 0.995358825221635
vn 0.09504830841945222 -0.015054172843680994 0.995358825221635
vn 0.09504830841945222 -0.015054172843680994 0.995358825221635
vn 0.09504830841945222 -0.015054172843680994 0.995358825221635
vn -0.18263366522200636 -0.8696714016080923 -0.45860287564797525
vn -0.18263366522200636 -0.8696714016080923 -0.45860287564797525
vn -0.18263366522200636 -0.8696714016080923 -0.45860287564797525
vn -0.18263366522200636 -0.8696714016080923 -0.45860287564797525
vn 0.08433695124545343 0.8519124971654558 -0.5168485037493477
vn 0.08433695124545343 0.8519124971654558 -0.5168485037493477
vn 0.08433695124545343 0.8519124971654558 -0.5168485037493477
vn 0.08433695124545343 0.8519124971654558 -0.5168485037493477
vn -0.09504831405714687 -0.015054174667926717 -0.9953588246556925
vn -0.09504831580272292 -0.015054172833020154 -0.9953588245167567
vn -0.09504831580139031 -0.015054173764131665 -0.9953588245028014
vn -0.09504831580139031 -0.015054173764131665 -0.9953588245028014
vn -0.0950483101623633 -0.015054172870997558 -0.9953588250547887
vn -0.18263366522200636 0.8696714016080923 -0.45860287564797525
vn -0.18263366522200636 0.8696714016080923 -0.45860287564797525
vn -0.18263366522200636 0.8696714016080923 -0.45860287564797525
vn -0.18263366522200636 0.8696714016080923 -0.45860287564797525
vn 0.09504830841945222 0.015054172843680994 0.995358825221635
vn 0.09504830841945222 0.015054172843680994 0.995358825221635
vn 0.09504830841945222 0.015054172843680994 0.995358825221635
vn 0.09504830841945222 0.015054172843680994 0.995358825221635
vn 0.08433695124545343 -0.8519124971654558 -0.5168485037493477
vn 0.08433695124545343 -0.8519124971654558 -0.5168485037493477
vn 0.08433695124545343 -0.8519124971654558 -0.5168485037493477
vn 0.08433695124545343 -0.8519124971654558 -0.5168485037493477
vn 0.8838596048102719 0.4503489587655709 -0.12640417051425143
vn 0.8838595929475985 0.4503489825235599 -0.12640416881772476
vn 0.8838596178513027 0.45034893504022533 -0.1264041638550096
vn 0.8838596031454614 0.45034895791730756 -0.12640418517732213
vn 0.8838596043238198 0.45034895794995045 -0.12640417682155292
vn 0.8838595917692392 0.4503489824909187 -0.1264041771734939
vn 0.8838595929475985 0.4503489825235599 -0.12640416881772476
vn 0.8838596048102719 0.4503489587655709 -0.12640417051425143
vn 0.8838596059886302 0.4503489587982137 -0.12640416215848316
vn 0.3956463568349053 -0.8136578065244293 0.42594005940404495
vn 0.3956463568349053 -0.8136578065244293 0.42594005940404495
vn 0.3956463568349053 -0.8136578065244293 0.42594005940404495
vn 0.3956463568349053 -0.8136578065244293 0.42594005940404495
vn -0.2166090687392227 0.0240650914365004 -0.9759617731827817
vn -0.2166090687392227 0.0240650914365004 -0.9759617731827817
vn -0.2166090687392227 0.0240650914365004 -0.9759617731827817
vn -0.2166090687392227 0.0240650914365004 -0.9759617731827817
vn -0.20310727173248533 0.8333770801559471 0.5140331491646569
vn -0.20310727173248533 0.8333770801559471 0.5140331491646569
vn -0.20310727173248533 0.8333770801559471 0.5140331491646569
vn -0.20310727173248533 0.8333770801559471 0.5140331491646569
vn -0.9822469482705615 3.719095054231667e-14 0.18759246416945707
vn -0.982246943427298 1.5514708846270298e-14 0.1875924895291127
vn -0.9822469455248416 2.5098587679629024e-14 0.18759247854623262
vn -0.9822469448766651 -3.8869618295039875e-14 0.18759248194012845
vn -0.9822469455248416 -2.5587356188435133e-14 0.18759247854623262
vn -0.9822469455248416 -1.5558167504845825e-14 0.18759247854623262
vn -0.18752504956285657 0.8546172412845118 -0.4842145461318761
vn -0.18752504956285657 0.8546172412845118 -0.4842145461318761
vn -0.18752504956285657 0.8546172412845118 -0.4842145461318761
vn -0.18752504956285657 0.8546172412845118 -0.4842145461318761
vn 0.36114007660046193 1.864449770188146e-15 0.9325115790557309
vn 0.36114007660046193 6.0851368572924565e-15 0.9325115790557309
vn 0.36114007660046193 1.864449770188146e-15 0.9325115790557309
vn 0.36114007660046193 -2.356237105157926e-15 0.9325115790557309
vn -0.18752504956285657 -0.8546172412845118 -0.4842145461318761
vn -0.18752504956285657 -0.8546172412845118 -0.4842145461318761
vn -0.18752504956285657 -0.8546172412845118 -0.4842145461318761
vn -0.18752504956285657 -0.8546172412845118 -0.4842145461318761
vn -0.8678998690370389 0.18910860455831147 0.45933403205891343
vn -0.8678998547104783 0.18910861633782627 0.4593340542789348
vn -0.8678998980710316 0.1891085829960457 0.4593339860771469
vn -0.8678998805370379 0.18910860515029684 0.4593340100862382
vn -0.8678998690370389 0.18910860455831147 0.45933403205891343
vn -0.8678998809179115 0.18910860714706085 0.45933400854451634
vn -0.7400453757572468 5.743197313903391e-13 0.6725569431805126
vn -0.7400453460906649 2.312126927558173e-13 0.6725569758240174
vn -0.7400453460906649 -7.869471164696614e-14 0.6725569758240174
vn -0.7400453757572468 0 0.6725569431805126
vn -0.7400453757572468 -1.1343433150989359e-14 0.6725569431805126
vn -0.7400453487961064 2.3872959470898905e-13 0.6725569728470958
vn 0.06066454177773078 0.8774254883149208 0.47586166669129887
vn 0.06066454177773078 0.8774254883149208 0.47586166669129887
vn 0.06066454177773078 0.8774254883149208 0.47586166669129887
vn 0.06066454177773078 0.8774254883149208 0.47586166669129887
vn 0.38922137357355613 -0.833431787518794 0.3922985825958872
vn 0.38922137357355613 -0.833431787518794 0.3922985825958872
vn 0.38922137357355613 -0.833431787518794 0.3922985825958872
vn 0.38922137357355613 -0.833431787518794 0.3922985825958872
vn -0.46985156353219704 0.012422616860369367 -0.8826580237196568
vn -0.46985156353219704 0.012422616860369367 -0.8826580237196568
vn -0.46985156353219704 0.012422616860369367 -0.8826580237196568
vn -0.46985156353219704 0.012422616860369367 -0.8826580237196568
vn -0.7989774588005292 -0.18910860097169616 0.5708528333705426
vn -0.7989774588005292 -0.18910860097169616 0.5708528333705426
vn -0.7989774724737208 -0.18910859089370116 0.5708528175718356
vn -0.7989774293634678 -0.18910860890544984 0.5708528719430168
vn -0.798977450918596 -0.1891085998995752 0.5708528447574254
vn -0.798977450918596 -0.1891085998995752 0.5708528447574254
vn -0.7147910778666587 -0.3430387465911954 0.6094244279148662
vn -0.7147910997101623 -0.34303875827139096 0.609424395720059
vn -0.7147910632515369 -0.34303879918182867 0.609424415454145
vn -0.7147910737457163 -0.3430387458106715 0.6094244331876493
vn -0.714791070559098 -0.3430387728865124 0.6094244216845057
vn -0.7147910372870905 -0.34303878672110694 0.6094244529217351
vn -0.4751990363623909 0.7951882953985961 -0.37664499293277515
vn -0.4751990363623909 0.7951882953985961 -0.37664499293277515
vn -0.4751990363623909 0.7951882953985961 -0.37664499293277515
vn -0.4751990363623909 0.7951882953985961 -0.37664499293277515
vn 0.37741215521026056 0.03792028351305192 0.9252686729798195
vn 0.37741215521026056 0.03792028351305192 0.9252686729798195
vn 0.37741215521026056 0.03792028351305192 0.9252686729798195
vn 0.37741215521026056 0.03792028351305192 0.9252686729798195
vn 0.09559142925289454 -0.8294347169465812 -0.5503638151051844
vn 0.09559142925289454 -0.8294347169465812 -0.5503638151051844
vn 0.09559142925289454 -0.8294347169465812 -0.5503638151051844
vn 0.09559142925289454 -0.8294347169465812 -0.5503638151051844
vn 0.8192949453815913 0.41207642161710845 -0.39868385372299003
vn 0.8192949549153373 0.41207642623553714 -0.39868382935757923
vn 0.8192949747115824 0.4120764063900274 -0.3986838091884704
vn 0.8192949453815913 0.41207642161710845 -0.39868385372299003
vn 0.8192949554432168 0.4120763968754274 -0.3986838586191604
vn 0.8192949649769624 0.4120764014938577 -0.3986838342537491
vn -0.06061004472909766 -0.761704027420329 -0.6450840232788186
vn -0.06061004472909766 -0.761704027420329 -0.6450840232788186
vn -0.06061004472909766 -0.761704027420329 -0.6450840232788186
vn -0.06061004472909766 -0.761704027420329 -0.6450840232788186
vn -0.5237690306984037 0.8503322758214802 -0.051000227230048885
vn -0.5237690306984037 0.8503322758214802 -0.051000227230048885
vn -0.5237690306984037 0.8503322758214802 -0.051000227230048885
vn -0.5237690306984037 0.8503322758214802 -0.051000227230048885
vn 0.5944472088736276 0.03790059770783414 0.8032409729064763
vn 0.5944472088736276 0.03790059770783414 0.8032409729064763
vn 0.5944472088736276 0.03790059770783414 0.8032409729064763
vn 0.5944472088736276 0.03790059770783414 0.8032409729064763
vn -0.5853909786392202 -0.3442882857988866 0.7340183774194486
vn -0.5853910102570631 -0.34428827459208855 0.7340183574602325
vn -0.5853909786392202 -0.3442882857988866 0.7340183774194486
vn -0.5853909846456771 -0.34428825952916525 0.7340183849509103
vn -0.5853909530278363 -0.34428827073596324 0.7340184049101234
vn -0.585390972632763 -0.3442883120686072 0.7340183698879865
vn -0.5257311106659918 -0.15570840948420725 0.8362784766414839
vn -0.5257310832405356 -0.155708416262634 0.8362784926205596
vn -0.5257311001652271 -0.1557084036218993 0.8362784843343632
vn -0.5257311251510409 -0.15570842592323308 0.8362784644745611
vn -0.525731040110206 -0.15570842114191508 0.8362785188261941
vn -0.5257311094461714 -0.15570842402408877 0.8362784747011203
vn -0.3105473482205404 -0.4518834299867184 0.8362784884335055
vn -0.31054735548697215 -0.4518834269966332 0.8362784873508505
vn -0.3105473327409726 -0.451883407462101 0.8362785063529427
vn -0.31054736370010955 -0.45188345251133766 0.836278470514066
vn -0.3105473482205404 -0.4518834299867184 0.8362784884335055
vn -0.31054736370010955 -0.45188345251133766 0.836278470514066
vn -0.5083334026187292 -0.4503489888914787 0.7340183512600266
vn -0.5083334026187292 -0.4503489888914787 0.7340183512600266
vn -0.508333387201252 -0.45034894543031484 0.734018388602292
vn -0.508333387201252 -0.45034894543031484 0.734018388602292
vn -0.508333373556115 -0.4503489929462912 0.7340183688991173
vn -0.508333358138639 -0.4503489494851293 0.7340184062413793
vn -0.5471318306824798 -0.5738019287078273 0.6094244058660726
vn -0.5471318692693836 -0.5738019095710125 0.6094243892415611
vn -0.5471318692693836 -0.5738019095710125 0.6094243892415611
vn -0.5471318306824798 -0.5738019287078273 0.6094244058660726
vn -0.5471318275075804 -0.5738019282836123 0.6094244091158669
vn -0.5471318306824798 -0.5738019287078273 0.6094244058660726
vn -0.743153131609212 0.1777359042612283 -0.6450840033017907
vn -0.743153131609212 0.1777359042612283 -0.6450840033017907
vn -0.743153131609212 0.1777359042612283 -0.6450840033017907
vn -0.743153131609212 0.1777359042612283 -0.6450840033017907
vn 0.21973990241960856 0.5536409701638971 0.8032409672324984
vn 0.21973990241960856 0.5536409701638971 0.8032409672324984
vn 0.21973990241960856 0.5536409701638971 0.8032409672324984
vn 0.21973990241960856 0.5536409701638971 0.8032409672324984
vn 0.6468605272505249 -0.7609010680797024 -0.051000224316576026
vn 0.6468605272505249 -0.7609010680797024 -0.051000224316576026
vn 0.6468605272505249 -0.7609010680797024 -0.051000224316576026
vn 0.6468605272505249 -0.7609010680797024 -0.051000224316576026
vn 0.6094243876133036 -0.6976678771735911 -0.37664499059757156
vn 0.6094243876133036 -0.6976678771735911 -0.37664499059757156
vn 0.6094243876133036 -0.6976678771735911 -0.37664499059757156
vn 0.6094243876133036 -0.6976678771735911 -0.37664499059757156
vn -0.7592999076956771 0.3472222863959258 -0.5503638196714261
vn -0.7592999076956771 0.3472222863959258 -0.5503638196714261
vn -0.7592999076956771 0.3472222863959258 -0.5503638196714261
vn -0.7592999076956771 0.3472222863959258 -0.5503638196714261
vn 0.15269110448389128 0.34722228363739316 0.9252686703639778
vn 0.15269110448389128 0.34722228363739316 0.9252686703639778
vn 0.15269110448389128 0.34722228363739316 0.9252686703639778
vn 0.15269110448389128 0.34722228363739316 0.9252686703639778
vn 0.6450840195876493 0.651857193355878 -0.398683843593942
vn 0.6450840139955045 0.6518571870791882 -0.3986838629047531
vn 0.6450839924511833 0.651857226164965 -0.3986838338580577
vn 0.6450840195876493 0.651857193355878 -0.398683843593942
vn 0.6450840467241111 0.6518571605467931 -0.39868385332982453
vn 0.6450839945237382 0.6518572276334461 -0.3986838281035933
vn 0.7897705637778909 0.5738019060918272 -0.21682672610944076
vn 0.7897705464543501 0.5738019368108477 -0.21682670791513942
vn 0.7897705561419569 0.5738019275499733 -0.21682669713658273
vn 0.7897705439026252 0.573801934956911 -0.21682672211574006
vn 0.7897705663296155 0.5738019079457637 -0.2168267119088408
vn 0.7897705663296155 0.5738019079457637 -0.2168267119088408
vn 0.7897705760172234 0.573801898684887 -0.21682670113028496
vn 0.7897705418701937 0.5738019497795935 -0.2168266902924951
vn 0.6112143493188243 0.7669840575341672 -0.1953265846606433
vn 0.6112143213766643 0.7669840820755115 -0.19532657573112996
vn 0.611214355156035 0.766984049668596 -0.19532659728043428
vn 0.6112143569350311 0.7669840519009743 -0.19532658294779032
vn 0.6112143119814578 0.7669840854763282 -0.1953265917766281
vn 0.6112143399236198 0.7669840609349823 -0.19532660070614297
vn 0.6112143231556602 0.7669840843078898 -0.19532656139848525
vn -0.6723647072972772 0.6277161198900187 0.39229857661131834
vn -0.6723647072972772 0.6277161198900187 0.39229857661131834
vn -0.6723647072972772 0.6277161198900187 0.39229857661131834
vn -0.6723647072972772 0.6277161198900187 0.39229857661131834
vn 0.8532276052570397 -0.21344397709445959 0.4758616629540956
vn 0.8532276052570397 -0.21344397709445959 0.4758616629540956
vn 0.8532276052570397 -0.21344397709445959 0.4758616629540956
vn 0.8532276052570397 -0.21344397709445959 0.4758616629540956
vn -0.13337749775725485 -0.45069416178072896 -0.8826580400295346
vn -0.13337749775725485 -0.45069416178072896 -0.8826580400295346
vn -0.13337749775725485 -0.45069416178072896 -0.8826580400295346
vn -0.13337749775725485 -0.45069416178072896 -0.8826580400295346
vn -0.42675059403376975 -0.7014349595400261 0.5708528076719133
vn -0.4267505598044797 -0.7014350012486095 0.5708527820111998
vn -0.42675061187569224 -0.701434929261521 0.5708528315385738
vn -0.4267505696589291 -0.7014349684609871 0.5708528149321097
vn -0.42675057951337664 -0.701434935673366 0.5708528478530153
vn -0.42675057951337664 -0.701434935673366 0.5708528478530153
vn -0.22868657988035024 -0.7038249643014428 0.6725569625010962
vn -0.22868657988035024 -0.7038249643014428 0.6725569625010962
vn -0.22868657988035024 -0.7038249643014428 0.6725569625010962
vn -0.22868657524105493 -0.7038249637667421 0.6725569646381352
vn -0.22868658936292116 -0.7038249613683208 0.6725569623462658
vn -0.22868658936292116 -0.7038249613683208 0.6725569623462658
vn 0.2881619288434288 0.8868712045896698 -0.3611400964098322
vn 0.2881619319448618 0.8868712141348988 -0.3611400704943933
vn 0.2881619288434288 0.8868712045896698 -0.3611400964098322
vn 0.28816194717757576 0.8868712014117232 -0.3611400895848518
vn 0.2881619288434288 0.8868712045896698 -0.3611400964098322
vn 0.2881619046172435 0.8868712217512551 -0.3611400735958261
vn -0.8157348544095894 0.32883479833601 0.47586166341141795
vn -0.8157348544095894 0.32883479833601 0.47586166341141795
vn -0.8157348544095894 0.32883479833601 0.47586166341141795
vn -0.8157348544095894 0.32883479833601 0.47586166341141795
vn 0.9129167562956351 0.11262694459758957 0.3922985692368345
vn 0.9129167562956351 0.11262694459758957 0.3922985692368345
vn 0.9129167562956351 0.11262694459758957 0.3922985692368345
vn 0.9129167562956351 0.11262694459758957 0.3922985692368345
vn -0.15700671610274505 -0.443016573939026 -0.8826580347529611
vn -0.15700671610274505 -0.443016573939026 -0.8826580347529611
vn -0.15700671610274505 -0.443016573939026 -0.8826580347529611
vn -0.15700671610274505 -0.443016573939026 -0.8826580347529611
vn -0.06704465540580992 -0.818310528574239 0.5708527769977702
vn -0.06704464985447346 -0.8183105204222932 0.5708527893354702
vn -0.06704464985447346 -0.8183105204222932 0.5708527893354702
vn -0.06704465084335698 -0.8183104728874246 0.5708528573599783
vn -0.06704464985447346 -0.8183105204222932 0.5708527893354702
vn -0.06704464757324732 -0.8183104925788882 0.5708528295165722
vn -0.014372334176362052 -0.5481165758913378 0.8362784555657753
vn -0.014372334391087711 -0.5481165485625387 0.8362784734740222
vn -0.014372334391087711 -0.5481165485625387 0.8362784734740222
vn -0.014372334852669498 -0.5481165902527156 0.8362784461413669
vn -0.014372333459957542 -0.5481165485698754 0.836278473485216
vn -0.014372335577040686 -0.548116534186483 0.8362784828760448
vn 0.5405695481327484 -0.8183105056918866 0.19532659805015046
vn 0.5405696166863332 -0.8183104596340829 0.19532660128371357
vn 0.5405695481327484 -0.8183105056918866 0.19532659805015046
vn 0.5405696166863332 -0.8183104596340829 0.19532660128371357
vn 0.5405695792192213 -0.8183104931457293 0.19532656457928893
vn 0.5405696061408983 -0.8183104726506752 0.19532657593605252
vn -0.05738629390474893 0.11262694726128833 0.9919788223659218
vn -0.05738629390474893 0.11262694726128833 0.9919788223659218
vn -0.05738629390474893 0.11262694726128833 0.9919788223659218
vn -0.05738629390474893 0.11262694726128833 0.9919788223659218
vn 0.79043134951084 0.32883478911510466 -0.5168036021334378
vn 0.79043134951084 0.32883478911510466 -0.5168036021334378
vn 0.79043134951084 0.32883478911510466 -0.5168036021334378
vn 0.79043134951084 0.32883478911510466 -0.5168036021334378
vn -0.7192577940569276 -0.4430165724904157 -0.5351677701312052
vn -0.7192577940569276 -0.4430165724904157 -0.5351677701312052
vn -0.7192577940569276 -0.4430165724904157 -0.5351677701312052
vn -0.7192577940569276 -0.4430165724904157 -0.5351677701312052
vn 0.754417712620731 -0.5481165612370488 0.361140070030697
vn 0.7544176788201776 -0.5481165799848201 0.36114011218545017
vn 0.7544176963814171 -0.5481165494384964 0.36114012186157385
vn 0.754417671734371 -0.5481165911360101 0.36114011006302077
vn 0.7544176869398349 -0.548116585884097 0.36114008627001054
vn 0.7544177115868836 -0.5481165441865787 0.3611400980685639
vn 0.14654184967781983 -0.6631308238660991 0.7340183899138167
vn 0.14654185029699207 -0.6631308862726212 0.734018333410564
vn 0.14654186425898588 -0.6631308224180575 0.734018388310982
vn 0.14654184967781983 -0.6631308238660991 0.7340183899138167
vn 0.14654186188132534 -0.6631308194847227 0.7340183914357151
vn 0.14654184967781983 -0.6631308238660991 0.7340183899138167
vn 0.10536666169402185 -0.7858114804992055 0.6094244692487368
vn 0.10536665704578112 -0.7858115610033555 0.6094243662477457
vn 0.10536666552141621 -0.7858115090434374 0.6094244317811469
vn 0.10536666412671972 -0.7858115026811037 0.6094244402260817
vn 0.10536666795411381 -0.7858115312253338 0.6094244027584915
vn 0.10536667149458258 -0.7858115020642079 0.6094244397476574
vn -0.9031135770528463 -0.20621446400922105 -0.37664500763477815
vn -0.9031135770528463 -0.20621446400922105 -0.37664500763477815
vn -0.9031135770528463 -0.20621446400922105 -0.37664500763477815
vn -0.9031135770528463 -0.20621446400922105 -0.37664500763477815
vn 0.08056243868201893 0.3706583203146337 0.9252686653373388
vn 0.08056243868201893 0.3706583203146337 0.9252686653373388
vn 0.08056243868201893 0.3706583203146337 0.9252686653373388
vn 0.08056243868201893 0.3706583203146337 0.9252686653373388
vn 0.8183786640517015 -0.1653965665406674 -0.5503638233037406
vn 0.8183786640517015 -0.1653965665406674 -0.5503638233037406
vn 0.8183786640517015 -0.1653965665406674 -0.5503638233037406
vn 0.8183786640517015 -0.1653965665406674 -0.5503638233037406
vn -0.04366086550218834 0.9797659204880813 -0.19532657236982032
vn -0.043660873725784255 0.9797659138425943 -0.19532660386564674
vn -0.04366087026175355 0.9797659197053521 -0.19532657523212754
vn -0.043660869220377325 0.9797659203287229 -0.19532657233805056
vn -0.04366087164303213 0.9797659150893355 -0.19532659807749608
vn -0.04366087013467453 0.9797659168536524 -0.19532658956477209
vn -0.043660866543564776 0.9797659198647103 -0.19532657526389724
vn 0.3035310000857245 0.9341723600115355 -0.18759246727264403
vn 0.3035310093929395 0.9341723565387271 -0.1875924695071329
vn 0.30353099923725035 0.9341723574002008 -0.18759248164941983
vn 0.3035310102414135 0.9341723591500615 -0.187592455130358
vn 0.30353099923725035 0.9341723574002008 -0.18759248164941983
vn 0.3035309730291207 0.934172368461992 -0.1875924689695921
vn 0.30353098233633774 0.9341723649891833 -0.18759247120408096
vn 0.3035310102414135 0.9341723591500615 -0.187592455130358
vn 0.3035310262938533 0.9341723489497437 -0.1875924799524715
vn 0.30353099923725035 0.9341723574002008 -0.18759248164941983
vn 0.30353102544537913 0.9341723463384088 -0.18759249432924704
vn 0.3035309907785082 0.9341723634843443 -0.18759246503815485
vn -0.1387318732617289 0.9065344141872208 -0.39868386377620546
vn -0.1387318949942684 0.9065344210603955 -0.39868384058548534
vn -0.13873188420133428 0.9065344101393183 -0.3986838691736923
vn -0.13873187288371203 0.9065344335557125 -0.3986838198673242
vn -0.1387318657655378 0.9065344248084913 -0.3986838422338565
vn -0.13873187288371203 0.9065344335557125 -0.3986838198673242
vn 0.7056940657174744 -0.2930230441504099 -0.6450840109690892
vn 0.7056940657174744 -0.2930230441504099 -0.6450840109690892
vn 0.7056940657174744 -0.2930230441504099 -0.6450840109690892
vn 0.7056940657174744 -0.2930230441504099 -0.6450840109690892
vn -0.970567574340463 -0.23536686319412903 -0.05100022891150467
vn -0.970567574340463 -0.23536686319412903 -0.05100022891150467
vn -0.970567574340463 -0.23536686319412903 -0.05100022891150467
vn -0.970567574340463 -0.23536686319412903 -0.05100022891150467
vn 0.14764868011360804 0.5770648234540348 0.8032409705640476
vn 0.14764868011360804 0.5770648234540348 0.8032409705640476
vn 0.14764868011360804 0.5770648234540348 0.8032409705640476
vn 0.14764868011360804 0.5770648234540348 0.8032409705640476
vn 0.34270161733185794 -0.7583417372283526 0.5545028503584205
vn 0.3427016023562626 -0.7583417700374395 0.5545028147439228
vn 0.34270159102965075 -0.7583417449735272 0.5545028560217267
vn 0.34270160652 -0.7583417196464506 0.5545028810856397
vn 0.3427016018415088 -0.7583417625554263 0.5545028252945097
vn 0.3427016023562626 -0.7583417700374395 0.5545028147439228
vn 0.497964349961945 -0.785811539665726 0.3667856735140546
vn 0.4979643669309489 -0.7858115194141377 0.36678569386373755
vn 0.49796437328560866 -0.7858115168669345 0.366785690693569
vn 0.4979643669309489 -0.7858115194141377 0.36678569386373755
vn 0.4979643445186643 -0.785811531075969 0.3667856993070185
vn 0.4979643947865136 -0.7858115163420628 0.3667856626274933
vn -0.8925766558394055 -0.2930230567108577 0.3427016219488446
vn -0.8925766558394055 -0.2930230567108577 0.3427016219488446
vn -0.8925766558394055 -0.2930230567108577 0.3427016219488446
vn -0.8925766558394055 -0.2930230567108577 0.3427016219488446
vn 0.6524100770996661 0.5770648007997331 0.49128129109174523
vn 0.6524100770996661 0.5770648007997331 0.49128129109174523
vn 0.6524100770996661 0.5770648007997331 0.49128129109174523
vn 0.6524100770996661 0.5770648007997331 0.49128129109174523
vn 0.38843503356537373 -0.23536684965009824 -0.8909100239557612
vn 0.38843503356537373 -0.23536684965009824 -0.8909100239557612
vn 0.38843503356537373 -0.23536684965009824 -0.8909100239557612
vn 0.38843503356537373 -0.23536684965009824 -0.8909100239557612
vn -0.15517966878385048 0.9797659191226542 -0.126404169717122
vn -0.1551796739716137 0.979765917399316 -0.1264041767060739
vn -0.15517968332618118 0.9797659168570853 -0.1264041694248304
vn -0.15517967784612657 0.9797659167349667 -0.12640417709894913
vn -0.15517966878385048 0.9797659191226542 -0.126404169717122
vn -0.15517968332618118 0.9797659168570853 -0.1264041694248304
vn -0.15517968332618118 0.9797659168570853 -0.1264041694248304
vn -0.1551796794516679 0.9797659175214345 -0.12640416903195614
vn -0.1551796742639053 0.9797659192447724 -0.12640416204300417
vn -0.29455089982390437 0.9065344139674237 -0.30238241302309193
vn -0.2945508825307063 0.906534424979375 -0.30238239685486984
vn -0.29455089117730604 0.9065344194733992 -0.30238240493898155
vn -0.2945508825307063 0.906534424979375 -0.30238239685486984
vn -0.2945508752616437 0.9065344300946684 -0.3023823886001539
vn -0.29455089982390437 0.9065344139674237 -0.30238241302309193
vn 0.06700314523331377 -0.20621445596333082 -0.9762101088805581
vn 0.06700314523331377 -0.20621445596333082 -0.9762101088805581
vn 0.06700314523331377 -0.20621445596333082 -0.9762101088805581
vn 0.06700314523331377 -0.20621445596333082 -0.9762101088805581
vn -0.8582504212359389 -0.16539656770379826 0.48584996638894223
vn -0.8582504212359389 -0.16539656770379826 0.48584996638894223
vn -0.8582504212359389 -0.16539656770379826 0.48584996638894223
vn -0.8582504212359389 -0.16539656770379826 0.48584996638894223
vn 0.7915568246484934 0.3706583331409273 0.485849970078813
vn 0.7915568246484934 0.3706583331409273 0.485849970078813
vn 0.7915568246484934 0.3706583331409273 0.485849970078813
vn 0.7915568246484934 0.3706583331409273 0.485849970078813
vn 0.5909905147514065 -0.6631307949663617 0.4593340399329757
vn 0.590990483301907 -0.6631308192825693 0.4593340452918843
vn 0.5909904913921064 -0.6631308283603138 0.4593340217774869
vn 0.5909905139982506 -0.6631307868455268 0.4593340526258815
vn 0.5909904913921064 -0.6631308283603138 0.4593340217774869
vn 0.5909904913921064 -0.6631308283603138 0.4593340217774869
vn 0.057386293952903844 -0.11262693990521708 -0.991978823198327
vn 0.057386293952903844 -0.11262693990521708 -0.991978823198327
vn 0.057386297617771136 -0.11262694723721085 -0.9919788221538558
vn 0.057386293952903844 -0.11262693990521708 -0.991978823198327
vn 0.7038249750344343 -0.7038249750344343 0.09623309740186017
vn 0.7038249755390714 -0.7038249755390714 0.09623309002027758
vn 0.7038249750817843 -0.7038249750817843 0.09623309670924732
vn 0.7038249750344343 -0.7038249750344343 0.09623309740186017
vn 0.7038249750344343 -0.7038249750344343 0.09623309740186017
vn 0.7038249750817843 -0.7038249750817843 0.09623309670924732
vn -0.7014349520125478 0.7014349520125478 0.12640417789895078
vn -0.7014349533337488 0.7014349533337488 0.1264041632358809
vn -0.7014349510601837 0.7014349510601837 0.1264041884685606
vn -0.701434952381385 0.701434952381385 0.12640417380548957
vn -0.7014349520125478 0.7014349520125478 0.12640417789895078
vn -0.7014349520125478 0.7014349520125478 0.12640417789895078
vn 0.11262694726128833 -0.05738629390474893 0.9919788223659218
vn 0.11262694726128833 -0.05738629390474893 0.9919788223659218
vn 0.11262694726128833 -0.05738629390474893 0.9919788223659218
vn 0.11262694726128833 -0.05738629390474893 0.9919788223659218
vn -0.4461881633236741 -0.7306367943041355 -0.5168036355510888
vn -0.4461881633236741 -0.7306367943041355 -0.5168036355510888
vn -0.4461881633236741 -0.7306367943041355 -0.5168036355510888
vn -0.4461881633236741 -0.7306367943041355 -0.5168036355510888
vn 0.32149316967660446 0.781177081822353 -0.5351677388322309
vn 0.32149316967660446 0.781177081822353 -0.5351677388322309
vn 0.32149316967660446 0.781177081822353 -0.5351677388322309
vn 0.32149316967660446 0.781177081822353 -0.5351677388322309
vn -0.7897705464543501 0.5738019368108477 0.21682670791513942
vn -0.7897705734654984 0.5738018968309503 0.21682671533088616
vn -0.7897705709137733 0.5738018949770136 0.21682672953148724
vn -0.7897705688813402 0.5738019097997002 0.21682669770824078
vn -0.7897705933407619 0.5738018679658664 0.21682671932458703
vn -0.7897705688813402 0.5738019097997002 0.21682669770824078
vn 0.24463249987979097 -0.1777359115995909 0.9531867003533077
vn 0.24463249987979097 -0.1777359115995909 0.9531867003533077
vn 0.24463249987979097 -0.1777359115995909 0.9531867003533077
vn 0.24463249987979097 -0.1777359115995909 0.9531867003533077
vn -0.6201699186319889 -0.5536409447043372 -0.5557616182959033
vn -0.6201699186319889 -0.5536409447043372 -0.5557616182959033
vn -0.6201699186319889 -0.5536409447043372 -0.5557616182959033
vn -0.6201699186319889 -0.5536409447043372 -0.5557616182959033
vn 0.3349008094627201 0.7609010635265829 -0.5557616569585652
vn 0.3349008094627201 0.7609010635265829 -0.5557616569585652
vn 0.3349008094627201 0.7609010635265829 -0.5557616569585652
vn 0.3349008094627201 0.7609010635265829 -0.5557616569585652
vn -0.6450839847864858 0.6518572184197898 0.3986838589233374
vn -0.6450840272523467 0.6518572011010524 0.39868381852866286
vn -0.6450840195876493 0.651857193355878 0.398683843593942
vn -0.6450840523162593 0.6518571668234805 0.3986838340190114
vn -0.6450840195876493 0.651857193355878 0.398683843593942
vn -0.6450840523162593 0.6518571668234805 0.3986838340190114
vn -0.7229935140293015 0.41207639576927274 0.5545028608775323
vn -0.7229935335984649 0.412076402753027 0.5545028301721558
vn -0.7229935229082646 0.4120763710275908 0.5545028676872898
vn -0.722993490133681 0.41207638214975756 0.5545029021553322
vn -0.7229935335984649 0.412076402753027 0.5545028301721558
vn -0.7229935290459574 0.4120764341304693 0.5545028127899708
vn -0.8647500695016616 0.3430387605311647 0.36678566775449895
vn -0.8647500394362024 0.3430387958937435 0.36678570556505735
vn -0.8647500456282883 0.34303880450776986 0.36678568290999786
vn -0.8647500783423052 0.34303873423584835 0.36678567150427765
vn -0.8647500544689332 0.3430387782124533 0.3667856866597773
vn -0.8647500456282883 0.34303880450776986 0.36678568290999786
vn 0.549875031809845 0.761704042653423 0.3427016206520688
vn 0.549875031809845 0.761704042653423 0.3427016206520688
vn 0.549875031809845 0.761704042653423 0.3427016206520688
vn 0.549875031809845 0.761704042653423 0.3427016206520688
vn -0.18862064035223447 -0.8503322534807255 0.49128129694046396
vn -0.18862064035223447 -0.8503322534807255 0.49128129694046396
vn -0.18862064035223447 -0.8503322534807255 0.49128129694046396
vn -0.18862064035223447 -0.8503322534807255 0.49128129694046396
vn -0.4525957077805987 -0.037900596608043735 -0.8909100235575607
vn -0.4525957077805987 -0.037900596608043735 -0.8909100235575607
vn -0.4525957077805987 -0.037900596608043735 -0.8909100235575607
vn -0.4525957077805987 -0.037900596608043735 -0.8909100235575607
vn -0.2166090687392227 -0.0240650914365004 -0.9759617731827817
vn -0.2166090687392227 -0.0240650914365004 -0.9759617731827817
vn -0.2166090687392227 -0.0240650914365004 -0.9759617731827817
vn -0.2166090687392227 -0.0240650914365004 -0.9759617731827817
vn 0.3956463568349053 0.8136578065244293 0.42594005940404495
vn 0.3956463568349053 0.8136578065244293 0.42594005940404495
vn 0.3956463568349053 0.8136578065244293 0.42594005940404495
vn 0.3956463568349053 0.8136578065244293 0.42594005940404495
vn -0.20310727173248533 -0.8333770801559471 0.5140331491646569
vn -0.20310727173248533 -0.8333770801559471 0.5140331491646569
vn -0.20310727173248533 -0.8333770801559471 0.5140331491646569
vn -0.20310727173248533 -0.8333770801559471 0.5140331491646569
vn 0.983104306523243 -0.15570842559936446 -0.09623309562110476
vn 0.9831043045261343 -0.155708434723502 -0.09623310126013164
vn 0.9831043045261343 -0.155708434723502 -0.09623310126013164
vn 0.9831043058183646 -0.15570842548772268 -0.09623310300268663
vn 0.9831043045261343 -0.155708434723502 -0.09623310126013164
vn 0.9831043045261343 -0.155708434723502 -0.09623310126013164
vn 0.9831043055149383 -0.15570842941940044 -0.09623309974086001
vn 0.9831043058183646 -0.15570842548772268 -0.09623310300268663
vn 0.9831043045261343 0.155708434723502 -0.09623310126013164
vn 0.983104306523243 0.15570842559936446 -0.09623309562110476
vn 0.9831043038212559 0.1557084346118602 -0.09623310864171394
vn 0.983104306523243 0.15570842559936446 -0.09623309562110476
vn 0.9831043045261343 0.155708434723502 -0.09623310126013164
vn 0.9831043058183646 0.15570842548772268 -0.09623310300268663
vn 0.98310430481006 0.15570842930775866 -0.09623310712244278
vn 0.9831043058183646 0.15570842548772268 -0.09623310300268663
vn 0.918320806652385 0.34428827905535236 -0.19532659054623555
vn 0.918320816074898 0.34428825278563135 -0.19532659255040155
vn 0.918320818747756 0.34428825378771427 -0.19532657821775679
vn 0.9183208308431265 0.34428822852007523 -0.19532656588927755
vn 0.9183208000692223 0.3442882914777693 -0.19532659960062246
vn 0.9183208159916506 0.34428826021032677 -0.1953265798548039
vn 0.9183208159916506 0.34428826021032677 -0.1953265798548039
vn 0.0937962409787664 0.8660254037576561 0.4911234724838978
vn 0.0937962409787664 0.8660254037576561 0.4911234724838978
vn 0.0937962409787664 0.8660254037576561 0.4911234724838978
vn 0.0937962409787664 0.8660254037576561 0.4911234724838978
vn 0.0937962409787664 -0.8660254037576561 0.4911234724838978
vn 0.0937962409787664 -0.8660254037576561 0.4911234724838978
vn 0.0937962409787664 -0.8660254037576561 0.4911234724838978
vn 0.0937962409787664 -0.8660254037576561 0.4911234724838978
vn -0.18759248194012845 0 -0.9822469448766651
vn -0.18759248194012845 0 -0.9822469448766651
vn -0.18759248194012845 0 -0.9822469448766651
vn -0.18759248194012845 0 -0.9822469448766651
vn 0.9325115690192827 4.792723839870172e-14 -0.3611401025159011
vn 0.9325115690192827 7.810444735995027e-14 -0.3611401025159011
vn 0.9325115868294964 6.557733533794357e-14 -0.36114005652756725
vn 0.9325115767930494 -6.073904797307328e-15 -0.36114008244300544
vn 0.9325115890921784 6.232825675501723e-14 -0.3611400506850219
vn 0.9325115790557309 2.5065033352216712e-14 -0.36114007660046193
vn 0.38922137357355613 0.833431787518794 0.3922985825958872
vn 0.38922137357355613 0.833431787518794 0.3922985825958872
vn 0.38922137357355613 0.833431787518794 0.3922985825958872
vn 0.38922137357355613 0.833431787518794 0.3922985825958872
vn 0.06066454177773078 -0.8774254883149208 0.47586166669129887
vn 0.06066454177773078 -0.8774254883149208 0.47586166669129887
vn 0.06066454177773078 -0.8774254883149208 0.47586166669129887
vn 0.06066454177773078 -0.8774254883149208 0.47586166669129887
vn -0.46985156353219704 -0.012422616860369367 -0.8826580237196568
vn -0.46985156353219704 -0.012422616860369367 -0.8826580237196568
vn -0.46985156353219704 -0.012422616860369367 -0.8826580237196568
vn -0.46985156353219704 -0.012422616860369367 -0.8826580237196568
vn -0.7989774316149366 0.189108594537185 0.5708528735516447
vn -0.7989774803556552 0.18910859196582125 0.5708528061849508
vn -0.7989774588005292 0.18910860097169616 0.5708528333705426
vn -0.7989774588005292 0.18910860097169616 0.5708528333705426
vn -0.798977439496869 0.18910859560930565 0.5708528621647642
vn -0.7989774531700643 0.18910858553131096 0.5708528463660528
vn -0.5257310832405356 0.155708416262634 0.8362784926205596
vn -0.5257310989454068 0.1557084181617789 0.8362784823939997
vn -0.5257311106659918 0.15570840948420725 0.8362784766414839
vn -0.5257310832405356 0.155708416262634 0.8362784926205596
vn -0.5257311094461714 0.15570842402408877 0.8362784747011203
vn -0.5257311094461714 0.15570842402408877 0.8362784747011203
vn -0.3251053095163549 -0.1551796645069104 0.9328589440251928
vn -0.32510530876459526 -0.15517967904924074 0.9328589418680896
vn -0.32510526478720336 -0.15517965738201736 0.9328589607987061
vn -0.3251052836157023 -0.155179651468099 0.9328589552206663
vn -0.32510528286394275 -0.15517966601042954 0.9328589530635633
vn -0.3251053001889243 -0.15517968918117384 0.9328589431713156
vn -0.6070620178596481 1.539881849510582e-13 0.7946544572782387
vn -0.6070620178596481 -6.811041127447377e-14 0.7946544572782387
vn -0.6070620089743137 4.126428656391673e-13 0.7946544640660306
vn -0.6070620466131991 2.444073066787446e-13 0.7946544353124785
vn -0.6070620466131991 -1.1455388866738482e-13 0.7946544353124785
vn -0.6070619891060991 3.969915177476126e-15 0.794654479243996
vn -0.6725569431805126 0 -0.7400453757572468
vn -0.6725569431805126 0 -0.7400453757572468
vn -0.6725569431805126 0 -0.7400453757572468
vn -0.6725569431805126 0 -0.7400453757572468
vn 0.3492309137888653 0.8546172343272055 0.3842748386833471
vn 0.3492309137888653 0.8546172343272055 0.3842748386833471
vn 0.3492309137888653 0.8546172343272055 0.3842748386833471
vn 0.3492309137888653 0.8546172343272055 0.3842748386833471
vn 0.3492309137888653 -0.8546172343272055 0.3842748386833471
vn 0.3492309137888653 -0.8546172343272055 0.3842748386833471
vn 0.3492309137888653 -0.8546172343272055 0.3842748386833471
vn 0.3492309137888653 -0.8546172343272055 0.3842748386833471
vn 0.8678998858092868 0.18910857841053122 -0.4593340111332654
vn 0.8678998592209786 0.1891085856045324 -0.4593340584094094
vn 0.8678998686561645 0.18910860256154732 -0.45933403360063696
vn 0.8678998829827259 0.18910859078203113 -0.4593340113806129
vn 0.8678998718636006 0.18910859218681175 -0.4593340318115647
vn 0.8678998833635992 0.1891085927787961 -0.4593340098388909
vn 0.8678998711018524 0.1891085881932818 -0.4593340348950117
vn 0.8678998861901599 0.18910858040729692 -0.4593340095915435
vn -0.1768174048746354 -0.8334317927396498 -0.5235714394274888
vn -0.1768174048746354 -0.8334317927396498 -0.5235714394274888
vn -0.1768174048746354 -0.8334317927396498 -0.5235714394274888
vn -0.1768174048746354 -0.8334317927396498 -0.5235714394274888
vn -0.3984935905978226 0.8774254975943165 -0.26707181510563976
vn -0.3984935905978226 0.8774254975943165 -0.26707181510563976
vn -0.3984935905978226 0.8774254975943165 -0.26707181510563976
vn -0.3984935905978226 0.8774254975943165 -0.26707181510563976
vn 0.5793493655930985 0.012422617163579841 0.8149846570148922
vn 0.5793493655930985 0.012422617163579841 0.8149846570148922
vn 0.5793493655930985 0.012422617163579841 0.8149846570148922
vn 0.5793493655930985 0.012422617163579841 0.8149846570148922
vn 0.12436605379769633 0.7951882687487056 0.5934717364013427
vn 0.12436605379769633 0.7951882687487056 0.5934717364013427
vn 0.12436605379769633 0.7951882687487056 0.5934717364013427
vn 0.12436605379769633 0.7951882687487056 0.5934717364013427
vn 0.5350101408058611 -0.8294347242333607 0.16063059319700407
vn 0.5350101408058611 -0.8294347242333607 0.16063059319700407
vn 0.5350101408058611 -0.8294347242333607 0.16063059319700407
vn 0.5350101408058611 -0.8294347242333607 0.16063059319700407
vn -0.6588015884985355 0.03792028347717744 -0.751360445520535
vn -0.6588015884985355 0.03792028347717744 -0.751360445520535
vn -0.6588015884985355 0.03792028347717744 -0.751360445520535
vn -0.6588015884985355 0.03792028347717744 -0.751360445520535
vn 0.8647500544689332 0.3430387782124533 -0.3667856866597773
vn 0.8647500633095777 0.343038751917136 -0.3667856904095566
vn 0.8647500512083787 0.3430387830767011 -0.36678568979768345
vn 0.8647500450162934 0.34303877446267383 -0.36678571245274183
vn 0.8647500633095777 0.343038751917136 -0.3667856904095566
vn 0.8647500544689332 0.3430387782124533 -0.3667856866597773
vn 0.8647500544689332 0.3430387782124533 -0.3667856866597773
vn 0.8647500727622173 0.3430387556669151 -0.3667856646165911
vn 0.8647500488888425 0.34303879964352335 -0.3667856797720911
vn 0.7229935290459574 0.4120764341304693 -0.5545028127899708
vn 0.722993500823884 0.41207641387519206 -0.5545028646401983
vn 0.7229935335984649 0.412076402753027 -0.5545028301721558
vn 0.7229935335984649 0.412076402753027 -0.5545028301721558
vn 0.7229935140293015 0.41207639576927274 -0.5545028608775323
vn 0.7229935335984649 0.412076402753027 -0.5545028301721558
vn 0.7760562452380289 0.02406509267640942 0.630204391877372
vn 0.7760562452380289 0.02406509267640942 0.630204391877372
vn 0.7760562452380289 0.02406509267640942 0.630204391877372
vn 0.7760562452380289 0.02406509267640942 0.630204391877372
vn -0.20403394133005975 -0.8136578214193536 -0.5443630226498058
vn -0.20403394133005975 -0.8136578214193536 -0.5443630226498058
vn -0.20403394133005975 -0.8136578214193536 -0.5443630226498058
vn -0.20403394133005975 -0.8136578214193536 -0.5443630226498058
vn -0.5505975592466084 0.833377079563309 -0.04821795319388722
vn -0.5505975592466084 0.833377079563309 -0.04821795319388722
vn -0.5505975592466084 0.833377079563309 -0.04821795319388722
vn -0.5505975592466084 0.833377079563309 -0.04821795319388722
vn -0.8477690992482839 0.015054173149763823 -0.5301517954610078
vn -0.8477690992482839 0.015054173149763823 -0.5301517954610078
vn -0.8477690992482839 0.015054173149763823 -0.5301517954610078
vn -0.8477690992482839 0.015054173149763823 -0.5301517954610078
vn 0.328510632666818 0.8696713988085019 0.3684459557646285
vn 0.328510632666818 0.8696713988085019 0.3684459557646285
vn 0.328510632666818 0.8696713988085019 0.3684459557646285
vn 0.328510632666818 0.8696713988085019 0.3684459557646285
vn 0.49999999593165706 -0.8519124915423767 0.15570841602945912
vn 0.49999999593165706 -0.8519124915423767 0.15570841602945912
vn 0.49999999593165706 -0.8519124915423767 0.15570841602945912
vn 0.49999999593165706 -0.8519124915423767 0.15570841602945912
vn -0.1558190258820718 -7.01532800110288e-14 0.9877856200477725
vn -0.15581901134270457 4.04221903968037e-14 0.9877856223412963
vn -0.15581900597743217 -4.89266158102432e-15 0.9877856231876454
vn -0.15581901134270457 0 0.9877856223412963
vn -0.1558190205168003 3.654150268914552e-15 0.9877856208941215
vn -0.1558190205168003 -7.252554756037971e-15 0.9877856208941215
vn -0.04815072502717879 -0.14819267196562672 0.9877856243411548
vn -0.048150721204197104 -0.1481926865661244 0.9877856223370687
vn -0.048150724145477025 -0.14819268071729158 0.9877856230711647
vn -0.048150721204197104 -0.1481926865661244 0.9877856223370687
vn -0.048150727755801925 -0.1481926952646258 0.9877856207127094
vn -0.048150720428823617 -0.1481926807438737 0.9877856232483492
vn -0.24804770912001337 -0.2612403627576694 0.9328589426416807
vn -0.24804769706687826 -0.2612403359548479 0.9328589533525506
vn -0.24804770912001337 -0.2612403627576694 0.9328589426416807
vn -0.24804769513568578 -0.2612403637232657 0.9328589460897129
vn -0.24804770912001337 -0.2612403627576694 0.9328589426416807
vn -0.24804769494348616 -0.2612403792145393 0.9328589418026001
vn -0.1875924687587335 -0.577350294279314 0.7946544553204199
vn -0.1875924687587335 -0.577350294279314 0.7946544553204199
vn -0.1875924687587335 -0.577350294279314 0.7946544553204199
vn -0.18759247764406883 -0.5773503216255661 0.7946544333546595
vn -0.18759247764406883 -0.5773503216255661 0.7946544333546595
vn -0.18759247764406883 -0.5773503216255661 0.7946544333546595
vn 0.9286220181812359 0.043688915257486596 0.3684459608037961
vn 0.9286220181812359 0.043688915257486596 0.3684459608037961
vn 0.9286220181812359 0.043688915257486596 0.3684459608037961
vn 0.9286220181812359 0.043688915257486596 0.3684459608037961
vn -0.24765769541199423 -0.8109283143951606 -0.5301518035576637
vn -0.24765769541199423 -0.8109283143951606 -0.5301518035576637
vn -0.24765769541199423 -0.8109283143951606 -0.5301518035576637
vn -0.24765769541199423 -0.8109283143951606 -0.5301518035576637
vn -0.6557084190814411 0.7387837023775726 0.15570841418177556
vn -0.6557084190814411 0.7387837023775726 0.15570841418177556
vn -0.6557084190814411 0.7387837023775726 0.15570841418177556
vn -0.6557084190814411 0.7387837023775726 0.15570841418177556
vn -0.8368845290503101 0.05738629273217073 -0.5443630208258992
vn -0.8368845290503101 0.05738629273217073 -0.5443630208258992
vn -0.8368845290503101 0.05738629273217073 -0.5443630208258992
vn -0.8368845290503101 0.05738629273217073 -0.5443630208258992
vn 0.2627018227536555 0.7306368126158748 0.6302044115780389
vn 0.2627018227536555 0.7306368126158748 0.6302044115780389
vn 0.2627018227536555 0.7306368126158748 0.6302044115780389
vn 0.2627018227536555 0.7306368126158748 0.6302044115780389
vn 0.6224446801900188 -0.7811770921191197 -0.04821795154775256
vn 0.6224446801900188 -0.7811770921191197 -0.04821795154775256
vn 0.6224446801900188 -0.7811770921191197 -0.04821795154775256
vn 0.6224446801900188 -0.7811770921191197 -0.04821795154775256
vn 0.7947002231558834 -0.12744753348664892 0.5934717192286071
vn 0.7947002231558834 -0.12744753348664892 0.5934717192286071
vn 0.7947002231558834 -0.12744753348664892 0.5934717192286071
vn 0.7947002231558834 -0.12744753348664892 0.5934717192286071
vn -0.1675165690025805 -0.6382755436713331 -0.7513604524199208
vn -0.1675165690025805 -0.6382755436713331 -0.7513604524199208
vn -0.1675165690025805 -0.6382755436713331 -0.7513604524199208
vn -0.1675165690025805 -0.6382755436713331 -0.7513604524199208
vn -0.6235120691129565 0.765134309850278 0.16063059347589612
vn -0.6235120691129565 0.765134309850278 0.16063059347589612
vn -0.6235120691129565 0.765134309850278 0.16063059347589612
vn -0.6235120691129565 0.765134309850278 0.16063059347589612
vn 0.6153252312190873 0.5602690748143518 -0.554502861698519
vn 0.6153252644070936 0.5602690560944634 -0.554502843784736
vn 0.6153252273702703 0.5602690766430258 -0.5545028641218154
vn 0.6153252312190873 0.5602690748143518 -0.554502861698519
vn 0.6153252682559142 0.5602690542657873 -0.5545028413614375
vn 0.6153252312190873 0.5602690748143518 -0.554502861698519
vn 0.5934717146370935 0.7164213762687245 -0.3667856806786968
vn 0.5934716760257192 0.7164214016111788 -0.3667856936532529
vn 0.5934716892946399 0.7164214052807124 -0.3667856650161996
vn 0.5934717081498153 0.7164213684374755 -0.36678570647166103
vn 0.5934716828073624 0.7164213974494636 -0.36678569080916296
vn 0.5934716760257192 0.7164214016111788 -0.3667856936532529
vn 0.5934716892946399 0.7164214052807124 -0.3667856650161996
vn 0.593471746466827 0.7164213550879819 -0.366785670548229
vn 0.5934716892946399 0.7164214052807124 -0.3667856650161996
vn 0.4480487578180733 0.7669840835246027 -0.4593340029190163
vn 0.4480487959871224 0.7669840382423873 -0.4593340412988027
vn 0.44804878163764716 0.766984073283146 -0.4593339967855784
vn 0.44804878163764716 0.766984073283146 -0.4593339967855784
vn 0.4480487783009869 0.7669840589832584 -0.4593340239178441
vn 0.4480487810977652 0.7669840551827837 -0.4593340275357135
vn 0.44804878443442553 0.7669840694826725 -0.45933400040344563
vn 0.44804876061485 0.76698407972413 -0.4593340065368841
vn 0.7113399435141704 -0.6501293169253396 -0.2670718181228568
vn 0.7113399435141704 -0.6501293169253396 -0.2670718181228568
vn 0.7113399435141704 -0.6501293169253396 -0.2670718181228568
vn 0.7113399435141704 -0.6501293169253396 -0.2670718181228568
vn -0.8472803243202444 0.0893812478448247 -0.5235714321403371
vn -0.8472803243202444 0.0893812478448247 -0.5235714321403371
vn -0.8472803243202444 0.0893812478448247 -0.5235714321403371
vn -0.8472803243202444 0.0893812478448247 -0.5235714321403371
vn 0.19084341440423244 0.547155173553771 0.8149846668691854
vn 0.19084341440423244 0.547155173553771 0.8149846668691854
vn 0.19084341440423244 0.547155173553771 0.8149846668691854
vn 0.19084341440423244 0.547155173553771 0.8149846668691854
vn -0.20783153094103027 -0.639639673087219 -0.7400453657442786
vn -0.20783153094103027 -0.639639673087219 -0.7400453657442786
vn -0.20783153094103027 -0.639639673087219 -0.7400453657442786
vn -0.20783153094103027 -0.639639673087219 -0.7400453657442786
vn -0.7048710136268259 0.5962295657139809 0.38427484840568066
vn -0.7048710136268259 0.5962295657139809 0.38427484840568066
vn -0.7048710136268259 0.5962295657139809 0.38427484840568066
vn -0.7048710136268259 0.5962295657139809 0.38427484840568066
vn 0.9207075689517557 0.06804707979906316 0.3842748591903561
vn 0.9207075689517557 0.06804707979906316 0.3842748591903561
vn 0.9207075689517557 0.06804707979906316 0.3842748591903561
vn 0.9207075689517557 0.06804707979906316 0.3842748591903561
vn 0.08834284324129911 0.8838596124025654 -0.4593340044146852
vn 0.08834284050295603 0.8838595999432955 -0.45933402891571945
vn 0.0883428503140786 0.8838596235602327 -0.4593339815845851
vn 0.08834284789538908 0.8838595993615341 -0.4593340286133832
vn 0.08834284324129911 0.8838596124025654 -0.4593340044146852
vn 0.08834285407847724 0.8838595866804233 -0.4593340518254447
vn 0.08834284910473386 0.8838596114608837 -0.45933400509898464
vn 0.08834284942438707 0.8838595997214556 -0.4593340276267461
vn 0.7380011623572806 -0.4257079331622351 -0.5235714277938022
vn 0.7380011623572806 -0.4257079331622351 -0.5235714277938022
vn 0.7380011623572806 -0.4257079331622351 -0.5235714277938022
vn 0.7380011623572806 -0.4257079331622351 -0.5235714277938022
vn -0.9576225331948162 -0.10785053801825492 -0.2670717981493292
vn -0.9576225331948162 -0.10785053801825492 -0.2670717981493292
vn -0.9576225331948162 -0.10785053801825492 -0.2670717981493292
vn -0.9576225331948162 -0.10785053801825492 -0.2670717981493292
vn 0.16721417874315186 0.5548327852037548 0.8149846617515555
vn 0.16721417874315186 0.5548327852037548 0.8149846617515555
vn 0.16721417874315186 0.5548327852037548 0.8149846617515555
vn 0.16721417874315186 0.5548327852037548 0.8149846617515555
vn -0.27629241027849466 -0.8016243484315558 -0.5301517782901265
vn -0.27629241027849466 -0.8016243484315558 -0.5301517782901265
vn -0.27629241027849466 -0.8016243484315558 -0.5301517782901265
vn -0.27629241027849466 -0.8016243484315558 -0.5301517782901265
vn -0.7255913367727462 0.5811753552185337 0.3684459505639196
vn -0.7255913367727462 0.5811753552185337 0.3684459505639196
vn -0.7255913367727462 0.5811753552185337 0.3684459505639196
vn -0.7255913367727462 0.5811753552185337 0.3684459505639196
vn 0.9647254205720747 0.21227282151672985 0.15570842028406953
vn 0.9647254205720747 0.21227282151672985 0.15570842028406953
vn 0.9647254205720747 0.21227282151672985 0.15570842028406953
vn 0.9647254205720747 0.21227282151672985 0.15570842028406953
vn 0.04712157366476652 -0.35714665377546323 0.9328589523568638
vn 0.047121584314269396 -0.3571466795883057 0.932858941936433
vn 0.04712157738178505 -0.35714665371276916 0.9328589521931082
vn 0.04712157366476652 -0.35714665377546323 0.9328589523568638
vn 0.04712157476169699 -0.35714663385444234 0.9328589599282513
vn 0.047121576284854645 -0.3571466736337921 0.9328589446217194
vn 0.9453047038239274 -0.26124038291833945 0.19532659639955935
vn 0.9453047165076774 -0.26124035347939617 0.19532657438838127
vn 0.9453047202769357 -0.26124034119081313 0.19532657258205297
vn 0.945304710165803 -0.26124036819886703 0.19532658539396971
vn 0.9453047165076774 -0.26124035347939617 0.19532657438838127
vn 0.9453047074144055 -0.2612403674385026 0.19532659972661495
vn 0.8133010066389061 -0.35714667149240453 0.4593340044477855
vn 0.8133009951168747 -0.35714666280470647 0.4593340316037585
vn 0.8133010066389061 -0.35714667149240453 0.4593340044477855
vn 0.8133010264289757 -0.3571466503805392 0.4593339858224465
vn 0.8133009843719933 -0.35714666171428583 0.45933405147657863
vn 0.8133010152955191 -0.35714664549148023 0.4593340093368446
vn -0.3506204424998344 -0.8016243437779312 -0.48421453588654434
vn -0.3506204424998344 -0.8016243437779312 -0.48421453588654434
vn -0.3506204424998344 -0.8016243437779312 -0.48421453588654434
vn -0.3506204424998344 -0.8016243437779312 -0.48421453588654434
vn -0.2921684706600685 0.2122728097162599 0.9325115758033897
vn -0.2921684706600685 0.2122728097162599 0.9325115758033897
vn -0.2921684706600685 0.2122728097162599 0.9325115758033897
vn -0.2921684706600685 0.2122728097162599 0.9325115758033897
vn 0.6540423962651757 0.581175356711894 -0.4842145688003509
vn 0.6540423962651757 0.581175356711894 -0.4842145688003509
vn 0.6540423962651757 0.581175356711894 -0.4842145688003509
vn 0.6540423962651757 0.581175356711894 -0.4842145688003509
vn 0.1893855272972685 -0.10785054071753872 -0.9759617732868793
vn 0.1893855272972685 -0.10785054071753872 -0.9759617732868793
vn 0.1893855272972685 -0.10785054071753872 -0.9759617732868793
vn 0.1893855272972685 -0.10785054071753872 -0.9759617732868793
vn -0.7983406679063438 -0.4257079307899144 0.42594006107599475
vn -0.7983406679063438 -0.4257079307899144 0.42594006107599475
vn -0.7983406679063438 -0.4257079307899144 0.42594006107599475
vn -0.7983406679063438 -0.4257079307899144 0.42594006107599475
vn 0.6541639895126183 0.5548327934492225 0.5140331177446327
vn 0.6541639895126183 0.5548327934492225 0.5140331177446327
vn 0.6541639895126183 0.5548327934492225 0.5140331177446327
vn 0.6541639895126183 0.5548327934492225 0.5140331177446327
vn -0.4503489825235599 0.8838595929475985 -0.12640416881772476
vn -0.4503489587655709 0.8838596048102719 -0.12640417051425143
vn -0.4503489824909187 0.8838595917692392 -0.1264041771734939
vn -0.45034895794995045 0.8838596043238198 -0.12640417682155292
vn -0.45034895794995045 0.8838596043238198 -0.12640417682155292
vn -0.45034893504022533 0.8838596178513027 -0.1264041638550096
vn -0.450348935007581 0.8838596166729451 -0.12640417221077807
vn -0.4503489808596744 0.8838595907963366 -0.12640418978809573
vn -0.4503489587982137 0.8838596059886302 -0.12640416215848316
vn -0.06804707649097806 0.06804707649097806 0.9953588251289391
vn -0.06804707649097806 0.06804707649097806 0.9953588251289391
vn -0.06804707649097806 0.06804707649097806 0.9953588251289391
vn -0.06804707649097806 0.06804707649097806 0.9953588251289391
vn 0.6589337756725272 0.5962295685478123 -0.45860285745646767
vn 0.6589337756725272 0.5962295685478123 -0.45860285745646767
vn 0.6589337756725272 0.5962295685478123 -0.45860285745646767
vn 0.6589337756725272 0.5962295685478123 -0.45860285745646767
vn -0.5689715903397795 -0.639639693641896 -0.5168485191077978
vn -0.5689715903397795 -0.639639693641896 -0.5168485191077978
vn -0.5689715903397795 -0.639639693641896 -0.5168485191077978
vn -0.5689715903397795 -0.639639693641896 -0.5168485191077978
vn 0.7946544553204199 -0.577350294279314 0.1875924687587335
vn 0.7946544826666712 -0.5773502545428854 0.1875924752143077
vn 0.7946544629222466 -0.5773502835030313 0.18759246972286797
vn 0.7946544750648437 -0.5773502653191702 0.18759247425017292
vn 0.7946544826666712 -0.5773502545428854 0.1875924752143077
vn 0.7946544333546595 -0.5773503216255661 0.18759247764406883
vn 0.3338022977138595 -0.4349877432487513 0.8362784759063852
vn 0.33380228659072186 -0.43498771971988515 0.8362784925846775
vn 0.3338023075567519 -0.4349877172390225 0.8362784855064561
vn 0.33380230322945753 -0.43498774140231805 0.8362784746652394
vn 0.3338023075567519 -0.4349877172390225 0.8362784855064561
vn 0.33380229890216306 -0.4349877655656127 0.8362784638240224
vn 0.21692730797779425 0.7455098736011381 0.6302043886047782
vn 0.21692730797779425 0.7455098736011381 0.6302043886047782
vn 0.21692730797779425 0.7455098736011381 0.6302043886047782
vn 0.21692730797779425 0.7455098736011381 0.6302043886047782
vn 0.7107846186350152 -0.4454818992514371 -0.5443630253343887
vn 0.7107846186350152 -0.4454818992514371 -0.5443630253343887
vn 0.7107846186350152 -0.4454818992514371 -0.5443630253343887
vn 0.7107846186350152 -0.4454818992514371 -0.5443630253343887
vn -0.9627327148467486 -0.2661216806815378 -0.04821795137749844
vn -0.9627327148467486 -0.2661216806815378 -0.04821795137749844
vn -0.9627327148467486 -0.2661216806815378 -0.04821795137749844
vn -0.9627327148467486 -0.2661216806815378 -0.04821795137749844
vn 0.2712236830753123 -0.6226192548115145 0.734018376661659
vn 0.2712236887536441 -0.6226192590372897 0.7340183709790395
vn 0.2712236712090303 -0.6226192275713576 0.7340184041523359
vn 0.2712236712090303 -0.6226192275713576 0.7340184041523359
vn 0.2712236887536441 -0.6226192590372897 0.7340183709790395
vn 0.27122368695274385 -0.622619195298512 0.7340184257098684
vn 0.3766449632346702 -0.6976678264886815 0.6094244625484877
vn 0.37664499059757156 -0.6976678771735911 0.6094243876133036
vn 0.3766450024906429 -0.6976678439998873 0.6094244182401721
vn 0.37664497314669587 -0.6976678492500878 0.6094244303653089
vn 0.3766449868281454 -0.6976678745925406 0.6094243928977187
vn 0.3766450024906429 -0.6976678439998873 0.6094244182401721
vn -0.7178377768455193 0.36400581721257186 0.5934717273542947
vn -0.7178377768455193 0.36400581721257186 0.5934717273542947
vn -0.7178377768455193 0.36400581721257186 0.5934717273542947
vn -0.7178377768455193 0.36400581721257186 0.5934717273542947
vn 0.9541665277143297 0.25251544822857924 0.16063058798217353
vn 0.9541665277143297 0.25251544822857924 0.16063058798217353
vn 0.9541665277143297 0.25251544822857924 0.16063058798217353
vn 0.9541665277143297 0.25251544822857924 0.16063058798217353
vn -0.23964521855388937 -0.6148395301369313 -0.7513604470593699
vn -0.23964521855388937 -0.6148395301369313 -0.7513604470593699
vn -0.23964521855388937 -0.6148395301369313 -0.7513604470593699
vn -0.23964521855388937 -0.6148395301369313 -0.7513604470593699
vn -0.059026790070280166 0.928430991563997 -0.36678567578013793
vn -0.059026796849676516 0.9284309810069474 -0.3667857014117975
vn -0.0590267933838176 0.9284309871068314 -0.3667856865291485
vn -0.05902679293797866 0.9284309790845968 -0.3667857069072812
vn -0.05902679313736546 0.9284309812111019 -0.3667857014924507
vn -0.05902678615858272 0.9284309896416458 -0.3667856812756234
vn -0.059026796849676516 0.9284309810069474 -0.3667857014117975
vn -0.05902679051611925 0.9284309995862309 -0.36678565540200514
vn -0.05902679051611925 0.9284309995862309 -0.36678565540200514
vn -0.16849066639727342 0.8149462969679647 -0.5545028659936796
vn -0.16849066010350697 0.8149462789950885 -0.554502894320619
vn -0.1684906519191438 0.8149462990140556 -0.5545028673858735
vn -0.1684906656722829 0.8149463059298352 -0.5545028530428194
vn -0.16849065748791892 0.8149463259488001 -0.5545028261080739
vn -0.1684906656722829 0.8149463059298352 -0.5545028530428194
vn -0.398683843593942 -0.651857193355878 -0.6450840195876493
vn -0.398683843593942 -0.651857193355878 -0.6450840195876493
vn -0.398683843593942 -0.651857193355878 -0.6450840195876493
vn -0.398683843593942 -0.651857193355878 -0.6450840195876493
vn -0.45864046932491565 0.38006953492650325 0.8032409778629155
vn -0.45864046932491565 0.38006953492650325 0.8032409778629155
vn -0.45864046932491565 0.38006953492650325 0.8032409778629155
vn -0.45864046932491565 0.38006953492650325 0.8032409778629155
vn 0.92355083126204 0.38006951872847566 -0.051000225574989136
vn 0.92355083126204 0.38006951872847566 -0.051000225574989136
vn 0.92355083126204 0.38006951872847566 -0.051000225574989136
vn 0.92355083126204 0.38006951872847566 -0.051000225574989136
vn 0.8518440613599941 0.3640058291714698 -0.376644993933148
vn 0.8518440613599941 0.3640058291714698 -0.376644993933148
vn 0.8518440613599941 0.3640058291714698 -0.376644993933148
vn 0.8518440613599941 0.3640058291714698 -0.376644993933148
vn -0.5648645699485237 -0.6148395473953887 -0.5503638329101057
vn -0.5648645699485237 -0.6148395473953887 -0.5503638329101057
vn -0.5648645699485237 -0.6148395473953887 -0.5503638329101057
vn -0.5648645699485237 -0.6148395473953887 -0.5503638329101057
vn -0.2830438511118349 0.2525154558522945 0.9252686760630608
vn -0.2830438511118349 0.2525154558522945 0.9252686760630608
vn -0.2830438511118349 0.2525154558522945 0.9252686760630608
vn -0.2830438511118349 0.2525154558522945 0.9252686760630608
vn -0.42061109718437745 0.8149463221919211 -0.39868383071202634
vn -0.4206111362489867 0.8149462823950107 -0.39868387084742696
vn -0.4206111371476926 0.8149462822744992 -0.3986838701456294
vn -0.42061111761538733 0.8149463021729558 -0.39868385007792834
vn -0.4206110930855037 0.814946312388461 -0.3986838550755054
vn -0.42061109718437745 0.8149463221919211 -0.39868383071202634
vn -0.3016655284122681 0.9284309845447585 -0.2168266955543007
vn -0.3016655180158273 0.9284309846652733 -0.21682670950257404
vn -0.3016655199651715 0.9284309906647378 -0.21682668110137213
vn -0.3016654909255777 0.9284309930121768 -0.2168267114519183
vn -0.3016655170411551 0.9284309816655407 -0.21682672370317477
vn -0.3016654742317721 0.9284310012385645 -0.21682669945298877
vn -0.30166549190024977 0.9284309960119093 -0.2168266972513173
vn -0.3016655189904994 0.9284309876650056 -0.21682669530197315
vn -0.8047656282822959 -0.4454818889789397 0.39229857268049967
vn -0.8047656282822959 -0.4454818889789397 0.39229857268049967
vn -0.8047656282822959 -0.4454818889789397 0.39229857268049967
vn -0.8047656282822959 -0.4454818889789397 0.39229857268049967
vn 0.46665912267443244 0.7455098533280912 0.47586166247708683
vn 0.46665912267443244 0.7455098533280912 0.47586166247708683
vn 0.46665912267443244 0.7455098533280912 0.47586166247708683
vn 0.46665912267443244 0.7455098533280912 0.47586166247708683
vn 0.3874197143188795 -0.2661216949130255 -0.8826580359650595
vn 0.3874197143188795 -0.2661216949130255 -0.8826580359650595
vn 0.3874197143188795 -0.2661216949130255 -0.8826580359650595
vn 0.3874197143188795 -0.2661216949130255 -0.8826580359650595
vn 0.5352311227501423 -0.6226192225111299 0.5708528260412294
vn 0.5352311028871812 -0.6226192590097529 0.5708528048563114
vn 0.5352311426131037 -0.6226191860125029 0.5708528472261478
vn 0.5352311454167414 -0.6226192391467917 0.5708527866448172
vn 0.5352311470682064 -0.6226191814632522 0.5708528480108351
vn 0.5352311272052471 -0.6226192179618759 0.5708528268259192
vn 0.5987092586067486 -0.43498774776849847 0.6725569737575
vn 0.5987092650837194 -0.4349877389713059 0.6725569736814451
vn 0.5987092728451732 -0.43498771480801035 0.6725569824002343
vn 0.5987092573222652 -0.43498776313460036 0.6725569649626554
vn 0.5987092890844882 -0.434987756408885 0.6725569410379401
vn 0.5987092968459431 -0.434987732245589 0.6725569497567297
vn 0.9050359666592419 -0.1481926729496152 0.3986838731842811
vn 0.9050359861674427 -0.14819269104509436 0.3986838221733327
vn 0.9050359793814526 -0.1481926698914195 0.3986838454408549
vn 0.9050359881956805 -0.14819266671623996 0.3986838266122634
vn 0.9050359754140729 -0.14819268928431262 0.39868384723861194
vn 0.9050359881659822 -0.14819267647117837 0.39868382305372346
vn -0.3634263110456808 -0.8109283144475946 -0.45860286225329117
vn -0.3634263110456808 -0.8109283144475946 -0.45860286225329117
vn -0.3634263110456808 -0.8109283144475946 -0.45860286225329117
vn -0.3634263110456808 -0.8109283144475946 -0.45860286225329117
vn -0.08574432136181269 0.04368891195254056 0.9953588249101957
vn -0.08574432136181269 0.04368891195254056 0.9953588249101957
vn -0.08574432136181269 0.04368891195254056 0.9953588249101957
vn -0.08574432136181269 0.04368891195254056 0.9953588249101957
vn 0.4325115408369272 0.7387837215449815 -0.5168485076141889
vn 0.4325115408369272 0.7387837215449815 -0.5168485076141889
vn 0.4325115408369272 0.7387837215449815 -0.5168485076141889
vn 0.4325115408369272 0.7387837215449815 -0.5168485076141889
vn 0.06804708387256025 -0.06804708387256025 -0.9953588241196647
vn 0.06804707983546247 -0.06804707983546247 -0.995358824671652
vn 0.06804708387256025 -0.06804708387256025 -0.9953588241196647
vn 0.06804708052807588 -0.06804708052807588 -0.9953588245769518
vn 0.06804707649097806 -0.06804707649097806 -0.9953588251289391
vn 0.8868712036089217 -0.45188345737187247 0.09623309806353479
vn 0.8868712028293968 -0.4518834575424463 0.0962331044465629
vn 0.8868712036089217 -0.45188345737187247 0.09623309806353479
vn 0.8868712034652768 -0.45188345786644335 0.09623309706498034
vn 0.8868712161884522 -0.4518834339791412 0.0962330919779407
vn 0.8868711921575049 -0.4518834819071692 0.09623308838740968
vn 0.979765917399316 -0.1551796739716137 0.1264041767060739
vn 0.979765915133747 -0.15517968851394348 0.12640417641378227
vn 0.9797659196648847 -0.15517965942928383 0.1264041769983655
vn 0.9797659150116285 -0.15517968303388954 0.12640418408790094
vn 0.9797659191226542 -0.15517966878385048 0.126404169717122
vn 0.9797659168570853 -0.15517968332618118 0.1264041694248304
vn 0.9531866873879846 4.867861738584706e-14 0.30238243829018996
vn 0.953186692837943 0 0.30238242111052804
vn 0.953186692837943 -3.225454850916087e-14 0.30238242111052804
vn 0.9531867045676462 -1.4688290130161277e-14 0.3023823841355029
vn 0.9531867014277733 0 0.3023823940331861
vn 0.9531866959778157 2.0306203863680853e-14 0.30238241121284676
vn 0.9797659196648847 0.15517965942928383 0.1264041769983655
vn 0.9797659191226542 0.15517966878385048 0.126404169717122
vn 0.979765917399316 0.1551796739716137 0.1264041767060739
vn 0.9797659150116285 0.15517968303388954 0.12640418408790094
vn 0.9797659191226542 0.15517966878385048 0.126404169717122
vn 0.9797659187025418 0.1551796836184728 0.12640415476175976
vn 0.5569971875297504 0.6501293270435131 -0.516803629246058
vn 0.5569971875297504 0.6501293270435131 -0.516803629246058
vn 0.5569971875297504 0.6501293270435131 -0.516803629246058
vn 0.5569971875297504 0.6501293270435131 -0.516803629246058
vn 0.08938124764976013 -0.08938124764976013 0.9919788229277602
vn 0.08938124764976013 -0.08938124764976013 0.9919788229277602
vn 0.08938124764976013 -0.08938124764976013 0.9919788229277602
vn 0.08938124764976013 -0.08938124764976013 0.9919788229277602
vn -0.6435966747043822 -0.5471551635386234 -0.5351677749290255
vn -0.6435966747043822 -0.5471551635386234 -0.5351677749290255
vn -0.6435966747043822 -0.5471551635386234 -0.5351677749290255
vn -0.6435966747043822 -0.5471551635386234 -0.5351677749290255
vn -0.6112143848771906 0.7669840273596282 0.19532659187730328
vn -0.6112143866561868 0.7669840295920064 0.19532657754465857
vn -0.6112143195976683 0.766984079843133 0.1953265900637745
vn -0.6112142822603014 0.7669841077852922 0.1953265971797588
vn -0.6112143569350311 0.7669840519009743 0.19532658294779032
vn -0.6112143475398282 0.7669840553017887 0.1953265989932885
vn -0.45188345737187247 0.8868712036089217 0.09623309806353479
vn -0.4518834575424463 0.8868712028293968 0.0962331044465629
vn -0.45188345737187247 0.8868712036089217 0.09623309806353479
vn -0.45188345786644335 0.8868712034652768 0.09623309706498034
vn -0.4518834339791412 0.8868712161884522 0.0962330919779407
vn -0.4518834819071692 0.8868711921575049 0.09623308838740968
vn -0.15570843483514377 0.9831043052310127 0.09623309387854934
vn -0.15570842559936446 0.983104306523243 0.09623309562110476
vn -0.15570842559936446 0.983104306523243 0.09623309562110476
vn -0.15570841636358623 0.983104307815473 0.09623309736365997
vn -0.15570842930775866 0.98310430481006 0.09623310712244278
vn -0.1557084201836209 0.9831043068071688 0.0962331014834152
vn -0.28816188628309986 0.8868712249291996 0.3611400804208069
vn -0.2881619046172435 0.8868712217512551 0.3611400735958261
vn -0.2881619257419957 0.8868711950444402 0.3611401223252702
vn -0.28816194717757576 0.8868712014117232 0.3611400895848518
vn -0.2881619015158108 0.8868712122060258 0.3611400995112651
vn -0.2881619136107167 0.8868712173128442 0.3611400773193745
vn -0.4480487578180733 0.7669840835246027 0.4593340029190163
vn -0.4480487544814115 0.7669840692247154 0.4593340300512827
vn -0.4480487783009869 0.7669840589832584 0.4593340239178441
vn -0.44804878443442553 0.7669840694826725 0.45933400040344563
vn -0.4480487660341092 0.7669840379844295 0.45933407094663814
vn -0.4480487755042091 0.7669840627837328 0.4593340202999752
vn -0.5934717399795483 0.7164213472567329 0.36678569634119484
vn -0.5934717149314552 0.7164213642757633 0.36678570362756985
vn -0.5934717146370935 0.7164213762687245 0.3667856806786968
vn -0.5934717081498153 0.7164213684374755 0.36678570647166103
vn -0.5934717146370935 0.7164213762687245 0.3667856806786968
vn -0.5934717532484638 0.7164213509262704 0.3667856677041408
vn 0.8838596178513027 -0.45034893504022533 -0.1264041638550096
vn 0.8838596048102719 -0.4503489587655709 -0.12640417051425143
vn 0.8838595929475985 -0.4503489825235599 -0.12640416881772476
vn 0.8838595917692392 -0.4503489824909187 -0.1264041771734939
vn 0.8838596043238198 -0.45034895794995045 -0.12640417682155292
vn 0.8838596043238198 -0.45034895794995045 -0.12640417682155292
vn 0.8838596166729451 -0.450348935007581 -0.12640417221077807
vn 0.8838595907963366 -0.4503489808596744 -0.12640418978809573
vn 0.8838596059886302 -0.4503489587982137 -0.12640416215848316
vn -0.17541649777020116 0.12744754436151495 -0.9762101084020062
vn -0.17541649777020116 0.12744754436151495 -0.9762101084020062
vn -0.17541649777020116 0.12744754436151495 -0.9762101084020062
vn -0.17541649777020116 0.12744754436151495 -0.9762101084020062
vn 0.5971215293959315 0.6382755558755124 0.4858499705708225
vn 0.5971215293959315 0.6382755558755124 0.4858499705708225
vn 0.5971215293959315 0.6382755558755124 0.4858499705708225
vn 0.5971215293959315 0.6382755558755124 0.4858499705708225
vn -0.42251546440471716 -0.7651343032252435 0.48584995663979164
vn -0.42251546440471716 -0.7651343032252435 0.48584995663979164
vn -0.42251546440471716 -0.7651343032252435 0.48584995663979164
vn -0.42251546440471716 -0.7651343032252435 0.48584995663979164
vn 0.7711442681186615 -0.5602690557321853 -0.30238237868086687
vn 0.7711442284679412 -0.5602690865288947 -0.3023824227376017
vn 0.7711442509080396 -0.5602690865332453 -0.3023823655021592
vn 0.7711442370094016 -0.5602690764352938 -0.3023824196568489
vn 0.7711442611693428 -0.5602690506832101 -0.3023824057582104
vn 0.7711442370094016 -0.5602690764352938 -0.3023824196568489
vn -0.5545028503584205 -0.7583417372283526 0.34270161733185794
vn -0.5545028503584205 -0.7583417372283526 0.34270161733185794
vn -0.5545028503584205 -0.7583417372283526 0.34270161733185794
vn -0.5545028503584205 -0.7583417372283526 0.34270161733185794
vn -0.10381415473506111 0.4421560162802009 -0.8909100283103044
vn -0.10381415473506111 0.4421560162802009 -0.8909100283103044
vn -0.10381415473506111 0.4421560162802009 -0.8909100283103044
vn -0.10381415473506111 0.4421560162802009 -0.8909100283103044
vn 0.7504270511376171 0.4421560073155518 0.49128129021536115
vn 0.7504270511376171 0.4421560073155518 0.49128129021536115
vn 0.7504270511376171 0.4421560073155518 0.49128129021536115
vn 0.7504270511376171 0.4421560073155518 0.49128129021536115
vn -0.6153252312190873 0.5602690748143518 0.554502861698519
vn -0.6153252273702703 0.5602690766430258 0.5545028641218154
vn -0.6153252312190873 0.5602690748143518 0.554502861698519
vn -0.6153252312190873 0.5602690748143518 0.554502861698519
vn -0.6153252682559142 0.5602690542657873 0.5545028413614375
vn -0.6153252312190873 0.5602690748143518 0.554502861698519
vn -0.7147910737457163 0.3430387458106715 0.6094244331876493
vn -0.7147910965235456 0.34303878534723353 0.6094243842169117
vn -0.7147910997101623 0.34303875827139096 0.609424395720059
vn -0.7147910372870905 0.34303878672110694 0.6094244529217351
vn -0.7147910924026015 0.34303878456670633 0.609424389489699
vn -0.7147910299795298 0.3430388130164217 0.6094244466913741
vn -0.06061004472909766 0.761704027420329 -0.6450840232788186
vn -0.06061004472909766 0.761704027420329 -0.6450840232788186
vn -0.06061004472909766 0.761704027420329 -0.6450840232788186
vn -0.06061004472909766 0.761704027420329 -0.6450840232788186
vn 0.5944472088736276 -0.03790059770783414 0.8032409729064763
vn 0.5944472088736276 -0.03790059770783414 0.8032409729064763
vn 0.5944472088736276 -0.03790059770783414 0.8032409729064763
vn 0.5944472088736276 -0.03790059770783414 0.8032409729064763
vn -0.5237690306984037 -0.8503322758214802 -0.051000227230048885
vn -0.5237690306984037 -0.8503322758214802 -0.051000227230048885
vn -0.5237690306984037 -0.8503322758214802 -0.051000227230048885
vn -0.5237690306984037 -0.8503322758214802 -0.051000227230048885
vn -0.4751990363623909 -0.7951882953985961 -0.37664499293277515
vn -0.4751990363623909 -0.7951882953985961 -0.37664499293277515
vn -0.4751990363623909 -0.7951882953985961 -0.37664499293277515
vn -0.4751990363623909 -0.7951882953985961 -0.37664499293277515
vn 0.09559142925289454 0.8294347169465812 -0.5503638151051844
vn 0.09559142925289454 0.8294347169465812 -0.5503638151051844
vn 0.09559142925289454 0.8294347169465812 -0.5503638151051844
vn 0.09559142925289454 0.8294347169465812 -0.5503638151051844
vn 0.37741215521026056 -0.03792028351305192 0.9252686729798195
vn 0.37741215521026056 -0.03792028351305192 0.9252686729798195
vn 0.37741215521026056 -0.03792028351305192 0.9252686729798195
vn 0.37741215521026056 -0.03792028351305192 0.9252686729798195
vn 0.8192949549153373 -0.41207642623553714 -0.39868382935757923
vn 0.8192949453815913 -0.41207642161710845 -0.39868385372299003
vn 0.8192949747115824 -0.4120764063900274 -0.3986838091884704
vn 0.8192949453815913 -0.41207642161710845 -0.39868385372299003
vn 0.8192949554432168 -0.4120763968754274 -0.3986838586191604
vn 0.8192949649769624 -0.4120764014938577 -0.3986838342537491
vn 0.918320806652385 -0.34428827905535236 -0.19532659054623555
vn 0.918320806652385 -0.34428827905535236 -0.19532659054623555
vn 0.9183207945570134 -0.34428830432298946 -0.1953266028747138
vn 0.9183208159916506 -0.34428826021032677 -0.1953265798548039
vn 0.9183208120813481 -0.3442882736348239 -0.1953265745765435
vn 0.918320806652385 -0.34428827905535236 -0.19532659054623555
vn 0.9183208186645084 -0.34428826121240963 -0.19532656552216004
vn 0.9822469476223848 1.2612450475535555e-9 -0.1875924675633538
vn 0.9822469476223848 9.801486926998645e-10 -0.1875924675633538
vn 0.9822469476223848 -6.970910354485052e-16 -0.1875924675633538
vn 0.9822469476223848 -9.888724841301816e-16 -0.1875924675633538
vn 0.9822469476223848 -1.0248541104663313e-10 -0.1875924675633538
vn 0.9822469476223848 1.7860573269798737e-10 -0.1875924675633538
vn 0.9822469455248416 -9.248989338310887e-14 -0.18759247854623262
vn 0.9822469482705615 -1.1524190448222029e-15 -0.18759246416945707
vn 0.9822469455248416 4.2483551160708805e-14 -0.18759247854623262
vn 0.9822469455248416 4.3137687607583307e-14 -0.18759247854623262
vn 0.9822469427791216 -1.1585785857853283e-13 -0.18759249292300806
vn 0.9822469482705615 -2.503971895918077e-14 -0.18759246416945707
vn 0.8678998858092868 -0.18910857841053122 -0.4593340111332654
vn 0.8678998567752909 -0.18910859997279775 -0.45933405711503467
vn 0.8678998833635992 -0.1891085927787961 -0.4593340098388909
vn 0.8678998833635992 -0.1891085927787961 -0.4593340098388909
vn 0.8678998829827259 -0.18910859078203113 -0.4593340113806129
vn 0.8678998686561645 -0.18910860256154732 -0.45933403360063696
vn 0.8678998837444726 -0.1891085947755608 -0.4593340082971691
vn 0.8678998837444726 -0.1891085947755608 -0.4593340082971691
vn -0.3984935905978226 -0.8774254975943165 -0.26707181510563976
vn -0.3984935905978226 -0.8774254975943165 -0.26707181510563976
vn -0.3984935905978226 -0.8774254975943165 -0.26707181510563976
vn -0.3984935905978226 -0.8774254975943165 -0.26707181510563976
vn -0.1768174048746354 0.8334317927396498 -0.5235714394274888
vn -0.1768174048746354 0.8334317927396498 -0.5235714394274888
vn -0.1768174048746354 0.8334317927396498 -0.5235714394274888
vn -0.1768174048746354 0.8334317927396498 -0.5235714394274888
vn 0.5793493655930985 -0.012422617163579841 0.8149846570148922
vn 0.5793493655930985 -0.012422617163579841 0.8149846570148922
vn 0.5793493655930985 -0.012422617163579841 0.8149846570148922
vn 0.5793493655930985 -0.012422617163579841 0.8149846570148922
vn -0.5853909786392202 0.3442882857988866 0.7340183774194486
vn -0.5853910102570631 0.34428827459208855 0.7340183574602325
vn -0.5853909786392202 0.3442882857988866 0.7340183774194486
vn -0.5853909846456771 0.34428825952916525 0.7340183849509103
vn -0.585390972632763 0.3442883120686072 0.7340183698879865
vn -0.5853909530278363 0.34428827073596324 0.7340184049101234
vn 0.328510632666818 -0.8696713988085019 0.3684459557646285
vn 0.328510632666818 -0.8696713988085019 0.3684459557646285
vn 0.328510632666818 -0.8696713988085019 0.3684459557646285
vn 0.328510632666818 -0.8696713988085019 0.3684459557646285
vn -0.8477690992482839 -0.015054173149763823 -0.5301517954610078
vn -0.8477690992482839 -0.015054173149763823 -0.5301517954610078
vn -0.8477690992482839 -0.015054173149763823 -0.5301517954610078
vn -0.8477690992482839 -0.015054173149763823 -0.5301517954610078
vn 0.49999999593165706 0.8519124915423767 0.15570841602945912
vn 0.49999999593165706 0.8519124915423767 0.15570841602945912
vn 0.49999999593165706 0.8519124915423767 0.15570841602945912
vn 0.49999999593165706 0.8519124915423767 0.15570841602945912
vn -0.32510530876459526 0.15517967904924074 0.9328589418680896
vn -0.3251052836157023 0.155179651468099 0.9328589552206663
vn -0.32510528286394275 0.15517966601042954 0.9328589530635633
vn -0.32510528286394275 0.15517966601042954 0.9328589530635633
vn -0.3251053080128356 0.15517969359157097 0.9328589397109863
vn -0.32510532759309724 0.15517967313532322 0.9328589362900477
vn -0.24263871866395612 0 0.9701167209182169
vn -0.2426386906162023 -7.639848988105222e-13 0.9701167279333219
vn -0.24263873269416758 5.699639144281834e-13 0.9701167174090798
vn -0.24263873268783281 7.165690576215792e-14 0.9701167174106642
vn -0.24263871866395612 -5.780678589158608e-14 0.9701167209182169
vn -0.24263871865762224 -7.867275301876648e-15 0.9701167209198012
vn 0.9430865260439971 0.01977396861957619 0.3319590254222612
vn 0.9430865260439971 0.01977396861957619 0.3319590254222612
vn 0.9430865260439971 0.01977396861957619 0.3319590254222612
vn 0.9430865260439971 0.01977396861957619 0.3319590254222612
vn -0.43161635875828497 -0.8533604003659927 -0.29237535111467977
vn -0.43161635875828497 -0.8533604003659927 -0.29237535111467977
vn -0.43161635875828497 -0.8533604003659927 -0.29237535111467977
vn -0.43161635875828497 -0.8533604003659927 -0.29237535111467977
vn -0.5676958149809005 0.8209544687646445 -0.06127986511515438
vn -0.5676958149809005 0.8209544687646445 -0.06127986511515438
vn -0.5676958149809005 0.8209544687646445 -0.06127986511515438
vn -0.5676958149809005 0.8209544687646445 -0.06127986511515438
vn -0.3973272503073691 -0.866025396021062 -0.3035310027159465
vn -0.3973272503073691 -0.866025396021062 -0.3035310027159465
vn -0.3973272503073691 -0.866025396021062 -0.3035310027159465
vn -0.3973272503073691 -0.866025396021062 -0.3035310027159465
vn -0.3973272503073691 0.866025396021062 -0.3035310027159465
vn -0.3973272503073691 0.866025396021062 -0.3035310027159465
vn -0.3973272503073691 0.866025396021062 -0.3035310027159465
vn -0.3973272503073691 0.866025396021062 -0.3035310027159465
vn 0.794654479243996 -4.567238948422846e-15 0.6070619891060991
vn 0.794654479243996 -5.1793760537827924e-15 0.6070619891060991
vn 0.794654479243996 -4.567238948422846e-15 0.6070619891060991
vn 0.794654479243996 -3.9551018430629e-15 0.6070619891060991
vn 0.7400453757572468 -6.548776340907099e-14 -0.6725569431805126
vn 0.7400453460906649 -1.8043186971872668e-14 -0.6725569758240174
vn 0.740045319129523 -4.6140053668675115e-14 -0.6725570054905996
vn 0.7400453460906649 1.815479372366337e-14 -0.6725569758240174
vn 0.7400453757572468 6.788904085115662e-14 -0.6725569431805126
vn 0.7400453487961064 4.7010947736381965e-14 -0.6725569728470958
vn 0.7989774826071238 0.18910857759755645 -0.5708528077935784
vn 0.798977461051998 0.18910858660343074 -0.5708528349791704
vn 0.798977461051998 0.18910858660343074 -0.5708528349791704
vn 0.7989774588005292 0.18910860097169616 -0.5708528333705426
vn 0.798977461051998 0.18910858660343074 -0.5708528349791704
vn 0.7989774666824636 0.1891086020438173 -0.5708528219836579
vn 0.7989774904890595 0.18910857866967548 -0.5708527964066918
vn 0.7989774293634678 0.18910860890544984 -0.5708528719430168
vn 0.714791070559098 0.3430387728865124 -0.6094244216845057
vn 0.7147910778666587 0.3430387465911954 -0.6094244279148662
vn 0.714791103831107 0.34303875905191583 -0.6094243904472721
vn 0.7147911070177227 0.34303873197607476 -0.6094244019504186
vn 0.7147910778666587 0.3430387465911954 -0.6094244279148662
vn 0.714791070559098 0.3430387728865124 -0.6094244216845057
vn 0.714791070559098 0.3430387728865124 -0.6094244216845057
vn 0.714791103831107 0.34303875905191583 -0.6094243904472721
vn 0.714791070559098 0.3430387728865124 -0.6094244216845057
vn 0.5853909862005476 0.34428828499276976 -0.734018371767279
vn 0.5853909846456771 0.34428825952916525 -0.7340183849509103
vn 0.5853909786392202 0.3442882857988866 -0.7340183774194486
vn 0.585391017818388 0.3442882737859726 -0.7340183518080642
vn 0.5853909530278363 0.34428827073596324 -0.7340184049101234
vn 0.5853909770843486 0.34428826033527987 -0.7340183906030816
vn 0.5853909710778913 0.34428828660500355 -0.7340183830716192
vn 0.5853909530278363 0.34428827073596324 -0.7340184049101234
vn 0.5257311251510409 0.15570842592323308 -0.8362784644745611
vn 0.5257310820207153 0.1557084308025147 -0.8362784906801958
vn 0.5257311251510409 0.15570842592323308 -0.8362784644745611
vn 0.5257311251510409 0.15570842592323308 -0.8362784644745611
vn 0.5257311501368563 0.15570844822456872 -0.8362784446147556
vn 0.5257311356518093 0.1557084317855442 -0.8362784567816783
vn -0.5759347479987038 0.8124316652532572 -0.09085128145210355
vn -0.5759347479987038 0.8124316652532572 -0.09085128145210355
vn -0.5759347479987038 0.8124316652532572 -0.09085128145210355
vn -0.5759347479987038 0.8124316652532572 -0.09085128145210355
vn 0.9877856208941215 0 0.1558190205168003
vn 0.9877856208941215 0 0.1558190205168003
vn 0.9877856208941215 0 0.1558190205168003
vn 0.9877856208941215 0 0.1558190205168003
vn -0.5759347479987038 -0.8124316652532572 -0.09085128145210355
vn -0.5759347479987038 -0.8124316652532572 -0.09085128145210355
vn -0.5759347479987038 -0.8124316652532572 -0.09085128145210355
vn -0.5759347479987038 -0.8124316652532572 -0.09085128145210355
vn -0.048150721204197104 0.1481926865661244 0.9877856223370687
vn -0.04815072492085029 0.14819268653954226 0.9877856221598843
vn -0.048150724145477025 0.14819268071729158 0.9877856230711647
vn -0.048150721204197104 0.1481926865661244 0.9877856223370687
vn -0.048150724145477025 0.14819268071729158 0.9877856230711647
vn -0.04815072403914852 0.14819269529120793 0.9877856208898939
vn 0.12606023049000353 -0.09158812315788138 0.9877856214711895
vn 0.12606023057602508 -0.09158811576979924 0.9877856221452392
vn 0.12606022341968137 -0.09158811394615787 0.987785623227614
vn 0.12606023049000353 -0.09158812315788138 0.9877856214711895
vn 0.1260602379980246 -0.09158812116219735 0.9877856206980643
vn 0.126060237912003 -0.09158812855027991 0.9877856200240144
vn -0.07497948306325662 -0.23076313420742764 0.9701167213332277
vn -0.07497949047195053 -0.23076313407851398 0.9701167207912811
vn -0.07497949454969705 -0.2307631615296886 0.9701167139462626
vn -0.07497949021412315 -0.2307631481861639 0.9701167174554002
vn -0.07497949047195053 -0.23076313407851398 0.9701167207912811
vn -0.0749794787276836 -0.23076312086390513 0.9701167248423642
vn -0.9506420561015504 -0.2966913006036071 -0.09085127031118966
vn -0.9506420561015504 -0.2966913006036071 -0.09085127031118966
vn -0.9506420561015504 -0.2966913006036071 -0.09085127031118966
vn -0.9506420561015504 -0.2966913006036071 -0.09085127031118966
vn 0.30524253899680887 0.9394399540497972 0.15581901399282647
vn 0.30524253899680887 0.9394399540497972 0.15581901399282647
vn 0.30524253899680887 0.9394399540497972 0.15581901399282647
vn 0.30524253899680887 0.9394399540497972 0.15581901399282647
vn 0.5946947818092276 -0.7988017048094453 -0.09085126791849918
vn 0.5946947818092276 -0.7988017048094453 -0.09085126791849918
vn 0.5946947818092276 -0.7988017048094453 -0.09085126791849918
vn 0.5946947818092276 -0.7988017048094453 -0.09085126791849918
vn -0.9449707607104142 -0.14678868249672344 -0.29237534795747966
vn -0.9449707607104142 -0.14678868249672344 -0.29237534795747966
vn -0.9449707607104142 -0.14678868249672344 -0.29237534795747966
vn -0.9449707607104142 -0.14678868249672344 -0.29237534795747966
vn 0.31023590991603717 0.8908180970764671 0.33195903078487016
vn 0.31023590991603717 0.8908180970764671 0.33195903078487016
vn 0.31023590991603717 0.8908180970764671 0.33195903078487016
vn 0.31023590991603717 0.8908180970764671 0.33195903078487016
vn 0.6053464521255788 -0.7935996793978553 -0.06127986421815637
vn 0.6053464521255788 -0.7935996793978553 -0.06127986421815637
vn 0.6053464521255788 -0.7935996793978553 -0.06127986421815637
vn 0.6053464521255788 -0.7935996793978553 -0.06127986421815637
vn 0.7008582437583127 -0.6454972153170924 -0.3035309987034153
vn 0.7008582437583127 -0.6454972153170924 -0.3035309987034153
vn 0.7008582437583127 -0.6454972153170924 -0.3035309987034153
vn 0.7008582437583127 -0.6454972153170924 -0.3035309987034153
vn -0.9464199696637879 -0.11026408752945283 -0.30353100669106603
vn -0.9464199696637879 -0.11026408752945283 -0.30353100669106603
vn -0.9464199696637879 -0.11026408752945283 -0.30353100669106603
vn -0.9464199696637879 -0.11026408752945283 -0.30353100669106603
vn 0.2455617394240062 0.7557612966782554 0.6070620187215292
vn 0.2455617394240062 0.7557612966782554 0.6070620187215292
vn 0.2455617394240062 0.7557612966782554 0.6070620187215292
vn 0.2455617394240062 0.7557612966782554 0.6070620187215292
vn 0.3105473440383447 0.45188345370344646 -0.8362784771711962
vn 0.3105473440383447 0.45188345370344646 -0.8362784771711962
vn 0.31054735951791324 0.45188347622806635 -0.8362784592517558
vn 0.3105473709665405 0.45188344952125065 -0.8362784694314122
vn 0.31054737917967984 0.45188347503595866 -0.8362784525946237
vn 0.31054737823297035 0.451883446531164 -0.8362784683487583
vn 0.5083333207585692 0.45034893937227594 -0.7340184383330106
vn 0.508333358138639 0.4503489494851293 -0.7340184062413793
vn 0.508333358138639 0.4503489494851293 -0.7340184062413793
vn 0.5083334245813173 0.45034895554316623 -0.7340183565106593
vn 0.5083334177587485 0.4503489793011536 -0.7340183466590727
vn 0.5083333513160713 0.45034897324311657 -0.7340183963897924
vn 0.508333358138639 0.4503489494851293 -0.7340184062413793
vn 0.5083333955187043 0.4503489595979807 -0.734018374149749
vn 0.5471318493950778 0.57380188872793 -0.6094244267091551
vn 0.5471318493950778 0.57380188872793 -0.6094244267091551
vn 0.5471318493950778 0.57380188872793 -0.6094244267091551
vn 0.547131788920677 0.5738019474204251 -0.6094244257403763
vn 0.5471318911568767 0.573801870015332 -0.6094244068348491
vn 0.5471318076332746 0.5738019074405277 -0.6094244465834607
vn 0.5471318692693836 0.5738019095710125 -0.6094243892415611
vn 0.5471318724442786 0.5738019099952294 -0.6094243859917687
vn 0.5471318306824798 0.5738019287078273 -0.6094244058660726
vn 0.4267505551385365 0.7014349445943261 -0.5708528551132118
vn 0.4267505452840875 0.7014349773819477 -0.570852822192306
vn 0.4267505486056149 0.7014349232367805 -0.5708528862400704
vn 0.42675059735529736 0.70143490539486 -0.5708528717196759
vn 0.4267505616714567 0.7014349659518684 -0.5708528239863557
vn 0.4267505696589291 0.7014349684609871 -0.5708528149321097
vn 0.42675056312600884 0.7014349471034432 -0.5708528460589682
vn 0.42675053729661716 0.7014349748728281 -0.5708528312465514
vn 0.2286866081240849 0.7038249595045999 -0.6725569579173569
vn 0.22868658440853207 0.7038249919813377 -0.67255693199463
vn 0.22868659895660612 0.7038249312900033 -0.6725569905608613
vn 0.22868660348478723 0.7038249589698996 -0.6725569600543964
vn 0.22868657481484683 0.7038250220596501 -0.6725569037800344
vn 0.22868658936292116 0.7038249613683208 -0.6725569623462658
vn 0.06704464757324732 0.8183104925788882 -0.5708528295165722
vn 0.06704465312458345 0.8183105007308319 -0.5708528171788763
vn 0.06704465312458345 0.8183105007308319 -0.5708528171788763
vn 0.06704465084335698 0.8183104728874246 -0.5708528573599783
vn 0.06704465411346688 0.8183104531959584 -0.5708528852033865
vn 0.06704465125882951 0.8183105092915406 -0.5708528051263315
vn 0.06704465312458345 0.8183105007308319 -0.5708528171788763
vn 0.06704464757324732 0.8183104925788882 -0.5708528295165722
vn 0.014372334391087711 0.5481165485625387 -0.8362784734740222
vn 0.014372336253348049 0.5481165485478652 -0.8362784734516345
vn 0.014372335322217879 0.548116548555202 -0.8362784734628284
vn 0.014372335322217879 0.548116548555202 -0.8362784734628284
vn 0.014372335322217879 0.548116548555202 -0.8362784734628284
vn 0.014372336038622483 0.5481165758766643 -0.8362784555433876
vn 0.2726235928251224 0.9030390787380794 0.3319590319708181
vn 0.2726235928251224 0.9030390787380794 0.3319590319708181
vn 0.2726235928251224 0.9030390787380794 0.3319590319708181
vn 0.2726235928251224 0.9030390787380794 0.3319590319708181
vn 0.678217157239666 -0.6741944398550164 -0.2923753493274132
vn 0.678217157239666 -0.6741944398550164 -0.2923753493274132
vn 0.678217157239666 -0.6741944398550164 -0.2923753493274132
vn 0.678217157239666 -0.6741944398550164 -0.2923753493274132
vn -0.9562017582333138 -0.2862218994465979 -0.06127986479016517
vn -0.9562017582333138 -0.2862218994465979 -0.06127986479016517
vn -0.9562017582333138 -0.2862218994465979 -0.06127986479016517
vn -0.9562017582333138 -0.2862218994465979 -0.06127986479016517
vn 0.17180339783954918 -0.3166351280007945 0.9328589326402498
vn 0.17180338662064884 -0.31663507518258766 0.9328589526342087
vn 0.17180339946076537 -0.3166351011863875 0.9328589414431375
vn 0.17180338662064884 -0.31663507518258766 0.9328589526342087
vn 0.17180339783954918 -0.3166351280007945 0.9328589326402498
vn 0.17180339779460227 -0.31663506597395247 0.9328589537019519
vn 0.5168484715702156 -0.18304622495655826 0.8362785044258194
vn 0.5168484987428434 -0.1830462196788115 0.8362784887874165
vn 0.5168484715702156 -0.18304622495655826 0.8362785044258194
vn 0.516848524505717 -0.18304622880294869 0.836278470867977
vn 0.5168484550605273 -0.18304622531783776 0.8362785145502888
vn 0.516848524505717 -0.18304622880294869 0.836278470867977
vn 0.7575415982104183 -0.3166351025857306 0.5708528171002829
vn 0.7575415652861907 -0.3166351186264758 0.5708528518945541
vn 0.757541591061906 -0.3166351294001377 0.570852811713452
vn 0.7575415906855615 -0.3166351043294526 0.5708528261188395
vn 0.7575415982104183 -0.3166351025857306 0.5708528171002829
vn 0.7575415652861907 -0.3166351186264758 0.5708528518945541
vn 0.901230616895128 -0.23076314841253798 0.3667856928855869
vn 0.9012306263302323 -0.23076313520564884 0.36678567801166484
vn 0.901230628087889 -0.23076313601651147 0.3667856731827651
vn 0.901230628087889 -0.23076313601651147 0.3667856731827651
vn 0.9012306182364784 -0.23076313349402464 0.366785698975729
vn 0.9012306249888825 -0.2307631501241615 0.3667856719215217
vn 0.15817145431379803 0.890818086841679 0.4259400511762058
vn 0.15817145431379803 0.890818086841679 0.4259400511762058
vn 0.15817145431379803 0.890818086841679 0.4259400511762058
vn 0.15817145431379803 0.890818086841679 0.4259400511762058
vn 0.16109530145882292 -0.14678868212336774 -0.9759617751983815
vn 0.16109530145882292 -0.14678868212336774 -0.9759617751983815
vn 0.16109530145882292 -0.14678868212336774 -0.9759617751983815
vn 0.16109530145882292 -0.14678868212336774 -0.9759617751983815
vn -0.3255295444355779 -0.7935997090139186 0.514033089939343
vn -0.3255295444355779 -0.7935997090139186 0.514033089939343
vn -0.3255295444355779 -0.7935997090139186 0.514033089939343
vn -0.3255295444355779 -0.7935997090139186 0.514033089939343
vn -0.5648163944161176 -0.6741944302068695 0.4758616509835723
vn -0.5648163944161176 -0.6741944302068695 0.4758616509835723
vn -0.5648163944161176 -0.6741944302068695 0.4758616509835723
vn -0.5648163944161176 -0.6741944302068695 0.4758616509835723
vn 0.17499219857249626 0.9030390712613893 0.39229856769319404
vn 0.17499219857249626 0.9030390712613893 0.39229856769319404
vn 0.17499219857249626 0.9030390712613893 0.39229856769319404
vn 0.17499219857249626 0.9030390712613893 0.39229856769319404
vn 0.37281604223763976 -0.2862219039459074 -0.8826580427050116
vn 0.37281604223763976 -0.2862219039459074 -0.8826580427050116
vn 0.37281604223763976 -0.2862219039459074 -0.8826580427050116
vn 0.37281604223763976 -0.2862219039459074 -0.8826580427050116
vn -0.7544177045010743 0.5481165553377727 -0.36114009594613583
vn -0.7544177372677784 0.5481165195395308 -0.3611400818292487
vn -0.754417712620731 0.5481165612370488 -0.361140070030697
vn -0.7544177372677784 0.5481165195395308 -0.3611400818292487
vn -0.754417712620731 0.5481165612370488 -0.361140070030697
vn -0.7544177045010743 0.5481165553377727 -0.36114009594613583
vn -0.5405695497061264 0.8183105080736556 -0.19532658371750536
vn -0.540569563953657 0.8183104990170116 -0.1953265822295638
vn -0.540569588746616 0.8183104769437799 -0.1953266060892829
vn -0.5405695903199941 0.8183104793255487 -0.19532659175663833
vn -0.5405695481327484 0.8183105056918866 -0.19532659805015046
vn -0.5405695760724653 0.8183104883821918 -0.19532659324458085
vn -0.5405695655270348 0.8183105013987801 -0.19532656789691977
vn -0.7038249750817843 0.7038249750817843 -0.09623309670924732
vn -0.7038249750817843 0.7038249750817843 -0.09623309670924732
vn -0.7038249750344343 0.7038249750344343 -0.09623309740186017
vn -0.7038249750817843 0.7038249750817843 -0.09623309670924732
vn -0.7038249750817843 0.7038249750817843 -0.09623309670924732
vn -0.7038249750817843 0.7038249750817843 -0.09623309670924732
vn -0.7038249750817843 0.7038249750817843 -0.09623309670924732
vn -0.7038249750817843 0.7038249750817843 -0.09623309670924732
vn -0.5849197154791091 -0.6454972236198422 0.49112346792116673
vn -0.5849197154791091 -0.6454972236198422 0.49112346792116673
vn -0.5849197154791091 -0.6454972236198422 0.49112346792116673
vn -0.5849197154791091 -0.6454972236198422 0.49112346792116673
vn 0.43315421373440316 0.7557613050936175 0.4911234843166463
vn 0.43315421373440316 0.7557613050936175 0.4911234843166463
vn 0.43315421373440316 0.7557613050936175 0.4911234843166463
vn 0.43315421373440316 0.7557613050936175 0.4911234843166463
vn 0.15176550289512192 -0.11026408720221002 -0.982246946141577
vn 0.15176550289512192 -0.11026408720221002 -0.982246946141577
vn 0.15176550289512192 -0.11026408720221002 -0.982246946141577
vn 0.15176550289512192 -0.11026408720221002 -0.982246946141577
vn 0.49112346029724374 -0.35682209789530583 0.7946544766118508
vn 0.49112343768330846 -0.356822103117975 0.7946544882429059
vn 0.4911234887820247 -0.35682208878838795 0.7946544630965487
vn 0.49112348355935487 -0.35682211479621967 0.7946544546460919
vn 0.49112345442639915 -0.3568221017795533 0.7946544784960962
vn 0.49112347768850845 -0.35682211868046626 0.7946544565303391
vn 0.2454093643907013 0.8966726423599483 0.36844594761318833
vn 0.2454093643907013 0.8966726423599483 0.36844594761318833
vn 0.2454093643907013 0.8966726423599483 0.36844594761318833
vn 0.2454093643907013 0.8966726423599483 0.36844594761318833
vn 0.694708206577763 -0.4861271051737293 -0.5301518134731958
vn 0.694708206577763 -0.4861271051737293 -0.5301518134731958
vn 0.694708206577763 -0.4861271051737293 -0.5301518134731958
vn 0.694708206577763 -0.4861271051737293 -0.5301518134731958
vn -0.9052500942250827 -0.3953190540863144 0.155708421036823
vn -0.9052500942250827 -0.3953190540863144 0.155708421036823
vn -0.9052500942250827 -0.3953190540863144 0.155708421036823
vn -0.9052500942250827 -0.3953190540863144 0.155708421036823
vn -0.14654184967781983 0.6631308238660991 -0.7340183899138167
vn -0.14654185784764678 0.6631307934054844 -0.7340184158016562
vn -0.14654185205548118 0.6631308267994334 -0.734018386789084
vn -0.14654187067032529 0.6631308514306322 -0.7340183608203042
vn -0.14654186425898588 0.6631308224180575 -0.734018388310982
vn -0.14654185205548118 0.6631308267994334 -0.734018386789084
vn -0.14654185608915862 0.6631308528786739 -0.7340183624231391
vn -0.14654185784764678 0.6631307934054844 -0.7340184158016562
vn -0.3131891746394431 -0.7781911391324174 -0.5443630147837514
vn -0.3131891746394431 -0.7781911391324174 -0.5443630147837514
vn -0.3131891746394431 -0.7781911391324174 -0.5443630147837514
vn -0.3131891746394431 -0.7781911391324174 -0.5443630147837514
vn -0.6136975906471787 0.47562349013388916 0.6302043818212518
vn -0.6136975906471787 0.47562349013388916 0.6302043818212518
vn -0.6136975906471787 0.47562349013388916 0.6302043818212518
vn -0.6136975906471787 0.47562349013388916 0.6302043818212518
vn 0.9352895385329697 0.35058309757728273 -0.04821795105457979
vn 0.9352895385329697 0.35058309757728273 -0.04821795105457979
vn 0.9352895385329697 0.35058309757728273 -0.04821795105457979
vn 0.9352895385329697 0.35058309757728273 -0.04821795105457979
vn 0.3667856934971043 0.7164213430950221 0.5934717467611855
vn 0.3667856934971043 0.7164213430950221 0.5934717467611855
vn 0.3667856934971043 0.7164213430950221 0.5934717467611855
vn 0.3667856934971043 0.7164213430950221 0.5934717467611855
vn 0.5552706929147713 -0.35655570536039877 -0.7513604238745201
vn 0.5552706929147713 -0.35655570536039877 -0.7513604238745201
vn 0.5552706929147713 -0.35655570536039877 -0.7513604238745201
vn 0.5552706929147713 -0.35655570536039877 -0.7513604238745201
vn -0.9203617930117104 -0.3565557208564789 0.16063059449801625
vn -0.9203617930117104 -0.3565557208564789 0.16063059449801625
vn -0.9203617930117104 -0.3565557208564789 0.16063059449801625
vn -0.9203617930117104 -0.3565557208564789 0.16063059449801625
vn -0.10536666552141621 0.7858115090434374 -0.6094244317811469
vn -0.10536666552141621 0.7858115090434374 -0.6094244317811469
vn -0.10536666552141621 0.7858115090434374 -0.6094244317811469
vn -0.10536666552141621 0.7858115090434374 -0.6094244317811469
vn -0.10536666552141621 0.7858115090434374 -0.6094244317811469
vn -0.10536666552141621 0.7858115090434374 -0.6094244317811469
vn -0.10536666552141621 0.7858115090434374 -0.6094244317811469
vn -0.10536666441364453 0.7858115603864597 -0.6094243657693215
vn -0.10536667288927969 0.7858115084265416 -0.6094244313027226
vn -0.34270160600524535 0.7583417121644409 -0.5545028916362202
vn -0.3427016431193067 0.7583417220011679 -0.5545028552456974
vn -0.34270160600524535 0.7583417121644409 -0.5545028916362202
vn -0.34270161733185794 0.7583417372283526 -0.5545028503584205
vn -0.34270159102965075 0.7583417449735272 -0.5545028560217267
vn -0.3427016436340644 0.7583417294831776 -0.5545028446951141
vn -0.4979643956978938 0.7858115052051022 -0.36678568525028754
vn -0.4979643902546122 0.785811496615345 -0.36678571104325197
vn -0.4979643678423271 0.7858115082771768 -0.36678571648653363
vn -0.4979643660195705 0.7858115305510968 -0.366785671240944
vn -0.4979643902546122 0.785811496615345 -0.36678571104325197
vn -0.4979643669309489 0.7858115194141377 -0.36678569386373755
vn -0.4979643902546122 0.785811496615345 -0.36678571104325197
vn -0.497964349961945 0.785811539665726 -0.3667856735140546
vn -0.4979644171987963 0.7858115046802308 -0.3667856571842124
vn -0.5909905147514065 0.6631307949663617 -0.4593340399329757
vn -0.590990483301907 0.6631308192825693 -0.4593340452918843
vn -0.5909905301786496 0.663130805001014 -0.45933400559708826
vn -0.5909905147514065 0.6631307949663617 -0.4593340399329757
vn -0.5909904913921064 0.6631308283603138 -0.4593340217774869
vn -0.5909905228416067 0.6631308040441063 -0.4593340164185769
vn -0.5909905382688487 0.6631308140787572 -0.4593339820826902
vn -0.5909904987291518 0.6631308293172195 -0.45933401095599846
vn 0.8381258616729697 0.4756234754535351 -0.26707180606054776
vn 0.8381258616729697 0.4756234754535351 -0.26707180606054776
vn 0.8381258616729697 0.4756234754535351 -0.26707180606054776
vn 0.8381258616729697 0.4756234754535351 -0.26707180606054776
vn -0.3468306364321336 -0.7781911496144989 -0.5235714318922928
vn -0.3468306364321336 -0.7781911496144989 -0.5235714318922928
vn -0.3468306364321336 -0.7781911496144989 -0.5235714318922928
vn -0.3468306364321336 -0.7781911496144989 -0.5235714318922928
vn -0.4614016599911763 0.3505831204290138 0.8149846525104889
vn -0.4614016599911763 0.3505831204290138 0.8149846525104889
vn -0.4614016599911763 0.3505831204290138 0.8149846525104889
vn -0.4614016599911763 0.3505831204290138 0.8149846525104889
vn 0.5441099617247032 -0.3953190599896721 -0.7400453974999265
vn 0.5441099617247032 -0.3953190599896721 -0.7400453974999265
vn 0.5441099617247032 -0.3953190599896721 -0.7400453974999265
vn 0.5441099617247032 -0.3953190599896721 -0.7400453974999265
vn -0.784865126332815 -0.4861271064190828 0.38427486239823727
vn -0.784865126332815 -0.4861271064190828 0.38427486239823727
vn -0.784865126332815 -0.4861271064190828 0.38427486239823727
vn -0.784865126332815 -0.4861271064190828 0.38427486239823727
vn 0.21979766410806484 0.8966726397898932 0.3842748546351461
vn 0.21979766410806484 0.8966726397898932 0.3842748546351461
vn 0.21979766410806484 0.8966726397898932 0.3842748546351461
vn 0.21979766410806484 0.8966726397898932 0.3842748546351461
vn 0.0028601440125220856 0.9394399520395043 0.34270161378120445
vn 0.0028601440125220856 0.9394399520395043 0.34270161378120445
vn 0.0028601440125220856 0.9394399520395043 0.34270161378120445
vn 0.0028601440125220856 0.9394399520395043 0.34270161378120445
vn 0.34388020575861605 -0.29669129797758037 -0.8909100278882208
vn 0.34388020575861605 -0.29669129797758037 -0.8909100278882208
vn 0.34388020575861605 -0.29669129797758037 -0.8909100278882208
vn 0.34388020575861605 -0.29669129797758037 -0.8909100278882208
vn -0.34721545807147897 -0.7988016842981788 0.49128127873816446
vn -0.34721545807147897 -0.7988016842981788 0.49128127873816446
vn -0.34721545807147897 -0.7988016842981788 0.49128127873816446
vn -0.34721545807147897 -0.7988016842981788 0.49128127873816446
vn 0.82712646703148 -0.09158812725110257 0.5545028606622855
vn 0.8271264864227283 -0.09158811534767278 0.5545028337033578
vn 0.8271264681603168 -0.0915881124749376 0.554502861419054
vn 0.82712646703148 -0.09158812725110257 0.5545028606622855
vn 0.8271264858583098 -0.09158812273575488 0.5545028333249735
vn 0.8271264675958984 -0.09158811986302011 0.5545028610406698
vn 0.9050359666592419 0.1481926729496152 0.3986838731842811
vn 0.9050359861674427 0.14819269104509436 0.3986838221733327
vn 0.9050359793814526 0.1481926698914195 0.3986838454408549
vn 0.9050359881956805 0.14819266671623996 0.3986838266122634
vn 0.9050359754140729 0.14819268928431262 0.39868384723861194
vn 0.9050359881659822 0.14819267647117837 0.39868382305372346
vn -0.8868712155525722 0.4518834336551442 -0.09623309935952286
vn -0.8868712036089217 0.45188345737187247 -0.09623309806353479
vn -0.8868712029730417 0.4518834570478754 -0.09623310544511686
vn -0.8868712028293968 0.4518834575424463 -0.0962331044465629
vn -0.8868712028293968 0.4518834575424463 -0.0962331044465629
vn -0.8868711908857451 0.45188348125917516 -0.09623310315057462
vn -0.8868712028293968 0.4518834575424463 -0.0962331044465629
vn -0.8868712029730417 0.4518834570478754 -0.09623310544511686
vn 0.08574432644885287 -0.04368891454451688 -0.9953588243582082
vn 0.08574432134785748 -0.043688915670720314 -0.995358824748197
vn 0.08574432136181269 -0.04368891195254056 -0.9953588249101957
vn 0.08574432136181269 -0.04368891195254056 -0.9953588249101957
vn 0.08574432365662071 -0.04368891305083364 -0.9953588246643044
vn 0.12484793340387594 -0.01977396938776626 -0.9919788221829301
vn 0.12484792606942759 -0.019773969406159796 -0.9919788231056584
vn 0.12484792606942759 -0.019773969406159796 -0.9919788231056584
vn 0.12484792606942759 -0.019773969406159796 -0.9919788231056584
vn -0.06848376221265615 -0.8533604116339251 -0.5168036205070339
vn -0.06848376221265615 -0.8533604116339251 -0.5168036205070339
vn -0.06848376221265615 -0.8533604116339251 -0.5168036205070339
vn -0.06848376221265615 -0.8533604116339251 -0.5168036205070339
vn -0.12484793340387594 0.01977396938776626 0.9919788221829301
vn -0.12484793340387594 0.01977396938776626 0.9919788221829301
vn -0.12484793340387594 0.01977396938776626 0.9919788221829301
vn -0.12484793340387594 0.01977396938776626 0.9919788221829301
vn 0.19907090625532603 0.8209544650221154 -0.5351677686884139
vn 0.19907090625532603 0.8209544650221154 -0.5351677686884139
vn 0.19907090625532603 0.8209544650221154 -0.5351677686884139
vn 0.19907090625532603 0.8209544650221154 -0.5351677686884139
vn -0.3023823841355029 0 0.9531867045676462
vn -0.3023823841355029 0 0.9531867045676462
vn -0.3023823841355029 0 0.9531867045676462
vn -0.3023823841355029 0 0.9531867045676462
vn 0.1763059980938432 0.8124316505333963 -0.5557616469744159
vn 0.1763059980938432 0.8124316505333963 -0.5557616469744159
vn 0.1763059980938432 0.8124316505333963 -0.5557616469744159
vn 0.1763059980938432 0.8124316505333963 -0.5557616469744159
vn 0.1763059980938432 -0.8124316505333963 -0.5557616469744159
vn 0.1763059980938432 -0.8124316505333963 -0.5557616469744159
vn 0.1763059980938432 -0.8124316505333963 -0.5557616469744159
vn 0.1763059980938432 -0.8124316505333963 -0.5557616469744159
vn 0.9762101072940891 -1.7643486045570284e-14 0.21682671979454735
vn 0.9762101104481944 2.3305432058745603e-14 0.21682670559394682
vn 0.9762101072940891 0 0.21682671979454735
vn 0.9762101100963312 3.796326531918389e-14 0.21682670717812627
vn 0.9762101041399834 -8.052483213130946e-18 0.2168267339951477
vn 0.9762101076459522 -2.492150459816084e-14 0.21682671821036859
vn 0.15517965424151967 0.979765921388223 0.12640417000941362
vn 0.15517966878385048 0.9797659191226542 0.126404169717122
vn 0.1551796739716137 0.979765917399316 0.1264041767060739
vn 0.15517965424151967 0.979765921388223 0.12640417000941362
vn 0.1551796597215754 0.9797659215103414 0.12640416233529575
vn 0.1551796836184728 0.9797659187025418 0.12640415476175976
vn 0.450348935007581 0.8838596166729451 0.12640417221077807
vn 0.4503489825235599 0.8838595929475985 0.12640416881772476
vn 0.45034895794995045 0.8838596043238198 0.12640417682155292
vn 0.45034895791730756 0.8838596031454614 0.12640418517732213
vn 0.450348935007581 0.8838596166729451 0.12640417221077807
vn 0.4503489587655709 0.8838596048102719 0.12640417051425143
vn 0.9453047202769357 0.26124034119081313 0.19532657258205297
vn 0.945304710165803 0.26124036819886703 0.19532658539396971
vn 0.9453047074144055 0.2612403674385026 0.19532659972661495
vn 0.945304710165803 0.26124036819886703 0.19532658539396971
vn 0.9453047137562804 0.26124035271903184 0.19532658872102576
vn 0.9453047000546694 0.26124039520692005 0.195326598205886
vn -0.12484793340387594 -0.01977396938776626 0.9919788221829301
vn -0.12484793340387594 -0.01977396938776626 0.9919788221829301
vn -0.12484793340387594 -0.01977396938776626 0.9919788221829301
vn -0.12484793340387594 -0.01977396938776626 0.9919788221829301
vn -0.06848376221265615 0.8533604116339251 -0.5168036205070339
vn -0.06848376221265615 0.8533604116339251 -0.5168036205070339
vn -0.06848376221265615 0.8533604116339251 -0.5168036205070339
vn -0.06848376221265615 0.8533604116339251 -0.5168036205070339
vn 0.19907090625532603 -0.8209544650221154 -0.5351677686884139
vn 0.19907090625532603 -0.8209544650221154 -0.5351677686884139
vn 0.19907090625532603 -0.8209544650221154 -0.5351677686884139
vn 0.19907090625532603 -0.8209544650221154 -0.5351677686884139
vn 0.12484792606942759 0.019773969406159796 -0.9919788231056584
vn 0.12484792606942759 0.019773969406159796 -0.9919788231056584
vn 0.12484793340387594 0.01977396938776626 -0.9919788221829301
vn 0.12484792606942759 0.019773969406159796 -0.9919788231056584
vn 0.7544177372677784 0.5481165195395308 0.3611400818292487
vn 0.7544176788201776 0.5481165799848201 0.36114011218545017
vn 0.7544177034672256 0.5481165382873019 0.36114012398400414
vn 0.754417671734371 0.5481165911360101 0.36114011006302077
vn 0.754417712620731 0.5481165612370488 0.361140070030697
vn 0.7544177045010743 0.5481165553377727 0.36114009594613583
vn 0.7038249755390714 0.7038249755390714 0.09623309002027758
vn 0.7038249750817843 0.7038249750817843 0.09623309670924732
vn 0.7038249745297971 0.7038249745297971 0.09623310478344275
vn 0.7038249750344343 0.7038249750344343 0.09623309740186017
vn 0.7038249750344343 0.7038249750344343 0.09623309740186017
vn 0.7038249760910585 0.7038249760910585 0.09623308194608335
vn 0.8868712161884522 0.4518834339791412 0.0962330919779407
vn 0.8868712289116256 0.45188341009184124 0.09623308689090151
vn 0.8868712155525722 0.4518834336551442 0.09623309935952286
vn 0.8868712163320962 0.4518834334845719 0.09623309297649543
vn 0.8868712155525722 0.4518834336551442 0.09623309935952286
vn 0.8868711908857451 0.45188348125917516 0.09623310315057462
vn 0.2945508885229023 0.9065344113039845 0.3023824320163242
vn 0.29455091573956743 0.9065344033461529 0.3023824293619203
vn 0.29455089117730604 0.9065344194733992 0.30238240493898155
vn 0.2945509070929698 0.9065344088521281 0.30238242127781073
vn 0.2945509070929698 0.9065344088521281 0.30238242127781073
vn 0.2945509070929698 0.9065344088521281 0.30238242127781073
vn 0.13873187873153198 0.9065344121632695 0.39868386647494913
vn 0.13873187873153198 0.9065344121632695 0.39868386647494913
vn 0.13873188037990317 0.9065344229344436 0.398683841409671
vn 0.1387318732617289 0.9065344141872208 0.39868386377620546
vn 0.1387318732617289 0.9065344141872208 0.39868386377620546
vn 0.138731887876095 0.9065344123131729 0.3986838629520198
vn 0.04366087013467453 0.9797659168536524 0.19532658956477209
vn 0.04366086909329831 0.9797659174770232 0.19532658667069602
vn 0.04366087013467453 0.9797659168536524 0.19532658956477209
vn 0.043660868966219284 0.9797659146253233 0.19532660100334134
vn 0.04366087013467453 0.9797659168536524 0.19532658956477209
vn 0.04366086537510933 0.9797659176363815 0.19532658670246578
vn 0.015054172843680994 -0.09504830841945222 0.995358825221635
vn 0.015054172843680994 -0.09504830841945222 0.995358825221635
vn 0.015054172843680994 -0.09504830841945222 0.995358825221635
vn 0.015054172843680994 -0.09504830841945222 0.995358825221635
vn -0.8835435566967869 -0.09504831540080577 -0.45860287957999224
vn -0.8835435566967869 -0.09504831540080577 -0.45860287957999224
vn -0.8835435566967869 -0.09504831540080577 -0.45860287957999224
vn -0.8835435566967869 -0.09504831540080577 -0.45860287957999224
vn 0.8362784685869425 0.18304624320483323 -0.5168485230959602
vn 0.8362784685869425 0.18304624320483323 -0.5168485230959602
vn 0.8362784685869425 0.18304624320483323 -0.5168485230959602
vn 0.8362784685869425 0.18304624320483323 -0.5168485230959602
vn -0.043688915670720314 0.08574432134785748 -0.995358824748197
vn -0.04368891454451688 0.08574432644885287 -0.9953588243582082
vn -0.04368891195254056 0.08574432136181269 -0.9953588249101957
vn -0.04368891305083364 0.08574432365662071 -0.9953588246643044
vn -0.043688915670720314 0.08574432134785748 -0.995358824748197
vn 0.7706697707240672 0.4424381625338783 -0.45860285305017373
vn 0.7706697707240672 0.4424381625338783 -0.45860285305017373
vn 0.7706697707240672 0.4424381625338783 -0.45860285305017373
vn 0.7706697707240672 0.4424381625338783 -0.45860285305017373
vn 0.04368891195254056 -0.08574432136181269 0.9953588249101957
vn 0.04368891195254056 -0.08574432136181269 0.9953588249101957
vn 0.04368891195254056 -0.08574432136181269 0.9953588249101957
vn 0.04368891195254056 -0.08574432136181269 0.9953588249101957
vn -0.7841553754812809 -0.3434646195802362 -0.5168485292621184
vn -0.7841553754812809 -0.3434646195802362 -0.5168485292621184
vn -0.7841553754812809 -0.3434646195802362 -0.5168485292621184
vn -0.7841553754812809 -0.3434646195802362 -0.5168485292621184
vn -0.6515731197753247 -0.6277161223502901 0.4259400654173847
vn -0.6515731197753247 -0.6277161223502901 0.4259400654173847
vn -0.6515731197753247 -0.6277161223502901 0.4259400654173847
vn -0.6515731197753247 -0.6277161223502901 0.4259400654173847
vn -0.0440486209910596 0.21344397351785668 -0.9759617764839433
vn -0.0440486209910596 0.21344397351785668 -0.9759617764839433
vn -0.0440486209910596 0.21344397351785668 -0.9759617764839433
vn -0.0440486209910596 0.21344397351785668 -0.9759617764839433
vn 0.7298251427174117 0.45069416883609414 0.514033099357086
vn 0.7298251427174117 0.45069416883609414 0.514033099357086
vn 0.7298251427174117 0.45069416883609414 0.514033099357086
vn 0.7298251427174117 0.45069416883609414 0.514033099357086
vn -0.3035310093929395 0.9341723565387271 0.1875924695071329
vn -0.3035310000857245 0.9341723600115355 0.18759246727264403
vn -0.3035309924920274 0.9341723641277093 0.18759245906179542
vn -0.3035310093929395 0.9341723565387271 0.1875924695071329
vn -0.30353101698663904 0.934172352422552 0.18759247771798326
vn -0.3035310085444654 0.9341723539273925 0.1875924838839077
vn 0.7548408673026366 0.44243816506780637 -0.48421455486306475
vn 0.7548408673026366 0.44243816506780637 -0.48421455486306475
vn 0.7548408673026366 0.44243816506780637 -0.48421455486306475
vn 0.7548408673026366 0.44243816506780637 -0.48421455486306475
vn 0.11159842610242805 -0.343464617543339 0.9325115805110781
vn 0.11159842610242805 -0.343464617543339 0.9325115805110781
vn 0.11159842610242805 -0.343464617543339 0.9325115805110781
vn 0.11159842610242805 -0.343464617543339 0.9325115805110781
vn -0.8707377268707409 -0.08574432089468337 -0.4842145417459956
vn -0.8707377268707409 -0.08574432089468337 -0.4842145417459956
vn -0.8707377268707409 -0.08574432089468337 -0.4842145417459956
vn -0.8707377268707409 -0.08574432089468337 -0.4842145417459956
vn -0.08834285063373178 0.8838596118208041 0.45933400411234904
vn -0.08834284789538908 0.8838595993615341 0.4593340286133832
vn -0.08834284292164535 0.883859624141994 0.45933398188692126
vn -0.08834284910473386 0.8838596114608837 0.45933400509898464
vn -0.08834284789538908 0.8838595993615341 0.4593340286133832
vn -0.08834284324129911 0.8838596124025654 0.4593340044146852
vn -0.22868657988035024 0.7038249643014428 0.6725569625010962
vn -0.2286865848347394 0.7038249336884246 0.672556992852731
vn -0.22868657524105493 0.7038249637667421 0.6725569646381352
vn -0.2286866081240849 0.7038249595045999 0.6725569579173569
vn -0.22868659853039877 0.7038249895829162 0.6725569297027605
vn -0.22868657988035024 0.7038249643014428 0.6725569625010962
vn 0.8532276052570397 0.21344397709445959 0.4758616629540956
vn 0.8532276052570397 0.21344397709445959 0.4758616629540956
vn 0.8532276052570397 0.21344397709445959 0.4758616629540956
vn 0.8532276052570397 0.21344397709445959 0.4758616629540956
vn -0.6723647072972772 -0.6277161198900187 0.39229857661131834
vn -0.6723647072972772 -0.6277161198900187 0.39229857661131834
vn -0.6723647072972772 -0.6277161198900187 0.39229857661131834
vn -0.6723647072972772 -0.6277161198900187 0.39229857661131834
vn -0.13337749775725485 0.45069416178072896 -0.8826580400295346
vn -0.13337749775725485 0.45069416178072896 -0.8826580400295346
vn -0.13337749775725485 0.45069416178072896 -0.8826580400295346
vn -0.13337749775725485 0.45069416178072896 -0.8826580400295346
vn -0.42675061187569224 0.701434929261521 0.5708528315385738
vn -0.42675061187569224 0.701434929261521 0.5708528315385738
vn -0.42675059403376975 0.7014349595400261 0.5708528076719133
vn -0.4267505551385365 0.7014349445943261 0.5708528551132118
vn -0.42675057951337664 0.701434935673366 0.5708528478530153
vn -0.42675057951337664 0.701434935673366 0.5708528478530153
vn -0.5471318525699747 0.5738018891521491 0.6094244234593591
vn -0.5471318692693836 0.5738019095710125 0.6094243892415611
vn -0.5471318493950778 0.57380188872793 0.6094244267091551
vn -0.5471318525699747 0.5738018891521491 0.6094244234593591
vn -0.5471318306824798 0.5738019287078273 0.6094244058660726
vn -0.5471318306824798 0.5738019287078273 0.6094244058660726
vn 0.6094243876133036 0.6976678771735911 -0.37664499059757156
vn 0.6094243876133036 0.6976678771735911 -0.37664499059757156
vn 0.6094243876133036 0.6976678771735911 -0.37664499059757156
vn 0.6094243876133036 0.6976678771735911 -0.37664499059757156
vn 0.15269110448389128 -0.34722228363739316 0.9252686703639778
vn 0.15269110448389128 -0.34722228363739316 0.9252686703639778
vn 0.15269110448389128 -0.34722228363739316 0.9252686703639778
vn 0.15269110448389128 -0.34722228363739316 0.9252686703639778
vn -0.7592999076956771 -0.3472222863959258 -0.5503638196714261
vn -0.7592999076956771 -0.3472222863959258 -0.5503638196714261
vn -0.7592999076956771 -0.3472222863959258 -0.5503638196714261
vn -0.7592999076956771 -0.3472222863959258 -0.5503638196714261
vn 0.7897705637778909 -0.5738019060918272 -0.21682672610944076
vn 0.7897705439026252 -0.573801934956911 -0.21682672211574006
vn 0.7897705561419569 -0.5738019275499733 -0.21682669713658273
vn 0.7897705439026252 -0.573801934956911 -0.21682672211574006
vn 0.7897705663296155 -0.5738019079457637 -0.2168267119088408
vn 0.7897705663296155 -0.5738019079457637 -0.2168267119088408
vn 0.7897705734654984 -0.5738018968309503 -0.21682671533088616
vn 0.7897705464543501 -0.5738019368108477 -0.21682670791513942
vn 0.6450840139955045 -0.6518571870791882 -0.3986838629047531
vn 0.6450839924511833 -0.651857226164965 -0.3986838338580577
vn 0.6450840543888087 -0.6518571682919668 -0.3986838282645469
vn 0.6450840195876493 -0.651857193355878 -0.398683843593942
vn 0.6450840216602015 -0.651857194824362 -0.398683837839477
vn 0.6450840272523467 -0.6518572011010524 -0.39868381852866286
vn -0.743153131609212 -0.1777359042612283 -0.6450840033017907
vn -0.743153131609212 -0.1777359042612283 -0.6450840033017907
vn -0.743153131609212 -0.1777359042612283 -0.6450840033017907
vn -0.743153131609212 -0.1777359042612283 -0.6450840033017907
vn 0.6468605272505249 0.7609010680797024 -0.051000224316576026
vn 0.6468605272505249 0.7609010680797024 -0.051000224316576026
vn 0.6468605272505249 0.7609010680797024 -0.051000224316576026
vn 0.6468605272505249 0.7609010680797024 -0.051000224316576026
vn 0.21973990241960856 -0.5536409701638971 0.8032409672324984
vn 0.21973990241960856 -0.5536409701638971 0.8032409672324984
vn 0.21973990241960856 -0.5536409701638971 0.8032409672324984
vn 0.21973990241960856 -0.5536409701638971 0.8032409672324984
vn 0.12436605379769633 -0.7951882687487056 0.5934717364013427
vn 0.12436605379769633 -0.7951882687487056 0.5934717364013427
vn 0.12436605379769633 -0.7951882687487056 0.5934717364013427
vn 0.12436605379769633 -0.7951882687487056 0.5934717364013427
vn -0.6588015884985355 -0.03792028347717744 -0.751360445520535
vn -0.6588015884985355 -0.03792028347717744 -0.751360445520535
vn -0.6588015884985355 -0.03792028347717744 -0.751360445520535
vn -0.6588015884985355 -0.03792028347717744 -0.751360445520535
vn 0.5350101408058611 0.8294347242333607 0.16063059319700407
vn 0.5350101408058611 0.8294347242333607 0.16063059319700407
vn 0.5350101408058611 0.8294347242333607 0.16063059319700407
vn 0.5350101408058611 0.8294347242333607 0.16063059319700407
vn 0.7229935335984649 -0.412076402753027 -0.5545028301721558
vn 0.7229935290459574 -0.4120764341304693 -0.5545028127899708
vn 0.722993500823884 -0.41207641387519206 -0.5545028646401983
vn 0.7229935335984649 -0.412076402753027 -0.5545028301721558
vn 0.7229935335984649 -0.412076402753027 -0.5545028301721558
vn 0.7229935140293015 -0.41207639576927274 -0.5545028608775323
vn 0.8647500544689332 -0.3430387782124533 -0.3667856866597773
vn 0.8647500633095777 -0.343038751917136 -0.3667856904095566
vn 0.8647500512083787 -0.3430387830767011 -0.36678568979768345
vn 0.8647500450162934 -0.34303877446267383 -0.36678571245274183
vn 0.8647500633095777 -0.343038751917136 -0.3667856904095566
vn 0.8647500544689332 -0.3430387782124533 -0.3667856866597773
vn 0.8647500544689332 -0.3430387782124533 -0.3667856866597773
vn 0.8647500727622173 -0.3430387556669151 -0.3667856646165911
vn 0.8647500488888425 -0.34303879964352335 -0.3667856797720911
vn 0.7989774554215326 -0.18910857116304663 -0.5708528479746804
vn 0.798977461051998 -0.18910858660343074 -0.5708528349791704
vn 0.7989774123112742 -0.189108589174794 -0.5708529023458663
vn 0.798977461051998 -0.18910858660343074 -0.5708528349791704
vn 0.7989774724737208 -0.18910859089370116 -0.5708528175718356
vn 0.7989774803556552 -0.18910859196582125 -0.5708528061849508
vn 0.7989774316149366 -0.189108594537185 -0.5708528735516447
vn 0.7989774316149366 -0.189108594537185 -0.5708528735516447
vn -0.20403394133005975 0.8136578214193536 -0.5443630226498058
vn -0.20403394133005975 0.8136578214193536 -0.5443630226498058
vn -0.20403394133005975 0.8136578214193536 -0.5443630226498058
vn -0.20403394133005975 0.8136578214193536 -0.5443630226498058
vn 0.7760562452380289 -0.02406509267640942 0.630204391877372
vn 0.7760562452380289 -0.02406509267640942 0.630204391877372
vn 0.7760562452380289 -0.02406509267640942 0.630204391877372
vn 0.7760562452380289 -0.02406509267640942 0.630204391877372
vn -0.5505975592466084 -0.833377079563309 -0.04821795319388722
vn -0.5505975592466084 -0.833377079563309 -0.04821795319388722
vn -0.5505975592466084 -0.833377079563309 -0.04821795319388722
vn -0.5505975592466084 -0.833377079563309 -0.04821795319388722
vn -0.508333387201252 0.45034894543031484 0.734018388602292
vn -0.5083334026187292 0.4503489888914787 0.7340183512600266
vn -0.5083334026187292 0.4503489888914787 0.7340183512600266
vn -0.508333387201252 0.45034894543031484 0.734018388602292
vn -0.508333358138639 0.4503489494851293 0.7340184062413793
vn -0.508333373556115 0.4503489929462912 0.7340183688991173
vn -0.3105473440383447 0.45188345370344646 0.8362784771711962
vn -0.31054735548697215 0.4518834269966332 0.8362784873508505
vn -0.31054735966916747 0.4518834032799058 0.8362784986131586
vn -0.3105473709665405 0.45188344952125065 0.8362784694314122
vn -0.3105473212923437 0.4518834341689139 0.8362784961732895
vn -0.31054736370010955 0.45188345251133766 0.836278470514066
vn 0.5257311251510409 -0.15570842592323308 -0.8362784644745611
vn 0.5257310832405356 -0.155708416262634 -0.8362784926205596
vn 0.5257311251510409 -0.15570842592323308 -0.8362784644745611
vn 0.5257311251510409 -0.15570842592323308 -0.8362784644745611
vn 0.5257311800019565 -0.15570841236637975 -0.8362784325164029
vn 0.5257311420757278 -0.1557084132824979 -0.8362784561883665
vn -0.43161635875828497 0.8533604003659927 -0.29237535111467977
vn -0.43161635875828497 0.8533604003659927 -0.29237535111467977
vn -0.43161635875828497 0.8533604003659927 -0.29237535111467977
vn -0.43161635875828497 0.8533604003659927 -0.29237535111467977
vn 0.9430865260439971 -0.01977396861957619 0.3319590254222612
vn 0.9430865260439971 -0.01977396861957619 0.3319590254222612
vn 0.9430865260439971 -0.01977396861957619 0.3319590254222612
vn 0.9430865260439971 -0.01977396861957619 0.3319590254222612
vn -0.5676958149809005 -0.8209544687646445 -0.06127986511515438
vn -0.5676958149809005 -0.8209544687646445 -0.06127986511515438
vn -0.5676958149809005 -0.8209544687646445 -0.06127986511515438
vn -0.5676958149809005 -0.8209544687646445 -0.06127986511515438
vn -0.24804770912001337 0.2612403627576694 0.9328589426416807
vn -0.24804768308255046 0.2612403369204441 0.9328589568005827
vn -0.24804766735923137 0.26124035016318614 0.9328589572728881
vn -0.24804768308255046 0.2612403369204441 0.9328589568005827
vn -0.24804769513568578 0.2612403637232657 0.9328589460897129
vn -0.24804772291214283 0.26124037728334637 0.9328589349065354
vn -0.014372334176362052 0.5481165758913378 0.8362784555657753
vn -0.014372334391087711 0.5481165485625387 0.8362784734740222
vn -0.014372334605813336 0.5481165212337419 0.8362784913822665
vn -0.014372335107492269 0.548116575884001 0.8362784555545815
vn -0.01437233486063606 0.5481165068650209 0.8362785007954834
vn -0.014372335577040686 0.548116534186483 0.8362784828760448
vn 0.04712157366476652 0.35714665377546323 0.9328589523568638
vn 0.04712157857254029 0.357146665872574 0.9328589474775574
vn 0.04712157788333768 0.3571466277118436 0.9328589621222719
vn 0.04712157738178505 0.35714665371276916 0.9328589521931082
vn 0.0471215805972509 0.35714667965099983 0.9328589421001885
vn 0.04712157678640731 0.3571466476328655 0.9328589545508842
vn -0.07497949047195053 0.23076313407851398 0.9701167207912811
vn -0.07497948587854975 0.23076313484264066 0.970116720964537
vn -0.07497948739883015 0.2307631475509517 0.9701167178240907
vn -0.07497949021412315 0.2307631481861639 0.9701167174554002
vn -0.07497949021412315 0.2307631481861639 0.9701167174554002
vn -0.0749794787276836 0.23076312086390513 0.9701167248423642
vn 0.48281735789362046 -0.8673549999661868 0.1207588628228995
vn 0.48281735789362046 -0.8673549999661868 0.1207588628228995
vn 0.48281735789362046 -0.8673549999661868 0.1207588628228995
vn 0.48281735789362046 -0.8673549999661868 0.1207588628228995
vn -0.9701167174106642 0 -0.24263873268783281
vn -0.9701167174106642 0 -0.24263873268783281
vn -0.9701167174106642 0 -0.24263873268783281
vn -0.9701167174106642 0 -0.24263873268783281
vn 0.48281735789362046 0.8673549999661868 0.1207588628228995
vn 0.48281735789362046 0.8673549999661868 0.1207588628228995
vn 0.48281735789362046 0.8673549999661868 0.1207588628228995
vn 0.48281735789362046 0.8673549999661868 0.1207588628228995
vn 0.32510530876459526 0.15517967904924074 -0.9328589418680896
vn 0.3251053095163549 0.1551796645069104 -0.9328589440251928
vn 0.32510530876459526 0.15517967904924074 -0.9328589418680896
vn 0.3251053346652468 0.15517969208805144 -0.9328589306726154
vn 0.32510530876459526 0.15517967904924074 -0.9328589418680896
vn 0.32510530094068396 0.1551796746388426 -0.932858945328419
vn 0.3251053346652468 0.15517969208805144 -0.9328589306726154
vn 0.3251053268413375 0.1551796876776543 -0.9328589341329443
vn 0.6070619713354242 4.406627428814434e-15 -0.794654492819583
vn 0.6070619802207624 -9.986754724679366e-10 -0.7946544860317889
vn 0.6070620466131991 5.772396174001521e-16 -0.7946544353124785
vn 0.6070620089743137 6.414139503128037e-10 -0.7946544640660306
vn 0.6070619802207624 4.051492461935649e-9 -0.7946544860317889
vn 0.6070619891060991 -1.3990657461504375e-13 -0.794654479243996
vn 0.6070620178596481 1.3154524152176144e-13 -0.7946544572782387
vn 0.6070620089743137 3.4151558958854314e-12 -0.7946544640660306
vn 0.6070619802207624 0 -0.7946544860317889
vn 0.6070619713354242 3.003108257508649e-13 -0.794654492819583
vn 0.6070620466131991 1.888790517142448e-13 -0.7946544353124785
vn 0.6070620089743137 -1.2178002478213055e-9 -0.7946544640660306
vn 0.6070619802207624 2.9189910622324944e-14 -0.7946544860317889
vn 0.6070620089743137 2.6741034614121075e-14 -0.7946544640660306
vn 0.6070620089743137 -2.029711666434287e-13 -0.7946544640660306
vn 0.15581901134270457 -1.1516912837945921e-14 -0.9877856223412963
vn 0.15581900216860992 7.81251294240312e-15 -0.987785623788471
vn 0.15581901134270457 -3.230117065907384e-14 -0.9877856223412963
vn 0.1558190167079763 -8.441596622816883e-15 -0.9877856214949473
vn 0.1558190205168003 0 -0.9877856208941215
vn 0.15581901134270457 -2.4633627790445022e-15 -0.9877856223412963
vn 0.5946947818092276 0.7988017048094453 -0.09085126791849918
vn 0.5946947818092276 0.7988017048094453 -0.09085126791849918
vn 0.5946947818092276 0.7988017048094453 -0.09085126791849918
vn 0.5946947818092276 0.7988017048094453 -0.09085126791849918
vn 0.30524253899680887 -0.9394399540497972 0.15581901399282647
vn 0.30524253899680887 -0.9394399540497972 0.15581901399282647
vn 0.30524253899680887 -0.9394399540497972 0.15581901399282647
vn 0.30524253899680887 -0.9394399540497972 0.15581901399282647
vn -0.9506420561015504 0.2966913006036071 -0.09085127031118966
vn -0.9506420561015504 0.2966913006036071 -0.09085127031118966
vn -0.9506420561015504 0.2966913006036071 -0.09085127031118966
vn -0.9506420561015504 0.2966913006036071 -0.09085127031118966
vn 0.12606023057602508 0.09158811576979924 0.9877856221452392
vn 0.12606023057602508 0.09158811576979924 0.9877856221452392
vn 0.12606022341968137 0.09158811394615787 0.987785623227614
vn 0.12606023049000353 0.09158812315788138 0.9877856214711895
vn 0.1260602379980246 0.09158812116219735 0.9877856206980643
vn 0.1260602379980246 0.09158812116219735 0.9877856206980643
vn 0.1962988497471455 -0.14261945877538323 0.9701167205891075
vn 0.19629883542017443 -0.14261945919255664 0.970116723426777
vn 0.19629886109782516 -0.14261946702213452 0.9701167170799703
vn 0.19629884932997205 -0.14261947337344993 0.9701167185274198
vn 0.19629883542017443 -0.14261945919255664 0.970116723426777
vn 0.1962988383964671 -0.14261945052863287 0.970116724098244
vn -0.011594350423660001 -0.99579697623367 -0.09085126945801504
vn -0.011594350423660001 -0.99579697623367 -0.09085126945801504
vn -0.011594350423660001 -0.99579697623367 -0.09085126945801504
vn -0.011594350423660001 -0.99579697623367 -0.09085126945801504
vn -0.7991353524545722 0.5806058231676028 0.1558190186119044
vn -0.7991353524545722 0.5806058231676028 0.1558190186119044
vn -0.7991353524545722 0.5806058231676028 0.1558190186119044
vn -0.7991353524545722 0.5806058231676028 0.1558190186119044
vn 0.9434763531289158 0.3187450679438329 -0.09085126717907135
vn 0.9434763531289158 0.3187450679438329 -0.09085126717907135
vn 0.9434763531289158 0.3187450679438329 -0.09085126717907135
vn 0.9434763531289158 0.3187450679438329 -0.09085126717907135
vn 0.9741023986923828 0.19115913642901317 0.12075885649284669
vn 0.9741023986923828 0.19115913642901317 0.12075885649284669
vn 0.9741023986923828 0.19115913642901317 0.12075885649284669
vn 0.9741023986923828 0.19115913642901317 0.12075885649284669
vn -0.29978257226503163 -0.922635819919597 -0.24263872973508196
vn -0.29978257226503163 -0.922635819919597 -0.24263872973508196
vn -0.29978257226503163 -0.922635819919597 -0.24263872973508196
vn -0.29978257226503163 -0.922635819919597 -0.24263872973508196
vn -0.6757048413304182 0.7272140431989546 0.12075886210487166
vn -0.6757048413304182 0.7272140431989546 0.12075886210487166
vn -0.6757048413304182 0.7272140431989546 0.12075886210487166
vn -0.6757048413304182 0.7272140431989546 0.12075886210487166
vn 0.0481507219795705 0.14819269238837435 -0.9877856214257883
vn 0.048150721204197104 0.1481926865661244 -0.9877856223370687
vn 0.04815072492085029 0.14819268653954226 -0.9877856221598843
vn 0.0481507219795705 0.14819269238837435 -0.9877856214257883
vn 0.048150724145477025 0.14819268071729158 -0.9877856230711647
vn 0.048150721204197104 0.1481926865661244 -0.9877856223370687
vn 0.24804769513568578 0.2612403637232657 -0.9328589460897129
vn 0.24804769706687826 0.2612403359548479 -0.9328589533525506
vn 0.24804769513568578 0.2612403637232657 -0.9328589460897129
vn 0.24804768115135806 0.2612403646888619 -0.9328589495377447
vn 0.24804770912001337 0.2612403627576694 -0.9328589426416807
vn 0.24804772291214283 0.26124037728334637 -0.9328589349065354
vn 0.24804772291214283 0.26124037728334637 -0.9328589349065354
vn 0.24804770912001337 0.2612403627576694 -0.9328589426416807
vn 0.18759246972286797 0.5773502835030313 -0.7946544629222466
vn 0.1875924752143077 0.5773502545428854 -0.7946544826666712
vn 0.18759247764406883 0.5773503216255661 -0.7946544333546595
vn 0.18759248409964394 0.5773502818891376 -0.7946544607009125
vn 0.1875924752143077 0.5773502545428854 -0.7946544826666712
vn 0.18759249055521904 0.577350242152705 -0.7946544880471657
vn 0.18759247764406883 0.5773503216255661 -0.7946544333546595
vn 0.18759249055521904 0.577350242152705 -0.7946544880471657
vn 0.1875924752143077 0.5773502545428854 -0.7946544826666712
vn 0.1875924608375324 0.5773502561567789 -0.7946544848880052
vn 0.1875924895910829 0.5773502529289918 -0.7946544804453372
vn 0.18759246180166608 0.5773502453804923 -0.7946544924898341
vn 0.1875924608375324 0.5773502561567789 -0.7946544848880052
vn 0.18759247617844263 0.5773502437665987 -0.7946544902685
vn 0.18759248409964394 0.5773502818891376 -0.7946544607009125
vn -0.04712157316321391 0.35714667977638803 -0.9328589424276996
vn -0.04712156994774797 0.3571466538381573 -0.9328589525206192
vn -0.04712157316321391 0.35714667977638803 -0.9328589424276996
vn -0.0471215805972509 0.35714667965099983 -0.9328589421001885
vn -0.047121576880232406 0.3571466797136939 -0.9328589422639441
vn -0.047121580503426096 0.35714664757017145 -0.9328589543871286
vn -0.04712158009569818 0.3571467056519237 -0.9328589321710238
vn -0.04712157950032066 0.35714669957202383 -0.9328589345287988
vn -0.15240768586321368 -0.9440807985275436 -0.29237534632970624
vn -0.15240768586321368 -0.9440807985275436 -0.29237534632970624
vn -0.15240768586321368 -0.9440807985275436 -0.29237534632970624
vn -0.15240768586321368 -0.9440807985275436 -0.29237534632970624
vn -0.7513501624740473 0.5703298434794792 0.3319590381159932
vn -0.7513501624740473 0.5703298434794792 0.3319590381159932
vn -0.7513501624740473 0.5703298434794792 0.3319590381159932
vn -0.7513501624740473 0.5703298434794792 0.3319590381159932
vn 0.9418204986412955 0.3304828690631162 -0.061279862882294485
vn 0.9418204986412955 0.3304828690631162 -0.061279862882294485
vn 0.9418204986412955 0.3304828690631162 -0.061279862882294485
vn 0.9418204986412955 0.3304828690631162 -0.061279862882294485
vn 0.35422802246712665 -0.06554910591520166 0.9328589511886277
vn 0.3542280742467338 -0.06554911936835704 0.9328589305814053
vn 0.35422799640432434 -0.06554910660719163 0.9328589610366494
vn 0.35422802264012415 -0.0655490984966338 0.9328589516442163
vn 0.3542280027710837 -0.06554910227049282 0.9328589589237708
vn 0.35422804233616917 -0.06554910214134262 0.9328589439090719
vn 0.6770110136224198 -0.5104852323223159 -0.5301517848831361
vn 0.6770110136224198 -0.5104852323223159 -0.5301517848831361
vn 0.6770110136224198 -0.5104852323223159 -0.5301517848831361
vn 0.6770110136224198 -0.5104852323223159 -0.5301517848831361
vn -0.7769506956741538 -0.5104852570451218 0.3684459510308457
vn -0.7769506956741538 -0.5104852570451218 0.3684459510308457
vn -0.7769506956741538 -0.5104852570451218 0.3684459510308457
vn -0.7769506956741538 -0.5104852570451218 0.3684459510308457
vn 0.09623310300268663 0.9831043058183646 0.15570842548772268
vn 0.09623310300268663 0.9831043058183646 0.15570842548772268
vn 0.09623310300268663 0.9831043058183646 0.15570842548772268
vn 0.09623310300268663 0.9831043058183646 0.15570842548772268
vn 0.6759587849835632 -0.06554911766416746 0.7340184154208899
vn 0.6759588447914316 -0.06554910856269792 0.7340183611564963
vn 0.6759588444613076 -0.06554911598126607 0.7340183607980173
vn 0.6759588152176207 -0.06554910569486513 0.7340183886471741
vn 0.6759588447914316 -0.06554910856269792 0.7340183611564963
vn 0.6759588152176207 -0.06554910569486513 0.7340183886471741
vn 0.7799112400314119 -0.1426194535710653 0.6094244408749588
vn 0.7799112733417954 -0.14261947056209 0.6094243942696816
vn 0.7799112450118875 -0.14261946538150524 0.6094244317372757
vn 0.779911238373948 -0.14261946816913149 0.6094244395798128
vn 0.7799112450118875 -0.14261946538150524 0.6094244317372757
vn 0.779911238373948 -0.14261946816913149 0.6094244395798128
vn 0.6329271823708996 0.57032984768588 -0.5235714341468936
vn 0.6329271823708996 0.57032984768588 -0.5235714341468936
vn 0.6329271823708996 0.57032984768588 -0.5235714341468936
vn 0.6329271823708996 0.57032984768588 -0.5235714341468936
vn -0.19334965391825257 -0.9440808026448019 -0.2670718057138169
vn -0.19334965391825257 -0.9440808026448019 -0.2670718057138169
vn -0.19334965391825257 -0.9440808026448019 -0.2670718057138169
vn -0.19334965391825257 -0.9440808026448019 -0.2670718057138169
vn -0.4760053026165618 0.3304829001141047 0.8149846652625349
vn -0.4760053026165618 0.3304829001141047 0.8149846652625349
vn -0.4760053026165618 0.3304829001141047 0.8149846652625349
vn -0.4760053026165618 0.3304829001141047 0.8149846652625349
vn -0.08295583808794879 -0.9226358262691069 -0.3766450066200911
vn -0.08295583808794879 -0.9226358262691069 -0.3766450066200911
vn -0.08295583808794879 -0.9226358262691069 -0.3766450066200911
vn -0.08295583808794879 -0.9226358262691069 -0.3766450066200911
vn -0.32762183456232946 0.19115913655863942 0.9252686734285178
vn -0.32762183456232946 0.19115913655863942 0.9252686734285178
vn -0.32762183456232946 0.19115913655863942 0.9252686734285178
vn -0.32762183456232946 0.19115913655863942 0.9252686734285178
vn 0.4101944103095487 0.7272140091812682 -0.5503638165807306
vn 0.4101944103095487 0.7272140091812682 -0.5503638165807306
vn 0.4101944103095487 0.7272140091812682 -0.5503638165807306
vn 0.4101944103095487 0.7272140091812682 -0.5503638165807306
vn -0.945304706396545 0.26124038048744797 -0.19532658720029705
vn -0.9453047099870225 0.26124036500761316 -0.19532659052735277
vn -0.9453047038239274 0.26124038291833945 -0.19532659639955935
vn -0.945304706396545 0.26124038048744797 -0.19532658720029705
vn -0.9453047111836635 0.26124035514991994 -0.1953265979202883
vn -0.9453047137562804 0.26124035271903184 -0.19532658872102576
vn -0.945304706396545 0.26124038048744797 -0.19532658720029705
vn -0.8133010062503319 0.35714666769376613 -0.45933400808935987
vn -0.8133009839834172 0.3571466579156467 -0.4593340551181562
vn -0.8133010173837889 0.3571466725828257 -0.4593339845749603
vn -0.8133010062503319 0.35714666769376613 -0.45933400808935987
vn -0.8133009868488367 0.35714669260426846 -0.459334023073123
vn -0.8133009868488367 0.35714669260426846 -0.459334023073123
vn -0.8133009666701901 0.3571467099174958 -0.4593340453400361
vn -0.8133010149069454 0.35714664169283983 -0.45933401297841936
vn -0.7946544333546595 0.5773503216255661 -0.18759247764406883
vn -0.7946544553204199 0.577350294279314 -0.1875924687587335
vn -0.7946544826666712 0.5773502545428854 -0.1875924752143077
vn -0.7946544848880052 0.5773502561567789 -0.1875924608375324
vn -0.7946544848880052 0.5773502561567789 -0.1875924608375324
vn -0.7946544553204199 0.577350294279314 -0.1875924687587335
vn -0.7946544311333255 0.5773503200116723 -0.18759249202084421
vn -0.7946544629222466 0.5773502835030313 -0.18759246972286797
vn -0.7946544826666712 0.5773502545428854 -0.1875924752143077
vn -0.7946544553204199 0.577350294279314 -0.1875924687587335
vn -0.7946544607009125 0.5773502818891376 -0.18759248409964394
vn -0.7946544848880052 0.5773502561567789 -0.1875924608375324
vn 0.8304814605212827 0.46708615729873804 -0.30353099576540044
vn 0.8304814605212827 0.46708615729873804 -0.30353099576540044
vn 0.8304814605212827 0.46708615729873804 -0.30353099576540044
vn 0.8304814605212827 0.46708615729873804 -0.30353099576540044
vn -0.1875924838839077 -0.9341723539273925 -0.3035310085444654
vn -0.1875924838839077 -0.9341723539273925 -0.3035310085444654
vn -0.1875924838839077 -0.9341723539273925 -0.3035310085444654
vn -0.1875924838839077 -0.9341723539273925 -0.3035310085444654
vn -0.6428889801843528 0.46708616496393657 0.6070620014930972
vn -0.6428889801843528 0.46708616496393657 0.6070620014930972
vn -0.6428889801843528 0.46708616496393657 0.6070620014930972
vn -0.6428889801843528 0.46708616496393657 0.6070620014930972
vn -0.3338022767478288 0.43498774572961235 -0.8362784829846073
vn -0.33380230322945753 0.43498774140231805 -0.8362784746652394
vn -0.33380229890216306 0.4349877655656127 -0.8362784638240224
vn -0.3338022767478288 0.43498774572961235 -0.8362784829846073
vn -0.33380228787096566 0.43498776925848276 -0.8362784663063123
vn -0.33380230874505473 0.4349877395558851 -0.8362784734240938
vn -0.27122364179813246 0.6226191688652647 -0.7340184648163051
vn -0.271223676887363 0.6226192317971352 -0.7340183984697144
vn -0.2712236887536441 0.6226192590372897 -0.7340183709790395
vn -0.2712236887536441 0.6226192590372897 -0.7340183709790395
vn -0.2712236887536441 0.6226192590372897 -0.7340183709790395
vn -0.2712236830753123 0.6226192548115145 -0.734018376661659
vn -0.271223661143649 0.6226192640699804 -0.7340183769121799
vn -0.2712236374110894 0.6226192095896717 -0.7340184318935257
vn -0.3766450024906429 0.6976678439998873 -0.6094244182401721
vn -0.3766450024906429 0.6976678439998873 -0.6094244182401721
vn -0.37664502806516426 0.6976678361686384 -0.6094244113994464
vn -0.3766450437276631 0.6976678055759808 -0.6094244367418999
vn -0.3766450024906429 0.6976678439998873 -0.6094244182401721
vn -0.3766450024906429 0.6976678439998873 -0.6094244182401721
vn -0.37664503183459425 0.6976678387496854 -0.6094244061150329
vn -0.3766449987212159 0.69766784141884 -0.609424423524584
vn -0.3766450024906429 0.6976678439998873 -0.6094244182401721
vn -0.5352311028871812 0.6226192590097529 -0.5708528048563114
vn -0.5352311227501423 0.6226192225111299 -0.5708528260412294
vn -0.5352310620090818 0.6226192211891708 -0.5708528844338275
vn -0.5352311045386462 0.6226192013262117 -0.5708528662223316
vn -0.5352311227501423 0.6226192225111299 -0.5708528260412294
vn -0.5352310846756871 0.622619237824835 -0.5708528450374135
vn -0.5352311182950367 0.6226192270603849 -0.5708528252565396
vn -0.5352311272052471 0.6226192179618759 -0.5708528268259192
vn -0.5987092586067486 0.43498774776849847 -0.6725569737575
vn -0.5987092728451732 0.43498771480801035 -0.6725569824002343
vn -0.5987092268445247 0.4349877544942139 -0.6725569976822136
vn -0.5987092728451732 0.43498771480801035 -0.6725569824002343
vn -0.5987092955614558 0.4349877476116919 -0.6725569409618878
vn -0.5987092573222652 0.43498776313460036 -0.6725569649626554
vn -0.905035973474932 0.1481926843483495 -0.39868385347529733
vn -0.9050359734155333 0.14819270385822833 -0.398683846358221
vn -0.905035975443772 0.14819267952937348 -0.39868385079715024
vn -0.9050359774126122 0.14819267471039682 -0.39868384811900276
vn -0.9050359754140729 0.14819268928431262 -0.39868384723861194
vn -0.9050359861971413 0.148192681290155 -0.3986838257318727
vn 0.4967529503087487 0.5806058081225447 -0.6450840270336266
vn 0.4967529503087487 0.5806058081225447 -0.6450840270336266
vn 0.4967529503087487 0.5806058081225447 -0.6450840270336266
vn 0.4967529503087487 0.5806058081225447 -0.6450840270336266
vn -0.07607469688882934 -0.9957969760069701 -0.051000226162701
vn -0.07607469688882934 -0.9957969760069701 -0.051000226162701
vn -0.07607469688882934 -0.9957969760069701 -0.051000226162701
vn -0.07607469688882934 -0.9957969760069701 -0.051000226162701
vn -0.5031952980924138 0.3187450844446988 0.8032409745026885
vn -0.5031952980924138 0.3187450844446988 0.8032409745026885
vn -0.5031952980924138 0.3187450844446988 0.8032409745026885
vn -0.5031952980924138 0.3187450844446988 0.8032409745026885
vn 0.82712646703148 0.09158812725110257 0.5545028606622855
vn 0.8271264864227283 0.09158811534767278 0.5545028337033578
vn 0.8271264681603168 0.0915881124749376 0.554502861419054
vn 0.82712646703148 0.09158812725110257 0.5545028606622855
vn 0.8271264858583098 0.09158812273575488 0.5545028333249735
vn 0.8271264675958984 0.09158811986302011 0.5545028610406698
vn 0.9012306151374718 0.23076314760167443 0.36678569771448544
vn 0.901230616895128 0.23076314841253798 0.3667856928855869
vn 0.901230628087889 0.23076313601651147 0.3667856731827651
vn 0.9012306249888825 0.2307631501241615 0.3667856719215217
vn 0.9012306182364784 0.23076313349402464 0.366785698975729
vn 0.901230628087889 0.23076313601651147 0.3667856731827651
vn 0.0028601440125220856 -0.9394399520395043 0.34270161378120445
vn 0.0028601440125220856 -0.9394399520395043 0.34270161378120445
vn 0.0028601440125220856 -0.9394399520395043 0.34270161378120445
vn 0.0028601440125220856 -0.9394399520395043 0.34270161378120445
vn -0.34721545807147897 0.7988016842981788 0.49128127873816446
vn -0.34721545807147897 0.7988016842981788 0.49128127873816446
vn -0.34721545807147897 0.7988016842981788 0.49128127873816446
vn -0.34721545807147897 0.7988016842981788 0.49128127873816446
vn 0.34388020575861605 0.29669129797758037 -0.8909100278882208
vn 0.34388020575861605 0.29669129797758037 -0.8909100278882208
vn 0.34388020575861605 0.29669129797758037 -0.8909100278882208
vn 0.34388020575861605 0.29669129797758037 -0.8909100278882208
vn -0.9797659191226542 0.15517966878385048 -0.126404169717122
vn -0.979765917399316 0.1551796739716137 -0.1264041767060739
vn -0.9797659168570853 0.15517968332618118 -0.1264041694248304
vn -0.9797659150116285 0.15517968303388954 -0.12640418408790094
vn -0.9797659150116285 0.15517968303388954 -0.12640418408790094
vn -0.9797659168570853 0.15517968332618118 -0.1264041694248304
vn -0.9797659148895098 0.1551796775538349 -0.12640419176202056
vn -0.9797659150116285 0.15517968303388954 -0.12640418408790094
vn -0.9797659192447724 0.1551796742639053 -0.12640416204300417
vn -0.9531867014277733 -5.981282869703323e-14 -0.3023823940331861
vn -0.9531867045676462 -1.1645008299780074e-17 -0.3023823841355029
vn -0.9531867014277733 9.205416717169583e-14 -0.3023823940331861
vn -0.9531866959778157 0 -0.30238241121284676
vn -0.9531866959778157 -1.4562319257195868e-13 -0.30238241121284676
vn -0.9531867045676462 1.0344865711385892e-13 -0.3023823841355029
vn 0.21682671979454735 0 -0.9762101072940891
vn 0.21682671979454735 0 -0.9762101072940891
vn 0.21682671979454735 0 -0.9762101072940891
vn 0.21682671979454735 0 -0.9762101072940891
vn -0.1079124818964715 -0.8673549976144538 0.48584998133598245
vn -0.1079124818964715 -0.8673549976144538 0.48584998133598245
vn -0.1079124818964715 -0.8673549976144538 0.48584998133598245
vn -0.1079124818964715 -0.8673549976144538 0.48584998133598245
vn -0.1079124818964715 0.8673549976144538 0.48584998133598245
vn -0.1079124818964715 0.8673549976144538 0.48584998133598245
vn -0.1079124818964715 0.8673549976144538 0.48584998133598245
vn -0.1079124818964715 0.8673549976144538 0.48584998133598245
vn 0.8133010066389061 0.35714667149240453 0.4593340044477855
vn 0.8133009728499594 0.35714665302658677 0.45933407863255293
vn 0.8133010066389061 0.35714667149240453 0.4593340044477855
vn 0.8133009839834172 0.3571466579156467 0.4593340551181562
vn 0.8133010152955191 0.35714664549148023 0.4593340093368446
vn 0.8133010066389061 0.35714667149240453 0.4593340044477855
vn 0.5405695918933722 0.8183104817073175 0.19532657742399365
vn 0.5405695233397894 0.8183105277651164 0.19532657419043056
vn 0.540569563953657 0.8183104990170116 0.1953265822295638
vn 0.5405696325072358 0.8183104529592103 0.19532658546312612
vn 0.5405695512795042 0.8183105104554242 0.1953265693848601
vn 0.5405695217664116 0.8183105253833477 0.19532658852307502
vn 0.057386297617771136 0.11262694723721085 -0.9919788221538558
vn 0.057386293952903844 0.11262693990521708 -0.991978823198327
vn 0.057386293952903844 0.11262693990521708 -0.991978823198327
vn 0.057386293952903844 0.11262693990521708 -0.991978823198327
vn 0.79043134951084 -0.32883478911510466 -0.5168036021334378
vn 0.79043134951084 -0.32883478911510466 -0.5168036021334378
vn 0.79043134951084 -0.32883478911510466 -0.5168036021334378
vn 0.79043134951084 -0.32883478911510466 -0.5168036021334378
vn -0.05738629390474893 -0.11262694726128833 0.9919788223659218
vn -0.05738629390474893 -0.11262694726128833 0.9919788223659218
vn -0.05738629390474893 -0.11262694726128833 0.9919788223659218
vn -0.05738629390474893 -0.11262694726128833 0.9919788223659218
vn -0.7192577940569276 0.4430165724904157 -0.5351677701312052
vn -0.7192577940569276 0.4430165724904157 -0.5351677701312052
vn -0.7192577940569276 0.4430165724904157 -0.5351677701312052
vn -0.7192577940569276 0.4430165724904157 -0.5351677701312052
vn -0.01977396938776626 -0.12484793340387594 0.9919788221829301
vn -0.01977396938776626 -0.12484793340387594 0.9919788221829301
vn -0.01977396938776626 -0.12484793340387594 0.9919788221829301
vn -0.01977396938776626 -0.12484793340387594 0.9919788221829301
vn -0.8327566119438665 0.19857094479226312 -0.5168036427387876
vn -0.8327566119438665 0.19857094479226312 -0.5168036427387876
vn -0.8327566119438665 0.19857094479226312 -0.5168036427387876
vn -0.8327566119438665 0.19857094479226312 -0.5168036427387876
vn 0.8422903803430951 -0.06436120267762163 -0.5351677781512768
vn 0.8422903803430951 -0.06436120267762163 -0.5351677781512768
vn 0.8422903803430951 -0.06436120267762163 -0.5351677781512768
vn 0.8422903803430951 -0.06436120267762163 -0.5351677781512768
vn 0.3016654909255777 0.9284309930121768 0.2168267114519183
vn 0.3016655170411551 0.9284309816655407 0.21682672370317477
vn 0.30166551606648284 0.928430978665808 0.21682673790377538
vn 0.3016655170411551 0.9284309816655407 0.21682672370317477
vn 0.30166551606648284 0.928430978665808 0.21682673790377538
vn 0.30166550034734846 0.9284309898919296 0.21682671170424486
vn 0.5909904913921064 0.6631308283603138 0.4593340217774869
vn 0.5909904913921064 0.6631308283603138 0.4593340217774869
vn 0.5909905301786496 0.663130805001014 0.45933400559708826
vn 0.5909905220884502 0.6631307959232705 0.45933402911148535
vn 0.5909904752117072 0.6631308102048247 0.45933406880628075
vn 0.5909905220884502 0.6631307959232705 0.45933402911148535
vn 0.6540423962651757 -0.581175356711894 -0.4842145688003509
vn 0.6540423962651757 -0.581175356711894 -0.4842145688003509
vn 0.6540423962651757 -0.581175356711894 -0.4842145688003509
vn 0.6540423962651757 -0.581175356711894 -0.4842145688003509
vn -0.2921684706600685 -0.2122728097162599 0.9325115758033897
vn -0.2921684706600685 -0.2122728097162599 0.9325115758033897
vn -0.2921684706600685 -0.2122728097162599 0.9325115758033897
vn -0.2921684706600685 -0.2122728097162599 0.9325115758033897
vn -0.3506204424998344 0.8016243437779312 -0.48421453588654434
vn -0.3506204424998344 0.8016243437779312 -0.48421453588654434
vn -0.3506204424998344 0.8016243437779312 -0.48421453588654434
vn -0.3506204424998344 0.8016243437779312 -0.48421453588654434
vn 0.16109530145882292 0.14678868212336774 -0.9759617751983815
vn 0.16109530145882292 0.14678868212336774 -0.9759617751983815
vn 0.16109530145882292 0.14678868212336774 -0.9759617751983815
vn 0.16109530145882292 0.14678868212336774 -0.9759617751983815
vn 0.15817145431379803 -0.890818086841679 0.4259400511762058
vn 0.15817145431379803 -0.890818086841679 0.4259400511762058
vn 0.15817145431379803 -0.890818086841679 0.4259400511762058
vn 0.15817145431379803 -0.890818086841679 0.4259400511762058
vn -0.3255295444355779 0.7935997090139186 0.514033089939343
vn -0.3255295444355779 0.7935997090139186 0.514033089939343
vn -0.3255295444355779 0.7935997090139186 0.514033089939343
vn -0.3255295444355779 0.7935997090139186 0.514033089939343
vn -0.979765917399316 -0.1551796739716137 -0.1264041767060739
vn -0.9797659191226542 -0.15517966878385048 -0.126404169717122
vn -0.9797659168570853 -0.15517968332618118 -0.1264041694248304
vn -0.9797659150116285 -0.15517968303388954 -0.12640418408790094
vn -0.9797659150116285 -0.15517968303388954 -0.12640418408790094
vn -0.9797659168570853 -0.15517968332618118 -0.1264041694248304
vn -0.9797659150116285 -0.15517968303388954 -0.12640418408790094
vn -0.9797659148895098 -0.1551796775538349 -0.12640419176202056
vn -0.9797659192447724 -0.1551796742639053 -0.12640416204300417
vn 0.08574432136181269 0.04368891195254056 -0.9953588249101957
vn 0.08574432365662071 0.04368891305083364 -0.9953588246643044
vn 0.08574432134785748 0.043688915670720314 -0.995358824748197
vn 0.08574432644885287 0.04368891454451688 -0.9953588243582082
vn 0.08574432134785748 0.043688915670720314 -0.995358824748197
vn -0.08574432136181269 -0.04368891195254056 0.9953588249101957
vn -0.08574432136181269 -0.04368891195254056 0.9953588249101957
vn -0.08574432136181269 -0.04368891195254056 0.9953588249101957
vn -0.08574432136181269 -0.04368891195254056 0.9953588249101957
vn -0.3634263110456808 0.8109283144475946 -0.45860286225329117
vn -0.3634263110456808 0.8109283144475946 -0.45860286225329117
vn -0.3634263110456808 0.8109283144475946 -0.45860286225329117
vn -0.3634263110456808 0.8109283144475946 -0.45860286225329117
vn 0.4325115408369272 -0.7387837215449815 -0.5168485076141889
vn 0.4325115408369272 -0.7387837215449815 -0.5168485076141889
vn 0.4325115408369272 -0.7387837215449815 -0.5168485076141889
vn 0.4325115408369272 -0.7387837215449815 -0.5168485076141889
vn 0.06804708052807588 0.06804708052807588 -0.9953588245769518
vn 0.06804707649097806 0.06804707649097806 -0.9953588251289391
vn 0.06804708387256025 0.06804708387256025 -0.9953588241196647
vn 0.06804708387256025 0.06804708387256025 -0.9953588241196647
vn 0.06804707983546247 0.06804707983546247 -0.995358824671652
vn 0.6589337756725272 -0.5962295685478123 -0.45860285745646767
vn 0.6589337756725272 -0.5962295685478123 -0.45860285745646767
vn 0.6589337756725272 -0.5962295685478123 -0.45860285745646767
vn 0.6589337756725272 -0.5962295685478123 -0.45860285745646767
vn -0.06804707649097806 -0.06804707649097806 0.9953588251289391
vn -0.06804707649097806 -0.06804707649097806 0.9953588251289391
vn -0.06804707649097806 -0.06804707649097806 0.9953588251289391
vn -0.06804707649097806 -0.06804707649097806 0.9953588251289391
vn -0.5689715903397795 0.639639693641896 -0.5168485191077978
vn -0.5689715903397795 0.639639693641896 -0.5168485191077978
vn -0.5689715903397795 0.639639693641896 -0.5168485191077978
vn -0.5689715903397795 0.639639693641896 -0.5168485191077978
vn 0.7946544607009125 0.5773502818891376 0.18759248409964394
vn 0.7946544629222466 0.5773502835030313 0.18759246972286797
vn 0.7946544553204199 0.577350294279314 0.1875924687587335
vn 0.7946544826666712 0.5773502545428854 0.1875924752143077
vn 0.7946544333546595 0.5773503216255661 0.18759247764406883
vn 0.7946544750648437 0.5773502653191702 0.18759247425017292
vn -0.09344129340380328 -0.28758275742863443 0.9531866985626517
vn -0.09344129340380328 -0.28758275742863443 0.9531866985626517
vn -0.09344129340380328 -0.28758275742863443 0.9531866985626517
vn -0.09344129340380328 -0.28758275742863443 0.9531866985626517
vn -0.718186870918087 0.4187321455845173 -0.555761647376889
vn -0.718186870918087 0.4187321455845173 -0.555761647376889
vn -0.718186870918087 0.4187321455845173 -0.555761647376889
vn -0.718186870918087 0.4187321455845173 -0.555761647376889
vn 0.827149977340269 -0.08337821711840425 -0.5557616286647978
vn 0.827149977340269 -0.08337821711840425 -0.5557616286647978
vn 0.827149977340269 -0.08337821711840425 -0.5557616286647978
vn 0.827149977340269 -0.08337821711840425 -0.5557616286647978
vn 0.42061111261781015 0.8149462924900044 0.39868387514320686
vn 0.42061112261296435 0.814946311855907 0.39868382501264904
vn 0.4206111135165144 0.8149462923694937 0.39868387444140957
vn 0.42061111761538733 0.8149463021729558 0.39868385007792834
vn 0.42061109718437745 0.8149463221919211 0.39868383071202634
vn 0.420611118514092 0.8149463020524459 0.3986838493761292
vn 0.1684906656722829 0.8149463059298352 0.5545028530428194
vn 0.16849066639727342 0.8149462969679647 0.5545028659936796
vn 0.168490659378516 0.8149462879569584 0.5545028813697609
vn 0.1684906656722829 0.8149463059298352 0.5545028530428194
vn 0.16849065748791892 0.8149463259488001 0.5545028261080739
vn 0.1684906656722829 0.8149463059298352 0.5545028530428194
vn 0.05902679293797866 0.9284309790845968 0.3667857069072812
vn 0.05902679645090244 0.9284309767539376 0.36678571224145773
vn 0.05902678987089357 0.9284309894374914 0.3667856811949702
vn 0.05902679402904328 0.9284309972555704 0.3667856607361853
vn 0.059026792738591884 0.928430976958092 0.3667857123221109
vn 0.05902678987089357 0.9284309894374914 0.3667856811949702
vn 0.8943443220073898 -0.28758275257210925 0.34270161090399204
vn 0.8943443220073898 -0.28758275257210925 0.34270161090399204
vn 0.8943443220073898 -0.28758275257210925 0.34270161090399204
vn 0.8943443220073898 -0.28758275257210925 0.34270161090399204
vn -0.8670010237147014 -0.08337821494500353 0.49128128210857425
vn -0.8670010237147014 -0.08337821494500353 0.49128128210857425
vn -0.8670010237147014 -0.08337821494500353 0.49128128210857425
vn -0.8670010237147014 -0.08337821494500353 0.49128128210857425
vn -0.17590537806452355 0.4187321398010063 -0.8909100364602744
vn -0.17590537806452355 0.4187321398010063 -0.8909100364602744
vn -0.17590537806452355 0.4187321398010063 -0.8909100364602744
vn -0.17590537806452355 0.4187321398010063 -0.8909100364602744
vn -0.0898231391161232 0.19857093121922517 -0.9759617763796158
vn -0.0898231391161232 0.19857093121922517 -0.9759617763796158
vn -0.0898231391161232 0.19857093121922517 -0.9759617763796158
vn -0.0898231391161232 0.19857093121922517 -0.9759617763796158
vn 0.8960960153426007 -0.12484792871839892 0.4259400497509467
vn 0.8960960153426007 -0.12484792871839892 0.4259400497509467
vn 0.8960960153426007 -0.12484792871839892 0.4259400497509467
vn 0.8960960153426007 -0.12484792871839892 0.4259400497509467
vn -0.8553523156509164 -0.06436120519484406 0.5140331228398441
vn -0.8553523156509164 -0.06436120519484406 0.5140331228398441
vn -0.8553523156509164 -0.06436120519484406 0.5140331228398441
vn -0.8553523156509164 -0.06436120519484406 0.5140331228398441
vn 0.15570842559936446 -0.983104306523243 -0.09623309562110476
vn 0.155708434723502 -0.9831043045261343 -0.09623310126013164
vn 0.15570842029526266 -0.9831043075120471 -0.09623309410183287
vn 0.15570842930775866 -0.98310430481006 -0.09623310712244278
vn 0.155708434723502 -0.9831043045261343 -0.09623310126013164
vn 0.15570842548772268 -0.9831043058183646 -0.09623310300268663
vn 0.15570842941940044 -0.9831043055149383 -0.09623309974086001
vn 0.155708434723502 -0.9831043045261343 -0.09623310126013164
vn 0.45188345737187247 -0.8868712036089217 -0.09623309806353479
vn 0.4518834575424463 -0.8868712028293968 -0.0962331044465629
vn 0.4518834336551442 -0.8868712155525722 -0.09623309935952286
vn 0.4518834570478754 -0.8868712029730417 -0.09623310544511686
vn 0.4518834575424463 -0.8868712028293968 -0.0962331044465629
vn 0.45188348125917516 -0.8868711908857451 -0.09623310315057462
vn 0.4518834575424463 -0.8868712028293968 -0.0962331044465629
vn 0.4518834570478754 -0.8868712029730417 -0.09623310544511686
vn 0.611214355156035 -0.766984049668596 -0.19532659728043428
vn 0.6112143213766643 -0.7669840820755115 -0.19532657573112996
vn 0.6112143417026163 -0.766984063167361 -0.19532658637349656
vn 0.6112143569350311 -0.7669840519009743 -0.19532658294779032
vn 0.6112143399236198 -0.7669840609349823 -0.19532660070614297
vn 0.6112143493188243 -0.7669840575341672 -0.1953265846606433
vn 0.6112143493188243 -0.7669840575341672 -0.1953265846606433
vn 0.852623728405089 0.1784110597743949 0.4911234788836532
vn 0.852623728405089 0.1784110597743949 0.4911234788836532
vn 0.852623728405089 0.1784110597743949 0.4911234788836532
vn 0.852623728405089 0.1784110597743949 0.4911234788836532
vn -0.7946544784960962 -0.3568221017795533 0.49112345442639915
vn -0.7946544784960962 -0.3568221017795533 0.49112345442639915
vn -0.7946544784960962 -0.3568221017795533 0.49112345442639915
vn -0.7946544784960962 -0.3568221017795533 0.49112345442639915
vn -0.057969265400669705 0.17841105726606613 -0.9822469439576339
vn -0.057969265400669705 0.17841105726606613 -0.9822469439576339
vn -0.057969265400669705 0.17841105726606613 -0.9822469439576339
vn -0.057969265400669705 0.17841105726606613 -0.9822469439576339
vn 0.2881619288434288 -0.8868712045896698 -0.3611400964098322
vn 0.28816194717757576 -0.8868712014117232 -0.3611400895848518
vn 0.2881619288434288 -0.8868712045896698 -0.3611400964098322
vn 0.2881619136107167 -0.8868712173128442 -0.3611400773193745
vn 0.2881619288434288 -0.8868712045896698 -0.3611400964098322
vn 0.2881619288434288 -0.8868712045896698 -0.3611400964098322
vn 0.9129167562956351 -0.11262694459758957 0.3922985692368345
vn 0.9129167562956351 -0.11262694459758957 0.3922985692368345
vn 0.9129167562956351 -0.11262694459758957 0.3922985692368345
vn 0.9129167562956351 -0.11262694459758957 0.3922985692368345
vn -0.8157348544095894 -0.32883479833601 0.47586166341141795
vn -0.8157348544095894 -0.32883479833601 0.47586166341141795
vn -0.8157348544095894 -0.32883479833601 0.47586166341141795
vn -0.8157348544095894 -0.32883479833601 0.47586166341141795
vn -0.15700671610274505 0.443016573939026 -0.8826580347529611
vn -0.15700671610274505 0.443016573939026 -0.8826580347529611
vn -0.15700671610274505 0.443016573939026 -0.8826580347529611
vn -0.15700671610274505 0.443016573939026 -0.8826580347529611
vn -0.06704464985447346 0.8183105204222932 0.5708527893354702
vn -0.06704465312458345 0.8183105007308319 0.5708528171788763
vn -0.06704465312458345 0.8183105007308319 0.5708528171788763
vn -0.06704465639469369 0.8183104810393677 0.5708528450222845
vn -0.06704464757324732 0.8183104925788882 0.5708528295165722
vn -0.06704464570749309 0.8183105011395956 0.5708528174640296
vn -0.1875924687587335 0.577350294279314 0.7946544553204199
vn -0.1875924687587335 0.577350294279314 0.7946544553204199
vn -0.1875924687587335 0.577350294279314 0.7946544553204199
vn -0.18759247764406883 0.5773503216255661 0.7946544333546595
vn -0.18759247764406883 0.5773503216255661 0.7946544333546595
vn -0.18759247764406883 0.5773503216255661 0.7946544333546595
vn -0.20783153094103027 0.639639673087219 -0.7400453657442786
vn -0.20783153094103027 0.639639673087219 -0.7400453657442786
vn -0.20783153094103027 0.639639673087219 -0.7400453657442786
vn -0.20783153094103027 0.639639673087219 -0.7400453657442786
vn 0.9207075689517557 -0.06804707979906316 0.3842748591903561
vn 0.9207075689517557 -0.06804707979906316 0.3842748591903561
vn 0.9207075689517557 -0.06804707979906316 0.3842748591903561
vn 0.9207075689517557 -0.06804707979906316 0.3842748591903561
vn -0.7048710136268259 -0.5962295657139809 0.38427484840568066
vn -0.7048710136268259 -0.5962295657139809 0.38427484840568066
vn -0.7048710136268259 -0.5962295657139809 0.38427484840568066
vn -0.7048710136268259 -0.5962295657139809 0.38427484840568066
vn 0.4480487578180733 -0.7669840835246027 -0.4593340029190163
vn 0.4480487721675481 -0.7669840484838442 -0.4593340474322416
vn 0.4480487667482883 -0.7669840902235442 -0.4593339830224845
vn 0.4480487783009869 -0.7669840589832584 -0.4593340239178441
vn 0.44804878163764716 -0.766984073283146 -0.4593339967855784
vn 0.44804878443442553 -0.7669840694826725 -0.45933400040344563
vn 0.4480487810977652 -0.7669840551827837 -0.4593340275357135
vn 0.4480487401319361 -0.7669841042654729 -0.459333985538056
vn -0.8472803243202444 -0.0893812478448247 -0.5235714321403371
vn -0.8472803243202444 -0.0893812478448247 -0.5235714321403371
vn -0.8472803243202444 -0.0893812478448247 -0.5235714321403371
vn -0.8472803243202444 -0.0893812478448247 -0.5235714321403371
vn 0.7113399435141704 0.6501293169253396 -0.2670718181228568
vn 0.7113399435141704 0.6501293169253396 -0.2670718181228568
vn 0.7113399435141704 0.6501293169253396 -0.2670718181228568
vn 0.7113399435141704 0.6501293169253396 -0.2670718181228568
vn 0.19084341440423244 -0.547155173553771 0.8149846668691854
vn 0.19084341440423244 -0.547155173553771 0.8149846668691854
vn 0.19084341440423244 -0.547155173553771 0.8149846668691854
vn 0.19084341440423244 -0.547155173553771 0.8149846668691854
vn 0.7947002231558834 0.12744753348664892 0.5934717192286071
vn 0.7947002231558834 0.12744753348664892 0.5934717192286071
vn 0.7947002231558834 0.12744753348664892 0.5934717192286071
vn 0.7947002231558834 0.12744753348664892 0.5934717192286071
vn -0.6235120691129565 -0.765134309850278 0.16063059347589612
vn -0.6235120691129565 -0.765134309850278 0.16063059347589612
vn -0.6235120691129565 -0.765134309850278 0.16063059347589612
vn -0.6235120691129565 -0.765134309850278 0.16063059347589612
vn -0.1675165690025805 0.6382755436713331 -0.7513604524199208
vn -0.1675165690025805 0.6382755436713331 -0.7513604524199208
vn -0.1675165690025805 0.6382755436713331 -0.7513604524199208
vn -0.1675165690025805 0.6382755436713331 -0.7513604524199208
vn 0.5934717146370935 -0.7164213762687245 -0.3667856806786968
vn 0.5934716760257192 -0.7164214016111788 -0.3667856936532529
vn 0.5934716892946399 -0.7164214052807124 -0.3667856650161996
vn 0.5934717081498153 -0.7164213684374755 -0.36678570647166103
vn 0.5934716760257192 -0.7164214016111788 -0.3667856936532529
vn 0.5934717146370935 -0.7164213762687245 -0.3667856806786968
vn 0.5934716892946399 -0.7164214052807124 -0.3667856650161996
vn 0.5934717146370935 -0.7164213762687245 -0.3667856806786968
vn 0.5934717211243714 -0.7164213840999731 -0.3667856548857318
vn 0.6153252644070936 -0.5602690560944634 -0.554502843784736
vn 0.6153252312190873 -0.5602690748143518 -0.554502861698519
vn 0.6153252273702703 -0.5602690766430258 -0.5545028641218154
vn 0.6153252312190873 -0.5602690748143518 -0.554502861698519
vn 0.6153252682559142 -0.5602690542657873 -0.5545028413614375
vn 0.6153252312190873 -0.5602690748143518 -0.554502861698519
vn 0.714791070559098 -0.3430387728865124 -0.6094244216845057
vn 0.7147910778666587 -0.3430387465911954 -0.6094244279148662
vn 0.714791103831107 -0.34303875905191583 -0.6094243904472721
vn 0.7147911070177227 -0.34303873197607476 -0.6094244019504186
vn 0.7147910778666587 -0.3430387465911954 -0.6094244279148662
vn 0.714791070559098 -0.3430387728865124 -0.6094244216845057
vn 0.714791070559098 -0.3430387728865124 -0.6094244216845057
vn 0.714791103831107 -0.34303875905191583 -0.6094243904472721
vn 0.714791070559098 -0.3430387728865124 -0.6094244216845057
vn 0.5853909454665052 -0.34428827154207864 -0.7340184105622958
vn 0.5853909650407482 -0.34428821819652133 -0.7340184199730456
vn 0.5853909530278363 -0.34428827073596324 -0.7340184049101234
vn 0.5853909786392202 -0.3442882857988866 -0.7340183774194486
vn 0.585391017818388 -0.3442882737859726 -0.7340183518080642
vn 0.5853909590342923 -0.3442882444662426 -0.7340184124415845
vn 0.5853909530278363 -0.34428827073596324 -0.7340184049101234
vn 0.5853909786392202 -0.3442882857988866 -0.7340183774194486
vn 0.2627018227536555 -0.7306368126158748 0.6302044115780389
vn 0.2627018227536555 -0.7306368126158748 0.6302044115780389
vn 0.2627018227536555 -0.7306368126158748 0.6302044115780389
vn 0.2627018227536555 -0.7306368126158748 0.6302044115780389
vn -0.8368845290503101 -0.05738629273217073 -0.5443630208258992
vn -0.8368845290503101 -0.05738629273217073 -0.5443630208258992
vn -0.8368845290503101 -0.05738629273217073 -0.5443630208258992
vn -0.8368845290503101 -0.05738629273217073 -0.5443630208258992
vn 0.6224446801900188 0.7811770921191197 -0.04821795154775256
vn 0.6224446801900188 0.7811770921191197 -0.04821795154775256
vn 0.6224446801900188 0.7811770921191197 -0.04821795154775256
vn 0.6224446801900188 0.7811770921191197 -0.04821795154775256
vn -0.24765769541199423 0.8109283143951606 -0.5301518035576637
vn -0.24765769541199423 0.8109283143951606 -0.5301518035576637
vn -0.24765769541199423 0.8109283143951606 -0.5301518035576637
vn -0.24765769541199423 0.8109283143951606 -0.5301518035576637
vn 0.9286220181812359 -0.043688915257486596 0.3684459608037961
vn 0.9286220181812359 -0.043688915257486596 0.3684459608037961
vn 0.9286220181812359 -0.043688915257486596 0.3684459608037961
vn 0.9286220181812359 -0.043688915257486596 0.3684459608037961
vn -0.6557084190814411 -0.7387837023775726 0.15570841418177556
vn -0.6557084190814411 -0.7387837023775726 0.15570841418177556
vn -0.6557084190814411 -0.7387837023775726 0.15570841418177556
vn -0.6557084190814411 -0.7387837023775726 0.15570841418177556
vn 0.32510530876459526 -0.15517967904924074 -0.9328589418680896
vn 0.32510530876459526 -0.15517967904924074 -0.9328589418680896
vn 0.32510530876459526 -0.15517967904924074 -0.9328589418680896
vn 0.3251053095163549 -0.1551796645069104 -0.9328589440251928
vn 0.32510530876459526 -0.15517967904924074 -0.9328589418680896
vn 0.32510530094068396 -0.1551796746388426 -0.932858945328419
vn 0.3251053268413375 -0.1551796876776543 -0.9328589341329443
vn 0.3251053095163549 -0.1551796645069104 -0.9328589440251928
vn 0.31023590991603717 -0.8908180970764671 0.33195903078487016
vn 0.31023590991603717 -0.8908180970764671 0.33195903078487016
vn 0.31023590991603717 -0.8908180970764671 0.33195903078487016
vn 0.31023590991603717 -0.8908180970764671 0.33195903078487016
vn -0.9449707607104142 0.14678868249672344 -0.29237534795747966
vn -0.9449707607104142 0.14678868249672344 -0.29237534795747966
vn -0.9449707607104142 0.14678868249672344 -0.29237534795747966
vn -0.9449707607104142 0.14678868249672344 -0.29237534795747966
vn 0.6053464521255788 0.7935996793978553 -0.06127986421815637
vn 0.6053464521255788 0.7935996793978553 -0.06127986421815637
vn 0.6053464521255788 0.7935996793978553 -0.06127986421815637
vn 0.6053464521255788 0.7935996793978553 -0.06127986421815637
vn -0.7255913367727462 -0.5811753552185337 0.3684459505639196
vn -0.7255913367727462 -0.5811753552185337 0.3684459505639196
vn -0.7255913367727462 -0.5811753552185337 0.3684459505639196
vn -0.7255913367727462 -0.5811753552185337 0.3684459505639196
vn -0.27629241027849466 0.8016243484315558 -0.5301517782901265
vn -0.27629241027849466 0.8016243484315558 -0.5301517782901265
vn -0.27629241027849466 0.8016243484315558 -0.5301517782901265
vn -0.27629241027849466 0.8016243484315558 -0.5301517782901265
vn 0.9647254205720747 -0.21227282151672985 0.15570842028406953
vn 0.9647254205720747 -0.21227282151672985 0.15570842028406953
vn 0.9647254205720747 -0.21227282151672985 0.15570842028406953
vn 0.9647254205720747 -0.21227282151672985 0.15570842028406953
vn 0.14654186425898588 0.6631308224180575 0.734018388310982
vn 0.14654185608915862 0.6631308528786739 0.7340183624231391
vn 0.14654184967781983 0.6631308238660991 0.7340183899138167
vn 0.14654186425898588 0.6631308224180575 0.734018388310982
vn 0.14654186425898588 0.6631308224180575 0.734018388310982
vn 0.14654184326648137 0.6631307948535258 0.7340184174044908
vn 0.3338022767478288 0.43498774572961235 0.8362784829846073
vn 0.33380229091801555 0.4349876955565903 0.8362785034258933
vn 0.33380228659072186 0.43498771971988515 0.8362784925846775
vn 0.3338022854024168 0.43498769740302 0.836278504667041
vn 0.33380232538379073 0.434987761238318 0.8362784555046543
vn 0.3338022977138595 0.4349877432487513 0.8362784759063852
vn 0.678217157239666 0.6741944398550164 -0.2923753493274132
vn 0.678217157239666 0.6741944398550164 -0.2923753493274132
vn 0.678217157239666 0.6741944398550164 -0.2923753493274132
vn 0.678217157239666 0.6741944398550164 -0.2923753493274132
vn 0.2726235928251224 -0.9030390787380794 0.3319590319708181
vn 0.2726235928251224 -0.9030390787380794 0.3319590319708181
vn 0.2726235928251224 -0.9030390787380794 0.3319590319708181
vn 0.2726235928251224 -0.9030390787380794 0.3319590319708181
vn -0.9562017582333138 0.2862218994465979 -0.06127986479016517
vn -0.9562017582333138 0.2862218994465979 -0.06127986479016517
vn -0.9562017582333138 0.2862218994465979 -0.06127986479016517
vn -0.9562017582333138 0.2862218994465979 -0.06127986479016517
vn 0.17180339783954918 0.3166351280007945 0.9328589326402498
vn 0.17180338662064884 0.31663507518258766 0.9328589526342087
vn 0.17180337544669685 0.3166350843912216 0.9328589515664656
vn 0.17180338662064884 0.31663507518258766 0.9328589526342087
vn 0.17180338662064884 0.31663507518258766 0.9328589526342087
vn 0.17180339455216992 0.31663511960277124 0.9328589360961764
vn 0.1962988497471455 0.14261945877538323 0.9701167205891075
vn 0.1962988383964671 0.14261945052863287 0.970116724098244
vn 0.19629884677085335 0.142619467439308 0.9701167199176403
vn 0.19629884932997205 0.14261947337344993 0.9701167185274198
vn 0.19629884932997205 0.14261947337344993 0.9701167185274198
vn 0.1962988383964671 0.14261945052863287 0.970116724098244
vn -0.6757048413304182 -0.7272140431989546 0.12075886210487166
vn -0.6757048413304182 -0.7272140431989546 0.12075886210487166
vn -0.6757048413304182 -0.7272140431989546 0.12075886210487166
vn -0.6757048413304182 -0.7272140431989546 0.12075886210487166
vn -0.29978257226503163 0.922635819919597 -0.24263872973508196
vn -0.29978257226503163 0.922635819919597 -0.24263872973508196
vn -0.29978257226503163 0.922635819919597 -0.24263872973508196
vn -0.29978257226503163 0.922635819919597 -0.24263872973508196
vn 0.9741023986923828 -0.19115913642901317 0.12075885649284669
vn 0.9741023986923828 -0.19115913642901317 0.12075885649284669
vn 0.9741023986923828 -0.19115913642901317 0.12075885649284669
vn 0.9741023986923828 -0.19115913642901317 0.12075885649284669
vn 0.24263873269416758 5.0655303299666715e-14 -0.9701167174090798
vn 0.24263871866395612 -2.051436249064222e-13 -0.9701167209182169
vn 0.2426387046464123 -1.0524141639026101e-13 -0.9701167244241855
vn 0.24263871867029 1.9224512675082157e-15 -0.9701167209166327
vn 0.24263870463374623 -8.965035245068643e-16 -0.9701167244273534
vn 0.24263873269416758 -5.455187186821264e-15 -0.9701167174090798
vn 0.24263870464007925 9.625460051149759e-14 -0.9701167244257695
vn 0.24263874671170937 6.77949638941677e-14 -0.9701167139031114
vn 0.24263871867029 2.45724879517924e-14 -0.9701167209166327
vn 0.048150721204197104 -0.1481926865661244 -0.9877856223370687
vn 0.04815072492085029 -0.14819268653954226 -0.9877856221598843
vn 0.048150718262917544 -0.14819269241495647 -0.9877856216029727
vn 0.048150728531174955 -0.14819270108687554 -0.9877856198014288
vn 0.048150724145477025 -0.14819268071729158 -0.9877856230711647
vn 0.048150722085898996 -0.14819267781445972 -0.9877856236070589
vn 0.9434763531289158 -0.3187450679438329 -0.09085126717907135
vn 0.9434763531289158 -0.3187450679438329 -0.09085126717907135
vn 0.9434763531289158 -0.3187450679438329 -0.09085126717907135
vn 0.9434763531289158 -0.3187450679438329 -0.09085126717907135
vn -0.7991353524545722 -0.5806058231676028 0.1558190186119044
vn -0.7991353524545722 -0.5806058231676028 0.1558190186119044
vn -0.7991353524545722 -0.5806058231676028 0.1558190186119044
vn -0.7991353524545722 -0.5806058231676028 0.1558190186119044
vn -0.011594350423660001 0.99579697623367 -0.09085126945801504
vn -0.011594350423660001 0.99579697623367 -0.09085126945801504
vn -0.011594350423660001 0.99579697623367 -0.09085126945801504
vn -0.011594350423660001 0.99579697623367 -0.09085126945801504
vn 0.11921103628328276 0.985497857563001 0.1207588570954565
vn 0.11921103628328276 0.985497857563001 0.1207588570954565
vn 0.11921103628328276 0.985497857563001 0.1207588570954565
vn 0.11921103628328276 0.985497857563001 0.1207588570954565
vn 0.7848409348054982 -0.5702202705028377 -0.24263872354037488
vn 0.7848409348054982 -0.5702202705028377 -0.24263872354037488
vn 0.7848409348054982 -0.5702202705028377 -0.24263872354037488
vn 0.7848409348054982 -0.5702202705028377 -0.24263872354037488
vn -0.9004259250753921 -0.41791201507248144 0.12075885520400807
vn -0.9004259250753921 -0.41791201507248144 0.12075885520400807
vn -0.9004259250753921 -0.41791201507248144 0.12075885520400807
vn -0.9004259250753921 -0.41791201507248144 0.12075885520400807
vn -0.12606022315402649 0.09158811037740175 -0.987785623592414
vn -0.12606023066204666 0.09158810838171706 -0.9877856228192888
vn -0.12606023049000353 0.09158812315788138 -0.9877856214711895
vn -0.12606023773236794 0.09158811759344036 -0.9877856210628646
vn -0.1260602379980246 0.09158812116219735 -0.9877856206980643
vn -0.12606023066204666 0.09158810838171706 -0.9877856228192888
vn 0.07497948739883015 0.2307631475509517 -0.9701167178240907
vn 0.07497948739883015 0.2307631475509517 -0.9701167178240907
vn 0.0749794879144849 0.23076311933565002 -0.9701167244958527
vn 0.07497948613637709 0.23076312073499153 -0.9701167243004177
vn 0.0749794879144849 0.23076311933565002 -0.9701167244958527
vn 0.0749794879144849 0.23076311933565002 -0.9701167244958527
vn 0.0749794879144849 0.23076311933565002 -0.9701167244958527
vn 0.07497949480752447 0.23076314742203802 -0.970116717282144
vn 0.0749794907297779 0.230763119970864 -0.9701167241271619
vn -0.1718033849994329 0.3166351019969955 -0.9328589438313216
vn -0.17180337215931615 0.31663507599319557 -0.9328589550223929
vn -0.17180339946076537 0.3166351011863875 -0.9328589414431375
vn -0.17180338662064884 0.31663507518258766 -0.9328589526342087
vn -0.1718033849994329 0.3166351019969955 -0.9328589438313216
vn -0.17180339617338616 0.3166350927883622 -0.9328589448990645
vn -0.17180340901350313 0.31663511879216305 -0.932858933707992
vn -0.1718033849994329 0.3166351019969955 -0.9328589438313216
vn -0.774595850528742 0.5383349018355128 0.33195903634244317
vn -0.774595850528742 0.5383349018355128 0.33195903634244317
vn -0.774595850528742 0.5383349018355128 0.33195903634244317
vn -0.774595850528742 0.5383349018355128 0.33195903634244317
vn 0.8507776173286205 0.4366853482559824 -0.2923753622848324
vn 0.8507776173286205 0.4366853482559824 -0.2923753622848324
vn 0.8507776173286205 0.4366853482559824 -0.2923753622848324
vn 0.8507776173286205 0.4366853482559824 -0.2923753622848324
vn -0.02326937763381551 -0.9978493445633376 -0.06127986307958364
vn -0.02326937763381551 -0.9978493445633376 -0.06127986307958364
vn -0.02326937763381551 -0.9978493445633376 -0.06127986307958364
vn -0.02326937763381551 -0.9978493445633376 -0.06127986307958364
vn 0.3542280288338842 0.06554910157850297 0.9328589490757497
vn 0.35422804835693067 0.06554911264177946 0.9328589408850169
vn 0.35422804835693067 0.06554911264177946 0.9328589408850169
vn 0.3542280745927288 0.06554910453122166 0.9328589314925826
vn 0.35422804818393316 0.06554912006034722 0.9328589404294282
vn 0.3542280286608867 0.06554910899707032 0.932858948620161
vn 0.5168484715702156 0.18304622495655826 0.8362785044258194
vn 0.5168485259154738 0.18304621440106403 0.8362784731490113
vn 0.5168484973330869 0.1830462340806954 0.8362784865063823
vn 0.5168484973330869 0.1830462340806954 0.8362784865063823
vn 0.5168485230959602 0.18304624320483323 0.8362784685869425
vn 0.5168485410153991 0.18304622844166857 0.8362784607435096
vn -0.5168484959233302 0.18304624848257917 -0.8362784842253479
vn -0.5168484973330869 0.1830462340806954 -0.8362784865063823
vn -0.5168484973330869 0.1830462340806954 -0.8362784865063823
vn -0.5168484973330869 0.1830462340806954 -0.8362784865063823
vn -0.5168485681880298 0.18304622316392144 -0.8362784451051021
vn -0.5168485502685926 0.18304623792708657 -0.8362784529485346
vn -0.641987810844304 0.436685330684731 0.6302043896166587
vn -0.641987810844304 0.436685330684731 0.6302043896166587
vn -0.641987810844304 0.436685330684731 0.6302043896166587
vn -0.641987810844304 0.436685330684731 0.6302043896166587
vn 0.6433229854359251 0.5383348903610938 -0.5443630059341996
vn 0.6433229854359251 0.5383348903610938 -0.5443630059341996
vn 0.6433229854359251 0.5383348903610938 -0.5443630059341996
vn 0.6433229854359251 0.5383348903610938 -0.5443630059341996
vn -0.044403992566468126 -0.9978493446045069 -0.04821795222231037
vn -0.044403992566468126 -0.9978493446045069 -0.04821795222231037
vn -0.044403992566468126 -0.9978493446045069 -0.04821795222231037
vn -0.044403992566468126 -0.9978493446045069 -0.04821795222231037
vn 0.6759588152176207 0.06554910569486513 0.7340183886471741
vn 0.6759588148874967 0.06554911311343296 0.7340183882886949
vn 0.6759587825174231 0.06554911575442547 0.7340184178625057
vn 0.6759588148874967 0.06554911311343296 0.7340183882886949
vn 0.6759588475876903 0.06554910305387301 0.7340183590733643
vn 0.6759587849835632 0.06554911766416746 0.7340184154208899
vn 0.7799112400314119 0.1426194535710653 0.6094244408749588
vn 0.7799112733417954 0.14261947056209 0.6094243942696816
vn 0.7799112450118875 0.14261946538150524 0.6094244317372757
vn 0.779911238373948 0.14261946816913149 0.6094244395798128
vn 0.7799112450118875 0.14261946538150524 0.6094244317372757
vn 0.779911238373948 0.14261946816913149 0.6094244395798128
vn -0.5680141882037346 -0.5702202754843568 0.593471751160741
vn -0.5680141882037346 -0.5702202754843568 0.593471751160741
vn -0.5680141882037346 -0.5702202754843568 0.593471751160741
vn -0.5680141882037346 -0.5702202754843568 0.593471751160741
vn 0.05469720214194304 0.9854978590721452 0.16063058812711165
vn 0.05469720214194304 0.9854978590721452 0.16063058812711165
vn 0.05469720214194304 0.9854978590721452 0.16063058812711165
vn 0.05469720214194304 0.9854978590721452 0.16063058812711165
vn 0.5106926940124775 -0.4179120184782207 -0.7513604441902284
vn 0.5106926940124775 -0.4179120184782207 -0.7513604441902284
vn 0.5106926940124775 -0.4179120184782207 -0.7513604441902284
vn 0.5106926940124775 -0.4179120184782207 -0.7513604441902284
vn -0.7575415982104183 0.3166351025857306 -0.5708528171002829
vn -0.7575416053589302 0.3166350757713227 -0.5708528224871133
vn -0.7575416053589302 0.3166350757713227 -0.5708528224871133
vn -0.7575416236097873 0.31663508828870685 -0.5708527913245675
vn -0.7575415799595582 0.3166350900683463 -0.5708528482628308
vn -0.757541572811046 0.31663511688275514 -0.5708528428759997
vn -0.7575416057352764 0.3166351008420082 -0.5708528080817246
vn -0.7575416311346469 0.3166350865449831 -0.5708527823060071
vn -0.9012306298455459 0.2307631368273742 -0.3667856683538648
vn -0.9012306182364784 0.23076313349402464 -0.366785698975729
vn -0.9012306263302323 0.23076313520564884 -0.36678567801166484
vn -0.9012306070437164 0.23076314589005073 -0.36678571867855164
vn -0.9012306342859016 0.23076310780121104 -0.3667856757052518
vn -0.9012306311868955 0.23076312190886136 -0.3667856744440085
vn -0.9012306342859016 0.23076310780121104 -0.3667856757052518
vn -0.9012306201322194 0.23076316342094677 -0.366785675489178
vn -0.9012306379392991 0.23076313853899819 -0.36678564738980046
vn -0.4911234429059775 0.3568220771101439 -0.7946544966933626
vn -0.4911234829111779 0.3568220926726365 -0.7946544649807955
vn -0.491123466168089 0.3568220940110577 -0.7946544747276051
vn -0.4911234887820247 0.35682208878838795 -0.7946544630965487
vn -0.4911234435541523 0.35682209923372726 -0.794654486358661
vn -0.49112351139595944 0.3568220835657182 -0.7946544514654924
vn -0.491123466168089 0.3568220940110577 -0.7946544747276051
vn -0.4911234829111779 0.3568220926726365 -0.7946544649807955
vn -0.49112351139595944 0.3568220835657182 -0.7946544514654924
vn -0.4911234829111779 0.3568220926726365 -0.7946544649807955
vn -0.49112351139595944 0.3568220835657182 -0.7946544514654924
vn -0.49112351139595944 0.3568220835657182 -0.7946544514654924
vn -0.4911234435541523 0.35682209923372726 -0.794654486358661
vn -0.4911234655199128 0.35682207188747495 -0.7946544850623072
vn -0.49112346029724374 0.35682209789530583 -0.7946544766118508
vn -0.8271264585209989 0.09158811970868098 -0.5545028746027731
vn -0.8271264402585852 0.09158811683594599 -0.5545029023184695
vn -0.8271264864227283 0.09158811534767278 -0.5545028337033578
vn -0.8271264864227283 0.09158811534767278 -0.5545028337033578
vn -0.8271264681603168 0.0915881124749376 -0.554502861419054
vn -0.8271264675958984 0.09158811986302011 -0.5545028610406698
vn 0.4967529503087487 -0.5806058081225447 -0.6450840270336266
vn 0.4967529503087487 -0.5806058081225447 -0.6450840270336266
vn 0.4967529503087487 -0.5806058081225447 -0.6450840270336266
vn 0.4967529503087487 -0.5806058081225447 -0.6450840270336266
vn -0.5031952980924138 -0.3187450844446988 0.8032409745026885
vn -0.5031952980924138 -0.3187450844446988 0.8032409745026885
vn -0.5031952980924138 -0.3187450844446988 0.8032409745026885
vn -0.5031952980924138 -0.3187450844446988 0.8032409745026885
vn -0.07607469688882934 0.9957969760069701 -0.051000226162701
vn -0.07607469688882934 0.9957969760069701 -0.051000226162701
vn -0.07607469688882934 0.9957969760069701 -0.051000226162701
vn -0.07607469688882934 0.9957969760069701 -0.051000226162701
vn -0.08295583808794879 0.9226358262691069 -0.3766450066200911
vn -0.08295583808794879 0.9226358262691069 -0.3766450066200911
vn -0.08295583808794879 0.9226358262691069 -0.3766450066200911
vn -0.08295583808794879 0.9226358262691069 -0.3766450066200911
vn 0.4101944103095487 -0.7272140091812682 -0.5503638165807306
vn 0.4101944103095487 -0.7272140091812682 -0.5503638165807306
vn 0.4101944103095487 -0.7272140091812682 -0.5503638165807306
vn 0.4101944103095487 -0.7272140091812682 -0.5503638165807306
vn -0.32762183456232946 -0.19115913655863942 0.9252686734285178
vn -0.32762183456232946 -0.19115913655863942 0.9252686734285178
vn -0.32762183456232946 -0.19115913655863942 0.9252686734285178
vn -0.32762183456232946 -0.19115913655863942 0.9252686734285178
vn -0.9050359734155333 -0.14819270385822833 -0.398683846358221
vn -0.905035973474932 -0.1481926843483495 -0.39868385347529733
vn -0.905035975443772 -0.14819267952937348 -0.39868385079715024
vn -0.9050359774126122 -0.14819267471039682 -0.39868384811900276
vn -0.9050359754140729 -0.14819268928431262 -0.39868384723861194
vn -0.9050359861971413 -0.148192681290155 -0.3986838257318727
vn -0.9762101136022997 -2.1374194480600574e-15 -0.2168266913933462
vn -0.9762101104481944 4.4332382774912544e-14 -0.21682670559394682
vn -0.976210113954163 9.862790994449546e-18 -0.21682668980916564
vn -0.9762101104481944 -4.429385294047986e-14 -0.21682670559394682
vn -0.9762101072940891 4.187161218478926e-15 -0.21682671979454735
vn -0.9762101076459522 -4.429425870549472e-14 -0.21682671821036859
vn -0.9762101100963312 6.052152315275908e-14 -0.21682670717812627
vn -0.9762101104481944 0 -0.21682670559394682
vn 0.17499219857249626 -0.9030390712613893 0.39229856769319404
vn 0.17499219857249626 -0.9030390712613893 0.39229856769319404
vn 0.17499219857249626 -0.9030390712613893 0.39229856769319404
vn 0.17499219857249626 -0.9030390712613893 0.39229856769319404
vn -0.5648163944161176 0.6741944302068695 0.4758616509835723
vn -0.5648163944161176 0.6741944302068695 0.4758616509835723
vn -0.5648163944161176 0.6741944302068695 0.4758616509835723
vn -0.5648163944161176 0.6741944302068695 0.4758616509835723
vn 0.37281604223763976 0.2862219039459074 -0.8826580427050116
vn 0.37281604223763976 0.2862219039459074 -0.8826580427050116
vn 0.37281604223763976 0.2862219039459074 -0.8826580427050116
vn 0.37281604223763976 0.2862219039459074 -0.8826580427050116
vn 0.7575415652861907 0.3166351186264758 0.5708528518945541
vn 0.757541591061906 0.3166351294001377 0.570852811713452
vn 0.757541572811046 0.31663511688275514 0.5708528428759997
vn 0.757541591061906 0.3166351294001377 0.570852811713452
vn 0.757541572811046 0.31663511688275514 0.5708528428759997
vn 0.7575415652861907 0.3166351186264758 0.5708528518945541
vn 0.5987092586067486 0.43498774776849847 0.6725569737575
vn 0.5987092968459431 0.434987732245589 0.6725569497567297
vn 0.5987092650837194 0.4349877389713059 0.6725569736814451
vn 0.5987092573222652 0.43498776313460036 0.6725569649626554
vn 0.5987092968459431 0.434987732245589 0.6725569497567297
vn 0.59870930332291 0.43498772344839787 0.6725569496806765
vn 0.5352310984320735 0.6226192635590112 0.5708528040716192
vn 0.5352311227501423 0.6226192225111299 0.5708528260412294
vn 0.5352311227501423 0.6226192225111299 0.5708528260412294
vn 0.5352311028871812 0.6226192590097529 0.5708528048563114
vn 0.5352311227501423 0.6226192225111299 0.5708528260412294
vn 0.5352311470682064 0.6226191814632522 0.5708528480108351
vn 0.4979643454300411 0.7858115199390086 0.3667857219298152
vn 0.4979643669309489 0.7858115194141377 0.36678569386373755
vn 0.4979643723742298 0.7858115280038945 0.366785668070774
vn 0.4979643902546122 0.785811496615345 0.36678571104325197
vn 0.4979643563166037 0.7858115371185244 0.3667856703438845
vn 0.4979643947865136 0.7858115163420628 0.3667856626274933
vn -0.7983406679063438 0.4257079307899144 0.42594006107599475
vn -0.7983406679063438 0.4257079307899144 0.42594006107599475
vn -0.7983406679063438 0.4257079307899144 0.42594006107599475
vn -0.7983406679063438 0.4257079307899144 0.42594006107599475
vn 0.1893855272972685 0.10785054071753872 -0.9759617732868793
vn 0.1893855272972685 0.10785054071753872 -0.9759617732868793
vn 0.1893855272972685 0.10785054071753872 -0.9759617732868793
vn 0.1893855272972685 0.10785054071753872 -0.9759617732868793
vn 0.6541639895126183 -0.5548327934492225 0.5140331177446327
vn 0.6541639895126183 -0.5548327934492225 0.5140331177446327
vn 0.6541639895126183 -0.5548327934492225 0.5140331177446327
vn 0.6541639895126183 -0.5548327934492225 0.5140331177446327
vn -0.4503489587655709 -0.8838596048102719 -0.12640417051425143
vn -0.4503489825235599 -0.8838595929475985 -0.12640416881772476
vn -0.45034893504022533 -0.8838596178513027 -0.1264041638550096
vn -0.45034895794995045 -0.8838596043238198 -0.12640417682155292
vn -0.45034895794995045 -0.8838596043238198 -0.12640417682155292
vn -0.4503489824909187 -0.8838595917692392 -0.1264041771734939
vn -0.4503489341593176 -0.8838596150081345 -0.12640418687384894
vn -0.450348935007581 -0.8838596166729451 -0.12640417221077807
vn -0.4503489587982137 -0.8838596059886302 -0.12640416215848316
vn -0.15517968332618118 -0.9797659168570853 -0.1264041694248304
vn -0.15517966878385048 -0.9797659191226542 -0.126404169717122
vn -0.1551796739716137 -0.979765917399316 -0.1264041767060739
vn -0.15517968332618118 -0.9797659168570853 -0.1264041694248304
vn -0.15517968303388954 -0.9797659150116285 -0.12640418408790094
vn -0.15517968303388954 -0.9797659150116285 -0.12640418408790094
vn -0.15517968303388954 -0.9797659150116285 -0.12640418408790094
vn -0.1551796775538349 -0.9797659148895098 -0.12640419176202056
vn -0.1551796742639053 -0.9797659192447724 -0.12640416204300417
vn 0.06700314523331377 0.20621445596333082 -0.9762101088805581
vn 0.06700314523331377 0.20621445596333082 -0.9762101088805581
vn 0.06700314523331377 0.20621445596333082 -0.9762101088805581
vn 0.06700314523331377 0.20621445596333082 -0.9762101088805581
vn 0.7915568246484934 -0.3706583331409273 0.485849970078813
vn 0.7915568246484934 -0.3706583331409273 0.485849970078813
vn 0.7915568246484934 -0.3706583331409273 0.485849970078813
vn 0.7915568246484934 -0.3706583331409273 0.485849970078813
vn -0.8582504212359389 0.16539656770379826 0.48584996638894223
vn -0.8582504212359389 0.16539656770379826 0.48584996638894223
vn -0.8582504212359389 0.16539656770379826 0.48584996638894223
vn -0.8582504212359389 0.16539656770379826 0.48584996638894223
vn 0.46665912267443244 -0.7455098533280912 0.47586166247708683
vn 0.46665912267443244 -0.7455098533280912 0.47586166247708683
vn 0.46665912267443244 -0.7455098533280912 0.47586166247708683
vn 0.46665912267443244 -0.7455098533280912 0.47586166247708683
vn -0.8047656282822959 0.4454818889789397 0.39229857268049967
vn -0.8047656282822959 0.4454818889789397 0.39229857268049967
vn -0.8047656282822959 0.4454818889789397 0.39229857268049967
vn -0.8047656282822959 0.4454818889789397 0.39229857268049967
vn 0.3874197143188795 0.2661216949130255 -0.8826580359650595
vn 0.3874197143188795 0.2661216949130255 -0.8826580359650595
vn 0.3874197143188795 0.2661216949130255 -0.8826580359650595
vn 0.3874197143188795 0.2661216949130255 -0.8826580359650595
vn -0.754417712620731 -0.5481165612370488 -0.361140070030697
vn -0.7544177045010743 -0.5481165553377727 -0.36114009594613583
vn -0.7544177045010743 -0.5481165553377727 -0.36114009594613583
vn -0.7544177045010743 -0.5481165553377727 -0.36114009594613583
vn -0.7544177045010743 -0.5481165553377727 -0.36114009594613583
vn -0.7544177045010743 -0.5481165553377727 -0.36114009594613583
vn -0.945304710165803 -0.26124036819886703 -0.19532658539396971
vn -0.945304706396545 -0.26124038048744797 -0.19532658720029705
vn -0.9453047099870225 -0.26124036500761316 -0.19532659052735277
vn -0.945304706396545 -0.26124038048744797 -0.19532658720029705
vn -0.9453047074144055 -0.2612403674385026 -0.19532659972661495
vn -0.9453047111836635 -0.26124035514991994 -0.1953265979202883
vn -0.945304710165803 -0.26124036819886703 -0.19532658539396971
vn -0.8868712036089217 -0.45188345737187247 -0.09623309806353479
vn -0.8868712155525722 -0.4518834336551442 -0.09623309935952286
vn -0.8868712028293968 -0.4518834575424463 -0.0962331044465629
vn -0.8868712154089282 -0.4518834341497136 -0.0962330983609685
vn -0.8868712155525722 -0.4518834336551442 -0.09623309935952286
vn -0.8868712036089217 -0.45188345737187247 -0.09623309806353479
vn -0.8868712161884522 -0.4518834339791412 -0.0962330919779407
vn -0.8868712029730417 -0.4518834570478754 -0.09623310544511686
vn -0.7038249750817843 -0.7038249750817843 -0.09623309670924732
vn -0.7038249750817843 -0.7038249750817843 -0.09623309670924732
vn -0.7038249745771471 -0.7038249745771471 -0.09623310409082927
vn -0.7038249745771471 -0.7038249745771471 -0.09623310409082927
vn -0.7038249745297971 -0.7038249745297971 -0.09623310478344275
vn -0.7038249745771471 -0.7038249745771471 -0.09623310409082927
vn -0.7038249750817843 -0.7038249750817843 -0.09623309670924732
vn -0.7038249750344343 -0.7038249750344343 -0.09623309740186017
vn 0.43315421373440316 -0.7557613050936175 0.4911234843166463
vn 0.43315421373440316 -0.7557613050936175 0.4911234843166463
vn 0.43315421373440316 -0.7557613050936175 0.4911234843166463
vn 0.43315421373440316 -0.7557613050936175 0.4911234843166463
vn -0.5849197154791091 0.6454972236198422 0.49112346792116673
vn -0.5849197154791091 0.6454972236198422 0.49112346792116673
vn -0.5849197154791091 0.6454972236198422 0.49112346792116673
vn -0.5849197154791091 0.6454972236198422 0.49112346792116673
vn 0.15176550289512192 0.11026408720221002 -0.982246946141577
vn 0.15176550289512192 0.11026408720221002 -0.982246946141577
vn 0.15176550289512192 0.11026408720221002 -0.982246946141577
vn 0.15176550289512192 0.11026408720221002 -0.982246946141577
vn -0.29455089117730604 -0.9065344194733992 -0.30238240493898155
vn -0.2945508825307063 -0.906534424979375 -0.30238239685486984
vn -0.29455089982390437 -0.9065344139674237 -0.30238241302309193
vn -0.2945508825307063 -0.906534424979375 -0.30238239685486984
vn -0.29455089117730604 -0.9065344194733992 -0.30238240493898155
vn -0.2945508779160468 -0.9065344382640814 -0.30238236152281156
vn -0.8925766558394055 0.2930230567108577 0.3427016219488446
vn -0.8925766558394055 0.2930230567108577 0.3427016219488446
vn -0.8925766558394055 0.2930230567108577 0.3427016219488446
vn -0.8925766558394055 0.2930230567108577 0.3427016219488446
vn 0.38843503356537373 0.23536684965009824 -0.8909100239557612
vn 0.38843503356537373 0.23536684965009824 -0.8909100239557612
vn 0.38843503356537373 0.23536684965009824 -0.8909100239557612
vn 0.38843503356537373 0.23536684965009824 -0.8909100239557612
vn 0.6524100770996661 -0.5770648007997331 0.49128129109174523
vn 0.6524100770996661 -0.5770648007997331 0.49128129109174523
vn 0.6524100770996661 -0.5770648007997331 0.49128129109174523
vn 0.6524100770996661 -0.5770648007997331 0.49128129109174523
vn 0.34270161733185794 0.7583417372283526 0.5545028503584205
vn 0.3427016023562626 0.7583417700374395 0.5545028147439228
vn 0.34270159102965075 0.7583417449735272 0.5545028560217267
vn 0.34270160652 0.7583417196464506 0.5545028810856397
vn 0.3427016018415088 0.7583417625554263 0.5545028252945097
vn 0.3427016023562626 0.7583417700374395 0.5545028147439228
vn 0.1053666532183875 0.7858115324591249 0.6094244037153399
vn 0.10536666795411381 0.7858115312253338 0.6094244027584915
vn 0.10536666552141621 0.7858115090434374 0.6094244317811469
vn 0.10536665675885683 0.7858115032979992 0.6094244407045059
vn 0.10536666795411381 0.7858115312253338 0.6094244027584915
vn 0.10536666412671972 0.7858115026811037 0.6094244402260817
vn 0.7056940657174744 0.2930230441504099 -0.6450840109690892
vn 0.7056940657174744 0.2930230441504099 -0.6450840109690892
vn 0.7056940657174744 0.2930230441504099 -0.6450840109690892
vn 0.7056940657174744 0.2930230441504099 -0.6450840109690892
vn 0.14764868011360804 -0.5770648234540348 0.8032409705640476
vn 0.14764868011360804 -0.5770648234540348 0.8032409705640476
vn 0.14764868011360804 -0.5770648234540348 0.8032409705640476
vn 0.14764868011360804 -0.5770648234540348 0.8032409705640476
vn -0.970567574340463 0.23536686319412903 -0.05100022891150467
vn -0.970567574340463 0.23536686319412903 -0.05100022891150467
vn -0.970567574340463 0.23536686319412903 -0.05100022891150467
vn -0.970567574340463 0.23536686319412903 -0.05100022891150467
vn -0.9031135770528463 0.20621446400922105 -0.37664500763477815
vn -0.9031135770528463 0.20621446400922105 -0.37664500763477815
vn -0.9031135770528463 0.20621446400922105 -0.37664500763477815
vn -0.9031135770528463 0.20621446400922105 -0.37664500763477815
vn 0.8183786640517015 0.1653965665406674 -0.5503638233037406
vn 0.8183786640517015 0.1653965665406674 -0.5503638233037406
vn 0.8183786640517015 0.1653965665406674 -0.5503638233037406
vn 0.8183786640517015 0.1653965665406674 -0.5503638233037406
vn 0.08056243868201893 -0.3706583203146337 0.9252686653373388
vn 0.08056243868201893 -0.3706583203146337 0.9252686653373388
vn 0.08056243868201893 -0.3706583203146337 0.9252686653373388
vn 0.08056243868201893 -0.3706583203146337 0.9252686653373388
vn -0.1387318949942684 -0.9065344210603955 -0.39868384058548534
vn -0.1387318732617289 -0.9065344141872208 -0.39868386377620546
vn -0.13873188420133428 -0.9065344101393183 -0.3986838691736923
vn -0.13873187288371203 -0.9065344335557125 -0.3986838198673242
vn -0.1387318657655378 -0.9065344248084913 -0.3986838422338565
vn -0.13873187288371203 -0.9065344335557125 -0.3986838198673242
vn -0.04366086282537601 -0.9797659200240686 -0.195326575295667
vn -0.04366086550218834 -0.9797659204880813 -0.19532657236982032
vn -0.04366086641648578 -0.9797659170130109 -0.19532658959654184
vn -0.043660869220377325 -0.9797659203287229 -0.19532657233805056
vn -0.04366087744397299 -0.979765913683236 -0.19532660383387696
vn -0.04366087164303213 -0.9797659150893355 -0.19532659807749608
vn -0.04366087026175355 -0.9797659197053521 -0.19532657523212754
vn 0.3035310000857245 -0.9341723600115355 -0.18759246727264403
vn 0.3035310093929395 -0.9341723565387271 -0.1875924695071329
vn 0.3035310372980146 -0.9341723506996047 -0.18759245343340997
vn 0.30353099923725035 -0.9341723574002008 -0.18759248164941983
vn 0.3035310000857245 -0.9341723600115355 -0.18759246727264403
vn 0.3035310093929395 -0.9341723565387271 -0.1875924695071329
vn 0.30353099923725035 -0.9341723574002008 -0.18759248164941983
vn 0.3035310102414135 -0.9341723591500615 -0.187592455130358
vn 0.30353099923725035 -0.9341723574002008 -0.18759248164941983
vn 0.30353099923725035 -0.9341723574002008 -0.18759248164941983
vn 0.30353102544537913 -0.9341723463384088 -0.18759249432924704
vn 0.3035309907785082 -0.9341723634843443 -0.18759246503815485
vn 0.08834284324129911 -0.8838596124025654 -0.4593340044146852
vn 0.08834284789538908 -0.8838595993615341 -0.4593340286133832
vn 0.08834285063373178 -0.8838596118208041 -0.45933400411234904
vn 0.08834284324129911 -0.8838596124025654 -0.4593340044146852
vn 0.08834284789538908 -0.8838595993615341 -0.4593340286133832
vn 0.08834284910473386 -0.8838596114608837 -0.45933400509898464
vn 0.08834285407847724 -0.8838595866804233 -0.4593340518254447
vn 0.08834284910473386 -0.8838596114608837 -0.45933400509898464
vn -0.9576225331948162 0.10785053801825492 -0.2670717981493292
vn -0.9576225331948162 0.10785053801825492 -0.2670717981493292
vn -0.9576225331948162 0.10785053801825492 -0.2670717981493292
vn -0.9576225331948162 0.10785053801825492 -0.2670717981493292
vn 0.7380011623572806 0.4257079331622351 -0.5235714277938022
vn 0.7380011623572806 0.4257079331622351 -0.5235714277938022
vn 0.7380011623572806 0.4257079331622351 -0.5235714277938022
vn 0.7380011623572806 0.4257079331622351 -0.5235714277938022
vn 0.16721417874315186 -0.5548327852037548 0.8149846617515555
vn 0.16721417874315186 -0.5548327852037548 0.8149846617515555
vn 0.16721417874315186 -0.5548327852037548 0.8149846617515555
vn 0.16721417874315186 -0.5548327852037548 0.8149846617515555
vn -0.9464199696637879 0.11026408752945283 -0.30353100669106603
vn -0.9464199696637879 0.11026408752945283 -0.30353100669106603
vn -0.9464199696637879 0.11026408752945283 -0.30353100669106603
vn -0.9464199696637879 0.11026408752945283 -0.30353100669106603
vn 0.7008582437583127 0.6454972153170924 -0.3035309987034153
vn 0.7008582437583127 0.6454972153170924 -0.3035309987034153
vn 0.7008582437583127 0.6454972153170924 -0.3035309987034153
vn 0.7008582437583127 0.6454972153170924 -0.3035309987034153
vn 0.2455617394240062 -0.7557612966782554 0.6070620187215292
vn 0.2455617394240062 -0.7557612966782554 0.6070620187215292
vn 0.2455617394240062 -0.7557612966782554 0.6070620187215292
vn 0.2455617394240062 -0.7557612966782554 0.6070620187215292
vn 0.2286866081240849 -0.7038249595045999 -0.6725569579173569
vn 0.22868658440853207 -0.7038249919813377 -0.67255693199463
vn 0.22868659895660612 -0.7038249312900033 -0.6725569905608613
vn 0.22868660348478723 -0.7038249589698996 -0.6725569600543964
vn 0.22868657481484683 -0.7038250220596501 -0.6725569037800344
vn 0.22868658936292116 -0.7038249613683208 -0.6725569623462658
vn 0.42675056312600884 -0.7014349471034432 -0.5708528460589682
vn 0.4267505452840875 -0.7014349773819477 -0.570852822192306
vn 0.4267505452840875 -0.7014349773819477 -0.570852822192306
vn 0.426750603888216 -0.7014349267524059 -0.5708528405928187
vn 0.42675059735529736 -0.70143490539486 -0.5708528717196759
vn 0.42675057764640284 -0.701434970970106 -0.5708528058778621
vn 0.4267505551385365 -0.7014349445943261 -0.5708528551132118
vn 0.4267505598044797 -0.7014350012486095 -0.5708527820111998
vn 0.5471318493950778 -0.57380188872793 -0.6094244267091551
vn 0.5471318493950778 -0.57380188872793 -0.6094244267091551
vn 0.5471318493950778 -0.57380188872793 -0.6094244267091551
vn 0.5471318493950778 -0.57380188872793 -0.6094244267091551
vn 0.5471318493950778 -0.57380188872793 -0.6094244267091551
vn 0.5471318493950778 -0.57380188872793 -0.6094244267091551
vn 0.5471318692693836 -0.5738019095710125 -0.6094243892415611
vn 0.5471318275075804 -0.5738019282836123 -0.6094244091158669
vn 0.5471318724442786 -0.5738019099952294 -0.6094243859917687
vn 0.5083333803786836 -0.45034896918830347 -0.7340183787507047
vn 0.5083333513160713 -0.45034897324311657 -0.7340183963897924
vn 0.5083333803786836 -0.45034896918830347 -0.7340183787507047
vn 0.5083334177587485 -0.4503489793011536 -0.7340183466590727
vn 0.508333358138639 -0.4503489494851293 -0.7340184062413793
vn 0.5083333139360019 -0.4503489631302644 -0.734018428481423
vn 0.50833336523866 -0.45034897877862784 -0.7340183833516611
vn 0.508333358138639 -0.4503489494851293 -0.7340184062413793
vn 0.31054735951791324 -0.45188347622806635 -0.8362784592517558
vn 0.3105473440383447 -0.45188345370344646 -0.8362784771711962
vn 0.3105473709665405 -0.45188344952125065 -0.8362784694314122
vn 0.3105473709665405 -0.45188344952125065 -0.8362784694314122
vn 0.31054737823297035 -0.451883446531164 -0.8362784683487583
vn 0.31054737917967984 -0.45188347503595866 -0.8362784525946237
vn 0.24804769513568578 -0.2612403637232657 -0.9328589460897129
vn 0.24804769513568578 -0.2612403637232657 -0.9328589460897129
vn 0.24804769706687826 -0.2612403359548479 -0.9328589533525506
vn 0.24804769513568578 -0.2612403637232657 -0.9328589460897129
vn 0.24804770912001337 -0.2612403627576694 -0.9328589426416807
vn 0.24804772484333576 -0.26124034951492736 -0.9328589421693739
vn 0.2480477071888206 -0.2612403905260864 -0.9328589353788422
vn 0.24804771105120596 -0.2612403349892517 -0.9328589499045185
vn 0.014372335322217879 -0.548116548555202 -0.8362784734628284
vn 0.014372334391087711 -0.5481165485625387 -0.8362784734740222
vn 0.014372336253348049 -0.5481165485478652 -0.8362784734516345
vn 0.014372335322217879 -0.548116548555202 -0.8362784734628284
vn 0.014372335322217879 -0.548116548555202 -0.8362784734628284
vn 0.014372336038622483 -0.5481165758766643 -0.8362784555433876
vn 0.7107846186350152 0.4454818992514371 -0.5443630253343887
vn 0.7107846186350152 0.4454818992514371 -0.5443630253343887
vn 0.7107846186350152 0.4454818992514371 -0.5443630253343887
vn 0.7107846186350152 0.4454818992514371 -0.5443630253343887
vn 0.21692730797779425 -0.7455098736011381 0.6302043886047782
vn 0.21692730797779425 -0.7455098736011381 0.6302043886047782
vn 0.21692730797779425 -0.7455098736011381 0.6302043886047782
vn 0.21692730797779425 -0.7455098736011381 0.6302043886047782
vn -0.9627327148467486 0.2661216806815378 -0.04821795137749844
vn -0.9627327148467486 0.2661216806815378 -0.04821795137749844
vn -0.9627327148467486 0.2661216806815378 -0.04821795137749844
vn -0.9627327148467486 0.2661216806815378 -0.04821795137749844
vn 0.2712236435990336 0.6226192326040481 0.7340184100854765
vn 0.2712236887536441 0.6226192590372897 0.7340183709790395
vn 0.27122369881902625 0.6226192225386666 0.7340183982191948
vn 0.271223661143649 0.6226192640699804 0.7340183769121799
vn 0.2712236830753123 0.6226192548115145 0.734018376661659
vn 0.2712236593427489 0.6226192003312021 0.7340184316430092
vn 0.49112343768330846 0.356822103117975 0.7946544882429059
vn 0.49112346029724374 0.35682209789530583 0.7946544766118508
vn 0.4911234887820247 0.35682208878838795 0.7946544630965487
vn 0.49112348355935487 0.35682211479621967 0.7946544546460919
vn 0.49112347768850845 0.35682211868046626 0.7946544565303391
vn 0.49112345442639915 0.3568221017795533 0.7946544784960962
vn 0.694708206577763 0.4861271051737293 -0.5301518134731958
vn 0.694708206577763 0.4861271051737293 -0.5301518134731958
vn 0.694708206577763 0.4861271051737293 -0.5301518134731958
vn 0.694708206577763 0.4861271051737293 -0.5301518134731958
vn 0.2454093643907013 -0.8966726423599483 0.36844594761318833
vn 0.2454093643907013 -0.8966726423599483 0.36844594761318833
vn 0.2454093643907013 -0.8966726423599483 0.36844594761318833
vn 0.2454093643907013 -0.8966726423599483 0.36844594761318833
vn -0.9052500942250827 0.3953190540863144 0.155708421036823
vn -0.9052500942250827 0.3953190540863144 0.155708421036823
vn -0.9052500942250827 0.3953190540863144 0.155708421036823
vn -0.9052500942250827 0.3953190540863144 0.155708421036823
vn -0.04712157738178505 -0.35714665371276916 -0.9328589521931082
vn -0.04712157316321391 -0.35714667977638803 -0.9328589424276996
vn -0.04712157316321391 -0.35714667977638803 -0.9328589424276996
vn -0.04712156994774797 -0.3571466538381573 -0.9328589525206192
vn -0.047121576880232406 -0.3571466797136939 -0.9328589422639441
vn -0.047121576284854645 -0.3571466736337921 -0.9328589446217194
vn -0.04712157950032066 -0.35714669957202383 -0.9328589345287988
vn -0.047121576880232406 -0.3571466797136939 -0.9328589422639441
vn -0.7513501624740473 -0.5703298434794792 0.3319590381159932
vn -0.7513501624740473 -0.5703298434794792 0.3319590381159932
vn -0.7513501624740473 -0.5703298434794792 0.3319590381159932
vn -0.7513501624740473 -0.5703298434794792 0.3319590381159932
vn -0.15240768586321368 0.9440807985275436 -0.29237534632970624
vn -0.15240768586321368 0.9440807985275436 -0.29237534632970624
vn -0.15240768586321368 0.9440807985275436 -0.29237534632970624
vn -0.15240768586321368 0.9440807985275436 -0.29237534632970624
vn 0.9418204986412955 -0.3304828690631162 -0.061279862882294485
vn 0.9418204986412955 -0.3304828690631162 -0.061279862882294485
vn 0.9418204986412955 -0.3304828690631162 -0.061279862882294485
vn 0.9418204986412955 -0.3304828690631162 -0.061279862882294485
vn -0.9004259250753921 0.41791201507248144 0.12075885520400807
vn -0.9004259250753921 0.41791201507248144 0.12075885520400807
vn -0.9004259250753921 0.41791201507248144 0.12075885520400807
vn -0.9004259250753921 0.41791201507248144 0.12075885520400807
vn 0.7848409348054982 0.5702202705028377 -0.24263872354037488
vn 0.7848409348054982 0.5702202705028377 -0.24263872354037488
vn 0.7848409348054982 0.5702202705028377 -0.24263872354037488
vn 0.7848409348054982 0.5702202705028377 -0.24263872354037488
vn 0.11921103628328276 -0.985497857563001 0.1207588570954565
vn 0.11921103628328276 -0.985497857563001 0.1207588570954565
vn 0.11921103628328276 -0.985497857563001 0.1207588570954565
vn 0.11921103628328276 -0.985497857563001 0.1207588570954565
vn 0.07497948739883015 -0.2307631475509517 -0.9701167178240907
vn 0.07497948739883015 -0.2307631475509517 -0.9701167178240907
vn 0.0749794879144849 -0.23076311933565002 -0.9701167244958527
vn 0.0749794879144849 -0.23076311933565002 -0.9701167244958527
vn 0.0749794787276836 -0.23076312086390513 -0.9701167248423642
vn 0.0749794879144849 -0.23076311933565002 -0.9701167244958527
vn 0.07497949021412315 -0.2307631481861639 -0.9701167174554002
vn 0.07497949480752447 -0.23076314742203802 -0.970116717282144
vn 0.0749794879144849 -0.23076311933565002 -0.9701167244958527
vn -0.12606023066204666 -0.09158810838171706 -0.9877856228192888
vn -0.12606023049000353 -0.09158812315788138 -0.9877856214711895
vn -0.12606022315402649 -0.09158811037740175 -0.987785623592414
vn -0.12606023049000353 -0.09158812315788138 -0.9877856214711895
vn -0.1260602379980246 -0.09158812116219735 -0.9877856206980643
vn -0.12606022315402649 -0.09158811037740175 -0.987785623592414
vn -0.19629884677085335 0.142619467439308 -0.9701167199176403
vn -0.19629884677085335 0.142619467439308 -0.9701167199176403
vn -0.19629886109782516 0.14261946702213452 -0.9701167170799703
vn -0.19629882406949684 0.14261945094580622 -0.9701167269359134
vn -0.19629883286105482 0.14261945325841377 -0.9701167248169978
vn -0.19629886109782516 0.14261946702213452 -0.9701167170799703
vn -0.1962988471880268 0.14261945284124036 -0.9701167219793281
vn -0.19629883244388138 0.14261946785648147 -0.97011672275531
vn -0.19629883542017443 0.14261945919255664 -0.970116723426777
vn -0.35422804835693067 0.06554911264177946 -0.9328589408850169
vn -0.35422802246712665 0.06554910591520166 -0.9328589511886277
vn -0.3542280485299282 0.06554910522321168 -0.9328589413406054
vn -0.35422804835693067 0.06554911264177946 -0.9328589408850169
vn -0.35422804835693067 0.06554911264177946 -0.9328589408850169
vn -0.35422806822597425 0.06554910886792079 -0.93285893360546
vn -0.3542280744197313 0.06554911194978935 -0.932858931036994
vn -0.35422802246712665 0.06554910591520166 -0.9328589511886277
vn 0.8507776173286205 -0.4366853482559824 -0.2923753622848324
vn 0.8507776173286205 -0.4366853482559824 -0.2923753622848324
vn 0.8507776173286205 -0.4366853482559824 -0.2923753622848324
vn 0.8507776173286205 -0.4366853482559824 -0.2923753622848324
vn -0.774595850528742 -0.5383349018355128 0.33195903634244317
vn -0.774595850528742 -0.5383349018355128 0.33195903634244317
vn -0.774595850528742 -0.5383349018355128 0.33195903634244317
vn -0.774595850528742 -0.5383349018355128 0.33195903634244317
vn -0.02326937763381551 0.9978493445633376 -0.06127986307958364
vn -0.02326937763381551 0.9978493445633376 -0.06127986307958364
vn -0.02326937763381551 0.9978493445633376 -0.06127986307958364
vn -0.02326937763381551 0.9978493445633376 -0.06127986307958364
vn -0.7769506956741538 0.5104852570451218 0.3684459510308457
vn -0.7769506956741538 0.5104852570451218 0.3684459510308457
vn -0.7769506956741538 0.5104852570451218 0.3684459510308457
vn -0.7769506956741538 0.5104852570451218 0.3684459510308457
vn 0.6770110136224198 0.5104852323223159 -0.5301517848831361
vn 0.6770110136224198 0.5104852323223159 -0.5301517848831361
vn 0.6770110136224198 0.5104852323223159 -0.5301517848831361
vn 0.6770110136224198 0.5104852323223159 -0.5301517848831361
vn 0.09623310300268663 -0.9831043058183646 0.15570842548772268
vn 0.09623310300268663 -0.9831043058183646 0.15570842548772268
vn 0.09623310300268663 -0.9831043058183646 0.15570842548772268
vn 0.09623310300268663 -0.9831043058183646 0.15570842548772268
vn -0.6759588173536337 0.06554911502317509 -0.7340183858470817
vn -0.6759588173536337 0.06554911502317509 -0.7340183858470817
vn -0.6759588472575663 0.06554911047244054 -0.7340183587148853
vn -0.6759588444613076 0.06554911598126607 -0.7340183607980173
vn -0.6759588176837578 0.0655491076046079 -0.7340183862055607
vn -0.6759587853136872 0.06554911024559998 -0.7340184157793691
vn -0.6759588447914316 0.06554910856269792 -0.7340183611564963
vn -0.6759588176837578 0.0655491076046079 -0.7340183862055607
vn 0.6433229854359251 -0.5383348903610938 -0.5443630059341996
vn 0.6433229854359251 -0.5383348903610938 -0.5443630059341996
vn 0.6433229854359251 -0.5383348903610938 -0.5443630059341996
vn 0.6433229854359251 -0.5383348903610938 -0.5443630059341996
vn -0.641987810844304 -0.436685330684731 0.6302043896166587
vn -0.641987810844304 -0.436685330684731 0.6302043896166587
vn -0.641987810844304 -0.436685330684731 0.6302043896166587
vn -0.641987810844304 -0.436685330684731 0.6302043896166587
vn -0.044403992566468126 0.9978493446045069 -0.04821795222231037
vn -0.044403992566468126 0.9978493446045069 -0.04821795222231037
vn -0.044403992566468126 0.9978493446045069 -0.04821795222231037
vn -0.044403992566468126 0.9978493446045069 -0.04821795222231037
vn -0.5680141882037346 0.5702202754843568 0.593471751160741
vn -0.5680141882037346 0.5702202754843568 0.593471751160741
vn -0.5680141882037346 0.5702202754843568 0.593471751160741
vn -0.5680141882037346 0.5702202754843568 0.593471751160741
vn 0.5106926940124775 0.4179120184782207 -0.7513604441902284
vn 0.5106926940124775 0.4179120184782207 -0.7513604441902284
vn 0.5106926940124775 0.4179120184782207 -0.7513604441902284
vn 0.5106926940124775 0.4179120184782207 -0.7513604441902284
vn 0.05469720214194304 -0.9854978590721452 0.16063058812711165
vn 0.05469720214194304 -0.9854978590721452 0.16063058812711165
vn 0.05469720214194304 -0.9854978590721452 0.16063058812711165
vn 0.05469720214194304 -0.9854978590721452 0.16063058812711165
vn -0.7799112683613176 0.14261945875164928 -0.6094244034073686
vn -0.7799112450118875 0.14261946538150524 -0.6094244317372757
vn -0.7799112450118875 0.14261946538150524 -0.6094244317372757
vn -0.7799112683613176 0.14261945875164928 -0.6094244034073686
vn -0.7799112749992595 0.14261945596402206 -0.6094243955648277
vn -0.7799112450118875 0.14261946538150524 -0.6094244317372757
vn -0.7799112733417954 0.14261947056209 -0.6094243942696816
vn -0.7799112450118875 0.14261946538150524 -0.6094244317372757
vn -0.7799112966912239 0.14261946393223338 -0.6094243659397744
vn -0.8271264864227283 -0.09158811534767278 -0.5545028337033578
vn -0.8271264585209989 -0.09158811970868098 -0.5545028746027731
vn -0.8271264590854172 -0.0915881123205991 -0.5545028749811572
vn -0.8271264864227283 -0.09158811534767278 -0.5545028337033578
vn -0.8271265052495556 -0.09158811083232579 -0.5545028063660479
vn -0.8271264681603168 -0.0915881124749376 -0.554502861419054
vn -0.9012306298455459 -0.2307631368273742 -0.3667856683538648
vn -0.9012306182364784 -0.23076313349402464 -0.366785698975729
vn -0.9012306263302323 -0.23076313520564884 -0.36678567801166484
vn -0.9012306070437164 -0.23076314589005073 -0.36678571867855164
vn -0.9012306342859016 -0.23076310780121104 -0.3667856757052518
vn -0.9012306311868955 -0.23076312190886136 -0.3667856744440085
vn -0.9012306342859016 -0.23076310780121104 -0.3667856757052518
vn -0.9012306201322194 -0.23076316342094677 -0.366785675489178
vn -0.9012306379392991 -0.23076313853899819 -0.36678564738980046
vn -0.8133010062503319 -0.35714666769376613 -0.45933400808935987
vn -0.8133009753268039 -0.3571466839165716 -0.45933405022909624
vn -0.8133010066389061 -0.35714667149240453 -0.4593340044477855
vn -0.8133009868488367 -0.35714669260426846 -0.459334023073123
vn -0.8133010062503319 -0.35714666769376613 -0.45933400808935987
vn -0.8133009666701901 -0.3571467099174958 -0.4593340453400361
vn -0.8133009868488367 -0.35714669260426846 -0.459334023073123
vn -0.8133010062503319 -0.35714666769376613 -0.45933400808935987
vn -0.19334965391825257 0.9440808026448019 -0.2670718057138169
vn -0.19334965391825257 0.9440808026448019 -0.2670718057138169
vn -0.19334965391825257 0.9440808026448019 -0.2670718057138169
vn -0.19334965391825257 0.9440808026448019 -0.2670718057138169
vn 0.6329271823708996 -0.57032984768588 -0.5235714341468936
vn 0.6329271823708996 -0.57032984768588 -0.5235714341468936
vn 0.6329271823708996 -0.57032984768588 -0.5235714341468936
vn 0.6329271823708996 -0.57032984768588 -0.5235714341468936
vn -0.4760053026165618 -0.3304829001141047 0.8149846652625349
vn -0.4760053026165618 -0.3304829001141047 0.8149846652625349
vn -0.4760053026165618 -0.3304829001141047 0.8149846652625349
vn -0.4760053026165618 -0.3304829001141047 0.8149846652625349
vn 0.5441099617247032 0.3953190599896721 -0.7400453974999265
vn 0.5441099617247032 0.3953190599896721 -0.7400453974999265
vn 0.5441099617247032 0.3953190599896721 -0.7400453974999265
vn 0.5441099617247032 0.3953190599896721 -0.7400453974999265
vn 0.21979766410806484 -0.8966726397898932 0.3842748546351461
vn 0.21979766410806484 -0.8966726397898932 0.3842748546351461
vn 0.21979766410806484 -0.8966726397898932 0.3842748546351461
vn 0.21979766410806484 -0.8966726397898932 0.3842748546351461
vn -0.784865126332815 0.4861271064190828 0.38427486239823727
vn -0.784865126332815 0.4861271064190828 0.38427486239823727
vn -0.784865126332815 0.4861271064190828 0.38427486239823727
vn -0.784865126332815 0.4861271064190828 0.38427486239823727
vn 0.3766449925786183 0.6976678212384794 0.609424450423353
vn 0.3766450024906429 0.6976678439998873 0.6094244182401721
vn 0.3766450024906429 0.6976678439998873 0.6094244182401721
vn 0.3766449888091918 0.6976678186574337 0.6094244557077623
vn 0.3766449868281454 0.6976678745925406 0.6094243928977187
vn 0.37664497314669587 0.6976678492500878 0.6094244303653089
vn -0.3468306364321336 0.7781911496144989 -0.5235714318922928
vn -0.3468306364321336 0.7781911496144989 -0.5235714318922928
vn -0.3468306364321336 0.7781911496144989 -0.5235714318922928
vn -0.3468306364321336 0.7781911496144989 -0.5235714318922928
vn 0.8381258616729697 -0.4756234754535351 -0.26707180606054776
vn 0.8381258616729697 -0.4756234754535351 -0.26707180606054776
vn 0.8381258616729697 -0.4756234754535351 -0.26707180606054776
vn 0.8381258616729697 -0.4756234754535351 -0.26707180606054776
vn -0.4614016599911763 -0.3505831204290138 0.8149846525104889
vn -0.4614016599911763 -0.3505831204290138 0.8149846525104889
vn -0.4614016599911763 -0.3505831204290138 0.8149846525104889
vn -0.4614016599911763 -0.3505831204290138 0.8149846525104889
vn 0.8518440613599941 -0.3640058291714698 -0.376644993933148
vn 0.8518440613599941 -0.3640058291714698 -0.376644993933148
vn 0.8518440613599941 -0.3640058291714698 -0.376644993933148
vn 0.8518440613599941 -0.3640058291714698 -0.376644993933148
vn -0.2830438511118349 -0.2525154558522945 0.9252686760630608
vn -0.2830438511118349 -0.2525154558522945 0.9252686760630608
vn -0.2830438511118349 -0.2525154558522945 0.9252686760630608
vn -0.2830438511118349 -0.2525154558522945 0.9252686760630608
vn -0.5648645699485237 0.6148395473953887 -0.5503638329101057
vn -0.5648645699485237 0.6148395473953887 -0.5503638329101057
vn -0.5648645699485237 0.6148395473953887 -0.5503638329101057
vn -0.5648645699485237 0.6148395473953887 -0.5503638329101057
vn -0.540569563953657 -0.8183104990170116 -0.1953265822295638
vn -0.540569588746616 -0.8183104769437799 -0.1953266060892829
vn -0.5405695481327484 -0.8183105056918866 -0.19532659805015046
vn -0.5405695903199941 -0.8183104793255487 -0.19532659175663833
vn -0.5405695760724653 -0.8183104883821918 -0.19532659324458085
vn -0.5405695497061264 -0.8183105080736556 -0.19532658371750536
vn -0.540569563953657 -0.8183104990170116 -0.1953265822295638
vn -0.3016655170411551 -0.9284309816655407 -0.21682672370317477
vn -0.3016655180158273 -0.9284309846652733 -0.21682670950257404
vn -0.3016655199651715 -0.9284309906647378 -0.21682668110137213
vn -0.3016654909255777 -0.9284309930121768 -0.2168267114519183
vn -0.30166552743759606 -0.9284309815450265 -0.21682670975490065
vn -0.30166549190024977 -0.9284309960119093 -0.2168266972513173
vn -0.3016655189904994 -0.9284309876650056 -0.21682669530197315
vn -0.3016655189904994 -0.9284309876650056 -0.21682669530197315
vn -0.5909905147514065 -0.6631307949663617 -0.4593340399329757
vn -0.590990483301907 -0.6631308192825693 -0.4593340452918843
vn -0.5909904913921064 -0.6631308283603138 -0.4593340217774869
vn -0.5909904913921064 -0.6631308283603138 -0.4593340217774869
vn -0.5909904913921064 -0.6631308283603138 -0.4593340217774869
vn -0.5909904913921064 -0.6631308283603138 -0.4593340217774869
vn -0.5909904913921064 -0.6631308283603138 -0.4593340217774869
vn -0.5909905220884502 -0.6631307959232705 -0.45933402911148535
vn -0.7946544553204199 -0.577350294279314 -0.1875924687587335
vn -0.7946544333546595 -0.5773503216255661 -0.18759247764406883
vn -0.7946544848880052 -0.5773502561567789 -0.1875924608375324
vn -0.7946544848880052 -0.5773502561567789 -0.1875924608375324
vn -0.7946544826666712 -0.5773502545428854 -0.1875924752143077
vn -0.7946544333546595 -0.5773503216255661 -0.18759247764406883
vn -0.7946544553204199 -0.577350294279314 -0.1875924687587335
vn -0.7946544880471657 -0.577350242152705 -0.18759249055521904
vn -0.7946544333546595 -0.5773503216255661 -0.18759247764406883
vn -0.7946544607009125 -0.5773502818891376 -0.18759248409964394
vn -0.7946544848880052 -0.5773502561567789 -0.1875924608375324
vn -0.7946544848880052 -0.5773502561567789 -0.1875924608375324
vn -0.4206111362489867 -0.8149462823950107 -0.39868387084742696
vn -0.42061109718437745 -0.8149463221919211 -0.39868383071202634
vn -0.4206111371476926 -0.8149462822744992 -0.3986838701456294
vn -0.42061111761538733 -0.8149463021729558 -0.39868385007792834
vn -0.4206110930855037 -0.814946312388461 -0.3986838550755054
vn -0.42061109718437745 -0.8149463221919211 -0.39868383071202634
vn -0.398683843593942 0.651857193355878 -0.6450840195876493
vn -0.398683843593942 0.651857193355878 -0.6450840195876493
vn -0.398683843593942 0.651857193355878 -0.6450840195876493
vn -0.398683843593942 0.651857193355878 -0.6450840195876493
vn 0.92355083126204 -0.38006951872847566 -0.051000225574989136
vn 0.92355083126204 -0.38006951872847566 -0.051000225574989136
vn 0.92355083126204 -0.38006951872847566 -0.051000225574989136
vn 0.92355083126204 -0.38006951872847566 -0.051000225574989136
vn -0.45864046932491565 -0.38006953492650325 0.8032409778629155
vn -0.45864046932491565 -0.38006953492650325 0.8032409778629155
vn -0.45864046932491565 -0.38006953492650325 0.8032409778629155
vn -0.45864046932491565 -0.38006953492650325 0.8032409778629155
vn -0.7178377768455193 -0.36400581721257186 0.5934717273542947
vn -0.7178377768455193 -0.36400581721257186 0.5934717273542947
vn -0.7178377768455193 -0.36400581721257186 0.5934717273542947
vn -0.7178377768455193 -0.36400581721257186 0.5934717273542947
vn -0.23964521855388937 0.6148395301369313 -0.7513604470593699
vn -0.23964521855388937 0.6148395301369313 -0.7513604470593699
vn -0.23964521855388937 0.6148395301369313 -0.7513604470593699
vn -0.23964521855388937 0.6148395301369313 -0.7513604470593699
vn 0.9541665277143297 -0.25251544822857924 0.16063058798217353
vn 0.9541665277143297 -0.25251544822857924 0.16063058798217353
vn 0.9541665277143297 -0.25251544822857924 0.16063058798217353
vn 0.9541665277143297 -0.25251544822857924 0.16063058798217353
vn -0.16849066639727342 -0.8149462969679647 -0.5545028659936796
vn -0.16849066639727342 -0.8149462969679647 -0.5545028659936796
vn -0.16849066010350697 -0.8149462789950885 -0.554502894320619
vn -0.1684906656722829 -0.8149463059298352 -0.5545028530428194
vn -0.1684906656722829 -0.8149463059298352 -0.5545028530428194
vn -0.16849065748791892 -0.8149463259488001 -0.5545028261080739
vn -0.059026790070280166 -0.928430991563997 -0.36678567578013793
vn -0.059026796849676516 -0.9284309810069474 -0.3667857014117975
vn -0.0590267933838176 -0.9284309871068314 -0.3667856865291485
vn -0.05902679293797866 -0.9284309790845968 -0.3667857069072812
vn -0.05902679313736546 -0.9284309812111019 -0.3667857014924507
vn -0.05902678615858272 -0.9284309896416458 -0.3667856812756234
vn -0.059026796849676516 -0.9284309810069474 -0.3667857014117975
vn -0.05902679051611925 -0.9284309995862309 -0.36678565540200514
vn -0.05902679051611925 -0.9284309995862309 -0.36678565540200514
vn 0.06704464570749309 -0.8183105011395956 -0.5708528174640296
vn 0.06704465312458345 -0.8183105007308319 -0.5708528171788763
vn 0.06704465084335698 -0.8183104728874246 -0.5708528573599783
vn 0.06704465411346688 -0.8183104531959584 -0.5708528852033865
vn 0.06704465084335698 -0.8183104728874246 -0.5708528573599783
vn 0.06704465312458345 -0.8183105007308319 -0.5708528171788763
vn 0.06704465125882951 -0.8183105092915406 -0.5708528051263315
vn 0.06704464757324732 -0.8183104925788882 -0.5708528295165722
vn 0.18759249055521904 -0.577350242152705 -0.7946544880471657
vn 0.1875924752143077 -0.5773502545428854 -0.7946544826666712
vn 0.18759247764406883 -0.5773503216255661 -0.7946544333546595
vn 0.18759249055521904 -0.577350242152705 -0.7946544880471657
vn 0.1875924752143077 -0.5773502545428854 -0.7946544826666712
vn 0.1875924608375324 -0.5773502561567789 -0.7946544848880052
vn 0.1875924895910829 -0.5773502529289918 -0.7946544804453372
vn 0.18759246180166608 -0.5773502453804923 -0.7946544924898341
vn 0.18759246972286797 -0.5773502835030313 -0.7946544629222466
vn 0.1875924752143077 -0.5773502545428854 -0.7946544826666712
vn 0.18759247764406883 -0.5773503216255661 -0.7946544333546595
vn 0.18759248409964394 -0.5773502818891376 -0.7946544607009125
vn 0.1875924608375324 -0.5773502561567789 -0.7946544848880052
vn 0.18759247617844263 -0.5773502437665987 -0.7946544902685
vn 0.18759248409964394 -0.5773502818891376 -0.7946544607009125
vn -0.14654185784764678 -0.6631307934054844 -0.7340184158016562
vn -0.14654184905864656 -0.6631307614595728 -0.7340184464170638
vn -0.14654185784764678 -0.6631307934054844 -0.7340184158016562
vn -0.14654186425898588 -0.6631308224180575 -0.734018388310982
vn -0.14654187067032529 -0.6631308514306322 -0.7340183608203042
vn -0.14654184326648137 -0.6631307948535258 -0.7340184174044908
vn -0.14654184967781983 -0.6631308238660991 -0.7340183899138167
vn -0.14654185784764678 -0.6631307934054844 -0.7340184158016562
vn -0.6136975906471787 -0.47562349013388916 0.6302043818212518
vn -0.6136975906471787 -0.47562349013388916 0.6302043818212518
vn -0.6136975906471787 -0.47562349013388916 0.6302043818212518
vn -0.6136975906471787 -0.47562349013388916 0.6302043818212518
vn -0.3131891746394431 0.7781911391324174 -0.5443630147837514
vn -0.3131891746394431 0.7781911391324174 -0.5443630147837514
vn -0.3131891746394431 0.7781911391324174 -0.5443630147837514
vn -0.3131891746394431 0.7781911391324174 -0.5443630147837514
vn 0.9352895385329697 -0.35058309757728273 -0.04821795105457979
vn 0.9352895385329697 -0.35058309757728273 -0.04821795105457979
vn 0.9352895385329697 -0.35058309757728273 -0.04821795105457979
vn 0.9352895385329697 -0.35058309757728273 -0.04821795105457979
vn -0.1875924838839077 0.9341723539273925 -0.3035310085444654
vn -0.1875924838839077 0.9341723539273925 -0.3035310085444654
vn -0.1875924838839077 0.9341723539273925 -0.3035310085444654
vn -0.1875924838839077 0.9341723539273925 -0.3035310085444654
vn 0.8304814605212827 -0.46708615729873804 -0.30353099576540044
vn 0.8304814605212827 -0.46708615729873804 -0.30353099576540044
vn 0.8304814605212827 -0.46708615729873804 -0.30353099576540044
vn 0.8304814605212827 -0.46708615729873804 -0.30353099576540044
vn -0.6428889801843528 -0.46708616496393657 0.6070620014930972
vn -0.6428889801843528 -0.46708616496393657 0.6070620014930972
vn -0.6428889801843528 -0.46708616496393657 0.6070620014930972
vn -0.6428889801843528 -0.46708616496393657 0.6070620014930972
vn -0.33380227242053456 -0.43498776989290705 -0.8362784721433899
vn -0.33380229890216306 -0.4349877655656127 -0.8362784638240224
vn -0.33380230322945753 -0.43498774140231805 -0.8362784746652394
vn -0.3338022767478288 -0.43498774572961235 -0.8362784829846073
vn -0.33380228787096566 -0.43498776925848276 -0.8362784663063123
vn -0.3338023044177605 -0.434987763719178 -0.8362784625828775
vn -0.1718033849994329 -0.3166351019969955 -0.9328589438313216
vn -0.17180339946076537 -0.3166351011863875 -0.9328589414431375
vn -0.1718033849994329 -0.3166351019969955 -0.9328589438313216
vn -0.1718033849994329 -0.3166351019969955 -0.9328589438313216
vn -0.1718033849994329 -0.3166351019969955 -0.9328589438313216
vn -0.17180339617338616 -0.3166350927883622 -0.9328589448990645
vn -0.17180340108198144 -0.3166350743719797 -0.9328589502460244
vn -0.17180338662064884 -0.31663507518258766 -0.9328589526342087
vn -0.19629884932997205 -0.14261947337344993 -0.9701167185274198
vn -0.19629884677085335 -0.142619467439308 -0.9701167199176403
vn -0.19629886109782516 -0.14261946702213452 -0.9701167170799703
vn -0.19629883286105482 -0.14261945325841377 -0.9701167248169978
vn -0.19629882406949684 -0.14261945094580622 -0.9701167269359134
vn -0.19629886109782516 -0.14261946702213452 -0.9701167170799703
vn -0.19629882109320326 -0.14261945960973005 -0.9701167262644467
vn -0.19629884932997205 -0.14261947337344993 -0.9701167185274198
vn -0.19629883244388138 -0.14261946785648147 -0.97011672275531
vn -0.35422802246712665 -0.06554910591520166 -0.9328589511886277
vn -0.3542280485299282 -0.06554910522321168 -0.9328589413406054
vn -0.35422804835693067 -0.06554911264177946 -0.9328589408850169
vn -0.35422802246712665 -0.06554910591520166 -0.9328589511886277
vn -0.35422804835693067 -0.06554911264177946 -0.9328589408850169
vn -0.35422804216317166 -0.06554910955991089 -0.9328589434534833
vn -0.35422809428877594 -0.06554910817593065 -0.9328589237574362
vn -0.3542280485299282 -0.06554910522321168 -0.9328589413406054
vn -0.5168484973330869 -0.1830462340806954 -0.8362784865063823
vn -0.5168485410153991 -0.18304622844166857 -0.8362784607435096
vn -0.5168484959233302 -0.18304624848257917 -0.8362784842253479
vn -0.5168484973330869 -0.1830462340806954 -0.8362784865063823
vn -0.5168485516783494 -0.18304622352520122 -0.8362784552295691
vn -0.5168485138427706 -0.18304623371941495 -0.8362784763819147
vn -0.6759587856438112 -0.06554910282703247 -0.734018416137848
vn -0.6759588152176207 -0.06554910569486513 -0.7340183886471741
vn -0.6759588176837578 -0.0655491076046079 -0.7340183862055607
vn -0.6759588472575663 -0.06554911047244054 -0.7340183587148853
vn -0.6759588444613076 -0.06554911598126607 -0.7340183607980173
vn -0.6759587853136872 -0.06554911024559998 -0.7340184157793691
vn -0.6759588152176207 -0.06554910569486513 -0.7340183886471741
vn -0.6759588472575663 -0.06554911047244054 -0.7340183587148853
vn -0.7799112683613176 -0.14261945875164928 -0.6094244034073686
vn -0.7799112450118875 -0.14261946538150524 -0.6094244317372757
vn -0.7799112683613176 -0.14261945875164928 -0.6094244034073686
vn -0.7799112683613176 -0.14261945875164928 -0.6094244034073686
vn -0.7799112749992595 -0.14261945596402206 -0.6094243955648277
vn -0.7799112450118875 -0.14261946538150524 -0.6094244317372757
vn -0.7799112667038537 -0.142619473349716 -0.6094244021122226
vn -0.7799112433544233 -0.14261947997957258 -0.6094244304421294
vn -0.7799112966912239 -0.14261946393223338 -0.6094243659397744
vn -0.7575415724347022 -0.31663509181206934 -0.5708528572813849
vn -0.7575415982104183 -0.3166351025857306 -0.5708528171002829
vn -0.7575415724347022 -0.31663509181206934 -0.5708528572813849
vn -0.7575415799595582 -0.3166350900683463 -0.5708528482628308
vn -0.7575416236097873 -0.31663508828870685 -0.5708527913245675
vn -0.7575416307582987 -0.31663506147429993 -0.5708527967113972
vn -0.7575416053589302 -0.3166350757713227 -0.5708528224871133
vn -0.7575415724347022 -0.31663509181206934 -0.5708528572813849
vn -0.5987092586067486 -0.43498774776849847 -0.6725569737575
vn -0.5987092728451732 -0.43498771480801035 -0.6725569824002343
vn -0.5987092268445247 -0.4349877544942139 -0.6725569976822136
vn -0.5987092728451732 -0.43498771480801035 -0.6725569824002343
vn -0.5987092955614558 -0.4349877476116919 -0.6725569409618878
vn -0.5987092573222652 -0.43498776313460036 -0.6725569649626554
vn 0.3667856934971043 -0.7164213430950221 0.5934717467611855
vn 0.3667856934971043 -0.7164213430950221 0.5934717467611855
vn 0.3667856934971043 -0.7164213430950221 0.5934717467611855
vn 0.3667856934971043 -0.7164213430950221 0.5934717467611855
vn -0.9203617930117104 0.3565557208564789 0.16063059449801625
vn -0.9203617930117104 0.3565557208564789 0.16063059449801625
vn -0.9203617930117104 0.3565557208564789 0.16063059449801625
vn -0.9203617930117104 0.3565557208564789 0.16063059449801625
vn 0.5552706929147713 0.35655570536039877 -0.7513604238745201
vn 0.5552706929147713 0.35655570536039877 -0.7513604238745201
vn 0.5552706929147713 0.35655570536039877 -0.7513604238745201
vn 0.5552706929147713 0.35655570536039877 -0.7513604238745201
vn -0.5352311227501423 -0.6226192225111299 -0.5708528260412294
vn -0.5352311426131037 -0.6226191860125029 -0.5708528472261478
vn -0.5352311227501423 -0.6226192225111299 -0.5708528260412294
vn -0.5352311227501423 -0.6226192225111299 -0.5708528260412294
vn -0.5352311045386462 -0.6226192013262117 -0.5708528662223316
vn -0.5352311182950367 -0.6226192270603849 -0.5708528252565396
vn -0.5352310603576169 -0.6226192788727136 -0.5708528230678054
vn -0.5352311272052471 -0.6226192179618759 -0.5708528268259192
vn -0.4979643956978938 -0.7858115052051022 -0.36678568525028754
vn -0.4979643902546122 -0.785811496615345 -0.36678571104325197
vn -0.4979643660195705 -0.7858115305510968 -0.366785671240944
vn -0.4979643678423271 -0.7858115082771768 -0.36678571648653363
vn -0.4979643902546122 -0.785811496615345 -0.36678571104325197
vn -0.4979643956978938 -0.7858115052051022 -0.36678568525028754
vn -0.497964349961945 -0.785811539665726 -0.3667856735140546
vn -0.4979643956978938 -0.7858115052051022 -0.36678568525028754
vn -0.4979643563166037 -0.7858115371185244 -0.3667856703438845
vn -0.3427016431193067 -0.7583417220011679 -0.5545028552456974
vn -0.34270160600524535 -0.7583417121644409 -0.5545028916362202
vn -0.34270160600524535 -0.7583417121644409 -0.5545028916362202
vn -0.34270161733185794 -0.7583417372283526 -0.5545028503584205
vn -0.34270159102965075 -0.7583417449735272 -0.5545028560217267
vn -0.3427016436340644 -0.7583417294831776 -0.5545028446951141
vn -0.10536666552141621 -0.7858115090434374 -0.6094244317811469
vn -0.10536666552141621 -0.7858115090434374 -0.6094244317811469
vn -0.10536666552141621 -0.7858115090434374 -0.6094244317811469
vn -0.10536666552141621 -0.7858115090434374 -0.6094244317811469
vn -0.10536666552141621 -0.7858115090434374 -0.6094244317811469
vn -0.10536666552141621 -0.7858115090434374 -0.6094244317811469
vn -0.10536666552141621 -0.7858115090434374 -0.6094244317811469
vn -0.10536666441364453 -0.7858115603864597 -0.6094243657693215
vn -0.10536667288927969 -0.7858115084265416 -0.6094244313027226
vn -0.2712236887536441 -0.6226192590372897 -0.7340183709790395
vn -0.271223676887363 -0.6226192317971352 -0.7340183984697144
vn -0.2712236887536441 -0.6226192590372897 -0.7340183709790395
vn -0.2712236887536441 -0.6226192590372897 -0.7340183709790395
vn -0.271223676887363 -0.6226192317971352 -0.7340183984697144
vn -0.2712236593427489 -0.6226192003312021 -0.7340184316430092
vn -0.27122365546531463 -0.6226192598442055 -0.7340183825947999
vn -0.2712236492773689 -0.6226192368298253 -0.7340184044028546
vn -0.49112351139595944 -0.3568220835657182 -0.7946544514654924
vn -0.49112351139595944 -0.3568220835657182 -0.7946544514654924
vn -0.4911234829111779 -0.3568220926726365 -0.7946544649807955
vn -0.491123466168089 -0.3568220940110577 -0.7946544747276051
vn -0.4911234887820247 -0.35682208878838795 -0.7946544630965487
vn -0.491123466168089 -0.3568220940110577 -0.7946544747276051
vn -0.4911234429059775 -0.3568220771101439 -0.7946544966933626
vn -0.4911234829111779 -0.3568220926726365 -0.7946544649807955
vn -0.49112351139595944 -0.3568220835657182 -0.7946544514654924
vn -0.491123466168089 -0.3568220940110577 -0.7946544747276051
vn -0.491123466168089 -0.3568220940110577 -0.7946544747276051
vn -0.4911234829111779 -0.3568220926726365 -0.7946544649807955
vn -0.49112346029724374 -0.35682209789530583 -0.7946544766118508
vn -0.4911234435541523 -0.35682209923372726 -0.794654486358661
vn -0.4911234655199128 -0.35682207188747495 -0.7946544850623072
usemtl 5A5A5A
f 4//4 3//3 2//2
f 1//1 4//4 2//2
f 13//13 8//8 9//9
f 13//13 9//9 10//10
f 13//13 12//12 8//8
f 6//6 13//13 10//10
f 5//5 11//11 6//6
f 5//5 7//7 11//11
f 7//7 8//8 12//12
f 7//7 12//12 11//11
f 11//11 13//13 6//6
f 17//17 16//16 15//15
f 14//14 18//18 17//17
f 14//14 17//17 15//15
f 21//21 19//19 20//20
f 21//21 20//20 22//22
f 26//26 24//24 23//23
f 26//26 25//25 24//24
f 27//27 26//26 23//23
f 30//30 29//29 31//31
f 28//28 29//29 30//30
f 35//35 32//32 36//36
f 33//33 32//32 35//35
f 34//34 33//33 35//35
f 38//38 40//40 39//39
f 37//37 38//38 39//39
f 49//49 41//41 46//46
f 47//47 42//42 41//41
f 47//47 43//43 42//42
f 47//47 41//41 49//49
f 48//48 43//43 47//47
f 44//44 43//43 48//48
f 44//44 48//48 45//45
f 45//45 48//48 46//46
f 48//48 49//49 46//46
f 55//55 52//52 51//51
f 55//55 51//51 54//54
f 53//53 54//54 51//51
f 53//53 52//52 55//55
f 50//50 52//52 53//53
f 50//50 53//53 51//51
f 61//61 58//58 57//57
f 61//61 57//57 60//60
f 56//56 61//61 59//59
f 56//56 58//58 61//61
f 56//56 59//59 57//57
f 59//59 60//60 57//57
f 64//64 63//63 66//66
f 67//67 64//64 66//66
f 62//62 67//67 65//65
f 62//62 64//64 67//67
f 62//62 65//65 63//63
f 65//65 66//66 63//63
f 71//71 70//70 69//69
f 71//71 69//69 73//73
f 72//72 70//70 71//71
f 68//68 70//70 72//72
f 68//68 72//72 69//69
f 72//72 73//73 69//69
f 79//79 76//76 75//75
f 79//79 75//75 78//78
f 77//77 78//78 75//75
f 74//74 79//79 77//77
f 74//74 76//76 79//79
f 74//74 77//77 75//75
f 85//85 82//82 81//81
f 85//85 81//81 84//84
f 83//83 84//84 81//81
f 80//80 85//85 83//83
f 80//80 82//82 85//85
f 80//80 83//83 81//81
f 88//88 87//87 86//86
f 88//88 86//86 89//89
f 92//92 91//91 90//90
f 93//93 92//92 90//90
f 95//95 97//97 96//96
f 94//94 97//97 95//95
f 99//99 102//102 100//100
f 103//103 102//102 99//99
f 98//98 101//101 103//103
f 98//98 103//103 99//99
f 98//98 100//100 102//102
f 98//98 102//102 101//101
f 106//106 105//105 104//104
f 106//106 104//104 107//107
f 110//110 109//109 108//108
f 111//111 110//110 108//108
f 114//114 113//113 112//112
f 115//115 114//114 112//112
f 119//119 118//118 117//117
f 119//119 117//117 121//121
f 120//120 118//118 119//119
f 116//116 118//118 120//120
f 116//116 120//120 117//117
f 120//120 121//121 117//117
f 122//122 126//126 125//125
f 122//122 125//125 123//123
f 124//124 125//125 127//127
f 124//124 123//123 125//125
f 124//124 126//126 122//122
f 124//124 127//127 126//126
f 133//133 130//130 129//129
f 133//133 129//129 132//132
f 128//128 133//133 131//131
f 128//128 130//130 133//133
f 128//128 132//132 129//129
f 128//128 131//131 132//132
f 137//137 135//135 134//134
f 137//137 136//136 135//135
f 141//141 139//139 138//138
f 141//141 140//140 139//139
f 144//144 143//143 142//142
f 145//145 144//144 142//142
f 149//149 151//151 146//146
f 147//147 149//149 146//146
f 148//148 151//151 150//150
f 148//148 146//146 151//151
f 148//148 149//149 147//147
f 148//148 150//150 149//149
f 157//157 154//154 153//153
f 157//157 153//153 156//156
f 155//155 156//156 153//153
f 152//152 157//157 155//155
f 152//152 154//154 157//157
f 152//152 155//155 153//153
f 161//161 159//159 158//158
f 161//161 160//160 159//159
f 164//164 163//163 162//162
f 165//165 164//164 162//162
f 168//168 167//167 166//166
f 169//169 168//168 166//166
f 172//172 171//171 175//175
f 173//173 172//172 175//175
f 174//174 172//172 173//173
f 170//170 172//172 174//174
f 170//170 175//175 171//171
f 170//170 174//174 175//175
f 181//181 178//178 177//177
f 181//181 177//177 180//180
f 179//179 180//180 177//177
f 179//179 178//178 181//181
f 176//176 178//178 179//179
f 176//176 179//179 177//177
f 185//185 184//184 183//183
f 185//185 183//183 187//187
f 186//186 184//184 185//185
f 182//182 184//184 186//186
f 182//182 186//186 183//183
f 186//186 187//187 183//183
f 190//190 188//188 189//189
f 190//190 189//189 191//191
f 193//193 195//195 194//194
f 192//192 195//195 193//193
f 199//199 197//197 196//196
f 198//198 197//197 199//199
f 200//200 202//202 201//201
f 203//203 202//202 200//200
f 209//209 206//206 205//205
f 209//209 205//205 208//208
f 204//204 209//209 207//207
f 204//204 206//206 209//209
f 204//204 208//208 205//205
f 204//204 207//207 208//208
f 212//212 211//211 215//215
f 213//213 212//212 215//215
f 214//214 212//212 213//213
f 210//210 212//212 214//214
f 210//210 214//214 211//211
f 214//214 215//215 211//211
f 218//218 217//217 220//220
f 221//221 218//218 220//220
f 216//216 221//221 219//219
f 216//216 218//218 221//221
f 216//216 219//219 217//217
f 219//219 220//220 217//217
f 222//222 226//226 225//225
f 222//222 225//225 223//223
f 224//224 225//225 227//227
f 224//224 223//223 225//225
f 224//224 227//227 222//222
f 227//227 226//226 222//222
f 231//231 230//230 229//229
f 231//231 229//229 233//233
f 232//232 230//230 231//231
f 228//228 230//230 232//232
f 228//228 232//232 229//229
f 232//232 233//233 229//229
f 235//235 238//238 236//236
f 239//239 238//238 235//235
f 234//234 237//237 239//239
f 234//234 239//239 235//235
f 234//234 236//236 238//238
f 234//234 238//238 237//237
f 242//242 241//241 240//240
f 242//242 240//240 243//243
f 244//244 246//246 245//245
f 244//244 247//247 246//246
f 251//251 249//249 248//248
f 251//251 250//250 249//249
f 257//257 254//254 253//253
f 257//257 253//253 256//256
f 255//255 256//256 253//253
f 252//252 257//257 255//255
f 252//252 254//254 257//257
f 252//252 255//255 253//253
f 263//263 260//260 259//259
f 263//263 259//259 262//262
f 261//261 262//262 259//259
f 261//261 260//260 263//263
f 258//258 260//260 261//261
f 258//258 261//261 259//259
f 265//265 268//268 266//266
f 269//269 268//268 265//265
f 264//264 267//267 269//269
f 264//264 269//269 265//265
f 264//264 266//266 268//268
f 264//264 268//268 267//267
f 273//273 271//271 270//270
f 273//273 272//272 271//271
f 276//276 275//275 274//274
f 277//277 276//276 274//274
f 281//281 279//279 278//278
f 281//281 280//280 279//279
f 286//286 283//283 282//282
f 286//286 285//285 283//283
f 287//287 283//283 285//285
f 284//284 287//287 286//286
f 284//284 286//286 282//282
f 284//284 283//283 287//287
f 289//289 291//291 290//290
f 288//288 291//291 289//289
f 294//294 293//293 292//292
f 295//295 294//294 292//292
f 299//299 297//297 296//296
f 299//299 298//298 297//297
f 307//307 304//304 305//305
f 307//307 305//305 300//300
f 307//307 306//306 304//304
f 301//301 307//307 300//300
f 302//302 308//308 301//301
f 302//302 303//303 308//308
f 303//303 304//304 308//308
f 308//308 304//304 306//306
f 308//308 307//307 301//301
f 311//311 310//310 309//309
f 312//312 311//311 309//309
f 316//316 314//314 313//313
f 316//316 315//315 314//314
f 320//320 318//318 317//317
f 320//320 319//319 318//318
f 326//326 323//323 322//322
f 326//326 322//322 325//325
f 321//321 326//326 324//324
f 321//321 323//323 326//326
f 321//321 324//324 322//322
f 324//324 325//325 322//322
f 329//329 328//328 327//327
f 330//330 329//329 327//327
f 334//334 332//332 331//331
f 334//334 333//333 332//332
f 337//337 336//336 335//335
f 338//338 337//337 335//335
f 342//342 341//341 340//340
f 342//342 340//340 344//344
f 343//343 341//341 342//342
f 339//339 341//341 343//343
f 339//339 343//343 340//340
f 343//343 344//344 340//340
f 346//346 349//349 347//347
f 350//350 349//349 346//346
f 348//348 350//350 346//346
f 345//345 348//348 346//346
f 345//345 347//347 349//349
f 345//345 349//349 348//348
f 353//353 352//352 351//351
f 354//354 353//353 351//351
f 358//358 356//356 355//355
f 358//358 357//357 356//356
f 362//362 360//360 359//359
f 362//362 361//361 360//360
f 369//369 366//366 367//367
f 369//369 367//367 364//364
f 369//369 368//368 366//366
f 363//363 370//370 369//369
f 363//363 369//369 364//364
f 363//363 365//365 370//370
f 365//365 366//366 368//368
f 365//365 368//368 370//370
f 374//374 372//372 371//371
f 374//374 373//373 372//372
f 377//377 376//376 375//375
f 378//378 377//377 375//375
f 381//381 380//380 379//379
f 382//382 381//381 379//379
f 385//385 384//384 383//383
f 386//386 385//385 383//383
f 389//389 388//388 387//387
f 390//390 389//389 387//387
f 394//394 392//392 391//391
f 394//394 393//393 392//392
f 400//400 397//397 396//396
f 400//400 396//396 399//399
f 398//398 399//399 396//396
f 395//395 400//400 398//398
f 395//395 397//397 400//400
f 395//395 398//398 396//396
f 406//406 403//403 402//402
f 406//406 402//402 405//405
f 404//404 405//405 402//402
f 401//401 406//406 404//404
f 401//401 403//403 406//406
f 401//401 404//404 402//402
f 411//411 413//413 410//410
f 414//414 411//411 408//408
f 414//414 413//413 411//411
f 412//412 414//414 408//408
f 407//407 412//412 408//408
f 407//407 409//409 412//412
f 409//409 410//410 412//412
f 412//412 410//410 413//413
f 417//417 419//419 418//418
f 417//417 416//416 419//419
f 415//415 416//416 417//417
f 423//423 421//421 420//420
f 423//423 422//422 421//421
f 427//427 425//425 424//424
f 427//427 426//426 425//425
f 430//430 429//429 428//428
f 431//431 430//430 428//428
f 434//434 433//433 432//432
f 435//435 434//434 432//432
f 438//438 437//437 436//436
f 439//439 438//438 436//436
f 443//443 441//441 440//440
f 443//443 442//442 441//441
f 445//445 448//448 446//446
f 449//449 448//448 445//445
f 447//447 449//449 445//445
f 444//444 447//447 445//445
f 444//444 446//446 448//448
f 444//444 448//448 447//447
f 451//451 453//453 452//452
f 450//450 451//451 452//452
f 459//459 456//456 455//455
f 459//459 455//455 458//458
f 454//454 459//459 457//457
f 454//454 456//456 459//459
f 454//454 458//458 455//455
f 454//454 457//457 458//458
f 465//465 462//462 461//461
f 465//465 461//461 464//464
f 460//460 465//465 463//463
f 460//460 462//462 465//465
f 460//460 463//463 461//461
f 463//463 464//464 461//461
f 471//471 468//468 467//467
f 471//471 467//467 470//470
f 469//469 470//470 467//467
f 469//469 468//468 471//471
f 466//466 468//468 469//469
f 466//466 469//469 467//467
f 477//477 474//474 473//473
f 477//477 473//473 476//476
f 475//475 476//476 473//473
f 472//472 477//477 475//475
f 472//472 474//474 477//477
f 472//472 475//475 473//473
f 481//481 480//480 479//479
f 481//481 479//479 483//483
f 482//482 480//480 481//481
f 478//478 480//480 482//482
f 478//478 482//482 479//479
f 482//482 483//483 479//479
f 487//487 485//485 484//484
f 486//486 485//485 487//487
f 491//491 489//489 488//488
f 491//491 490//490 489//489
f 492//492 494//494 493//493
f 492//492 495//495 494//494
f 498//498 496//496 497//497
f 500//500 498//498 497//497
f 499//499 498//498 500//500
f 504//504 502//502 501//501
f 504//504 503//503 502//502
f 507//507 506//506 505//505
f 507//507 505//505 508//508
f 509//509 511//511 510//510
f 509//509 512//512 511//511
f 521//521 517//517 518//518
f 521//521 518//518 514//514
f 521//521 520//520 517//517
f 513//513 521//521 514//514
f 515//515 519//519 513//513
f 515//515 516//516 519//519
f 516//516 517//517 520//520
f 516//516 520//520 519//519
f 519//519 521//521 513//513
f 524//524 523//523 522//522
f 524//524 522//522 525//525
f 527//527 529//529 528//528
f 526//526 529//529 527//527
f 533//533 531//531 530//530
f 532//532 531//531 533//533
f 535//535 537//537 539//539
f 535//535 539//539 534//534
f 536//536 539//539 538//538
f 536//536 534//534 539//539
f 536//536 538//538 535//535
f 538//538 537//537 535//535
f 540//540 542//542 541//541
f 540//540 543//543 542//542
f 546//546 545//545 544//544
f 546//546 544//544 547//547
f 548//548 550//550 549//549
f 548//548 551//551 550//550
f 557//557 554//554 553//553
f 557//557 553//553 556//556
f 552//552 557//557 555//555
f 552//552 554//554 557//557
f 552//552 555//555 553//553
f 555//555 556//556 553//553
f 563//563 560//560 562//562
f 558//558 560//560 563//563
f 559//559 561//561 562//562
f 559//559 562//562 560//560
f 559//559 558//558 563//563
f 559//559 563//563 561//561
f 566//566 565//565 564//564
f 567//567 566//566 564//564
f 571//571 569//569 568//568
f 570//570 569//569 571//571
f 573//573 575//575 574//574
f 572//572 575//575 573//573
f 581//581 578//578 577//577
f 581//581 577//577 580//580
f 576//576 581//581 579//579
f 576//576 578//578 581//581
f 576//576 579//579 577//577
f 579//579 580//580 577//577
f 583//583 586//586 584//584
f 587//587 586//586 583//583
f 585//585 587//587 583//583
f 582//582 585//585 583//583
f 582//582 584//584 585//585
f 585//585 584//584 586//586
f 589//589 591//591 590//590
f 588//588 591//591 589//589
f 594//594 593//593 592//592
f 594//594 592//592 595//595
f 596//596 598//598 597//597
f 596//596 599//599 598//598
f 604//604 600//600 601//601
f 604//604 603//603 600//600
f 605//605 600//600 603//603
f 605//605 604//604 601//601
f 602//602 605//605 601//601
f 602//602 600//600 605//605
f 607//607 609//609 608//608
f 606//606 609//609 607//607
f 613//613 611//611 610//610
f 613//613 612//612 611//611
f 616//616 615//615 614//614
f 616//616 614//614 617//617
f 621//621 620//620 619//619
f 621//621 619//619 623//623
f 622//622 620//620 621//621
f 618//618 620//620 622//622
f 618//618 622//622 619//619
f 622//622 623//623 619//619
f 625//625 628//628 626//626
f 629//629 628//628 625//625
f 627//627 629//629 625//625
f 624//624 627//627 625//625
f 624//624 626//626 627//627
f 627//627 626//626 628//628
f 634//634 632//632 631//631
f 634//634 633//633 632//632
f 630//630 635//635 634//634
f 630//630 634//634 631//631
f 630//630 632//632 633//633
f 630//630 633//633 635//635
f 641//641 638//638 637//637
f 641//641 637//637 640//640
f 636//636 641//641 639//639
f 636//636 638//638 641//641
f 636//636 639//639 637//637
f 639//639 640//640 637//637
f 643//643 646//646 644//644
f 647//647 646//646 643//643
f 642//642 645//645 647//647
f 642//642 647//647 643//643
f 642//642 644//644 645//645
f 645//645 644//644 646//646
f 648//648 650//650 649//649
f 648//648 651//651 650//650
f 654//654 653//653 652//652
f 654//654 652//652 655//655
f 658//658 657//657 656//656
f 659//659 658//658 656//656
f 663//663 661//661 660//660
f 663//663 662//662 661//661
f 666//666 665//665 664//664
f 667//667 666//666 664//664
f 671//671 669//669 668//668
f 671//671 670//670 669//669
f 676//676 673//673 672//672
f 676//676 675//675 673//673
f 677//677 673//673 675//675
f 677//677 676//676 672//672
f 674//674 677//677 672//672
f 674//674 673//673 677//677
f 683//683 681//681 680//680
f 683//683 682//682 681//681
f 683//683 680//680 685//685
f 684//684 682//682 683//683
f 678//678 682//682 684//684
f 678//678 684//684 679//679
f 679//679 685//685 680//680
f 679//679 684//684 685//685
f 692//692 686//686 687//687
f 692//692 687//687 688//688
f 692//692 691//691 686//686
f 690//690 692//692 688//688
f 689//689 690//690 688//688
f 689//689 686//686 690//690
f 690//690 686//686 691//691
f 695//695 694//694 693//693
f 696//696 695//695 693//693
f 700//700 698//698 697//697
f 700//700 699//699 698//698
f 704//704 702//702 701//701
f 704//704 703//703 702//702
f 708//708 707//707 706//706
f 708//708 706//706 710//710
f 709//709 707//707 708//708
f 705//705 707//707 709//709
f 705//705 709//709 706//706
f 709//709 710//710 706//706
f 711//711 715//715 716//716
f 711//711 713//713 715//715
f 712//712 714//714 715//715
f 712//712 715//715 713//713
f 712//712 711//711 714//714
f 714//714 711//711 716//716
f 717//717 721//721 722//722
f 717//717 719//719 721//721
f 718//718 720//720 721//721
f 718//718 721//721 719//719
f 718//718 717//717 720//720
f 720//720 717//717 722//722
f 726//726 724//724 723//723
f 726//726 725//725 724//724
f 730//730 728//728 727//727
f 730//730 729//729 728//728
f 733//733 732//732 731//731
f 734//734 733//733 731//731
f 740//740 737//737 736//736
f 740//740 736//736 739//739
f 735//735 740//740 738//738
f 735//735 737//737 740//740
f 735//735 739//739 736//736
f 735//735 738//738 739//739
f 742//742 745//745 743//743
f 746//746 745//745 742//742
f 744//744 746//746 742//742
f 741//741 744//744 742//742
f 741//741 743//743 744//744
f 744//744 743//743 745//745
f 750//750 749//749 748//748
f 750//750 748//748 752//752
f 751//751 749//749 750//750
f 747//747 749//749 751//751
f 747//747 752//752 748//748
f 747//747 751//751 752//752
f 756//756 754//754 753//753
f 756//756 755//755 754//754
f 759//759 758//758 757//757
f 760//760 759//759 757//757
f 763//763 762//762 761//761
f 764//764 763//763 761//761
f 765//765 769//769 768//768
f 765//765 768//768 766//766
f 767//767 768//768 770//770
f 767//767 766//766 768//768
f 767//767 769//769 765//765
f 767//767 770//770 769//769
f 774//774 773//773 772//772
f 774//774 772//772 776//776
f 775//775 773//773 774//774
f 771//771 773//773 775//775
f 771//771 776//776 772//772
f 771//771 775//775 776//776
f 778//778 781//781 779//779
f 782//782 781//781 778//778
f 777//777 780//780 782//782
f 777//777 782//782 778//778
f 777//777 779//779 781//781
f 777//777 781//781 780//780
f 786//786 784//784 783//783
f 786//786 785//785 784//784
f 790//790 788//788 787//787
f 790//790 789//789 788//788
f 793//793 792//792 791//791
f 794//794 793//793 791//791
f 800//800 797//797 798//798
f 800//800 799//799 797//797
f 796//796 801//801 800//800
f 796//796 800//800 798//798
f 795//795 801//801 796//796
f 795//795 797//797 801//801
f 801//801 797//797 799//799
f 804//804 803//803 802//802
f 804//804 810//810 803//803
f 811//811 810//810 804//804
f 809//809 811//811 812//812
f 809//809 810//810 811//811
f 806//806 807//807 808//808
f 806//806 808//808 809//809
f 806//806 809//809 812//812
f 813//813 811//811 804//804
f 805//805 813//813 804//804
f 805//805 806//806 813//813
f 813//813 806//806 812//812
f 818//818 814//814 815//815
f 818//818 817//817 814//814
f 819//819 814//814 817//817
f 819//819 818//818 815//815
f 816//816 819//819 815//815
f 816//816 814//814 819//819
f 823//823 821//821 820//820
f 823//823 822//822 821//821
f 827//827 825//825 824//824
f 827//827 826//826 825//825
f 831//831 829//829 828//828
f 831//831 830//830 829//829
f 837//837 834//834 833//833
f 837//837 833//833 836//836
f 835//835 836//836 833//833
f 832//832 837//837 835//835
f 832//832 834//834 837//837
f 832//832 835//835 833//833
f 839//839 842//842 840//840
f 843//843 842//842 839//839
f 841//841 843//843 839//839
f 838//838 841//841 839//839
f 838//838 840//840 842//842
f 838//838 842//842 841//841
f 847//847 845//845 844//844
f 847//847 846//846 845//845
f 850//850 849//849 848//848
f 851//851 850//850 848//848
f 855//855 853//853 852//852
f 855//855 854//854 853//853
f 864//864 860//860 861//861
f 864//864 861//861 857//857
f 864//864 863//863 860//860
f 856//856 864//864 857//857
f 858//858 862//862 856//856
f 858//858 859//859 862//862
f 859//859 860//860 863//863
f 859//859 863//863 862//862
f 862//862 864//864 856//856
f 869//869 866//866 865//865
f 869//869 868//868 866//866
f 870//870 866//866 868//868
f 867//867 870//870 869//869
f 867//867 869//869 865//865
f 867//867 866//866 870//870
f 874//874 872//872 871//871
f 874//874 873//873 872//872
f 877//877 876//876 875//875
f 878//878 877//877 875//875
f 882//882 880//880 879//879
f 882//882 881//881 880//880
f 888//888 885//885 884//884
f 888//888 884//884 887//887
f 883//883 888//888 886//886
f 883//883 885//885 888//888
f 883//883 887//887 884//884
f 883//883 886//886 887//887
f 889//889 892//892 891//891
f 890//890 892//892 889//889
f 895//895 894//894 897//897
f 898//898 895//895 897//897
f 893//893 898//898 896//896
f 893//893 895//895 898//898
f 893//893 897//897 894//894
f 893//893 896//896 897//897
f 902//902 901//901 900//900
f 902//902 900//900 904//904
f 903//903 901//901 902//902
f 899//899 901//901 903//903
f 899//899 903//903 900//900
f 903//903 904//904 900//900
f 908//908 906//906 905//905
f 907//907 906//906 908//908
f 909//909 911//911 910//910
f 909//909 912//912 911//911
f 913//913 916//916 915//915
f 914//914 913//913 915//915
f 918//918 921//921 919//919
f 922//922 921//921 918//918
f 917//917 920//920 922//922
f 917//917 922//922 918//918
f 917//917 919//919 920//920
f 920//920 919//919 921//921
f 926//926 924//924 923//923
f 925//925 924//924 926//926
f 927//927 929//929 928//928
f 927//927 930//930 929//929
f 932//932 934//934 933//933
f 932//932 931//931 934//934
f 940//940 937//937 936//936
f 940//940 936//936 939//939
f 938//938 939//939 936//936
f 935//935 940//940 938//938
f 935//935 937//937 940//940
f 935//935 938//938 936//936
f 946//946 943//943 942//942
f 946//946 942//942 945//945
f 944//944 945//945 942//942
f 944//944 943//943 946//946
f 941//941 943//943 944//944
f 941//941 944//944 942//942
f 948//948 951//951 949//949
f 952//952 951//951 948//948
f 947//947 950//950 952//952
f 947//947 952//952 948//948
f 947//947 949//949 950//950
f 950//950 949//949 951//951
f 956//956 954//954 953//953
f 955//955 954//954 956//956
f 957//957 960//960 959//959
f 958//958 957//957 959//959
f 961//961 963//963 962//962
f 961//961 964//964 963//963
f 965//965 967//967 966//966
f 965//965 968//968 967//967
f 972//972 970//970 969//969
f 971//971 970//970 972//972
f 975//975 974//974 973//973
f 975//975 973//973 976//976
f 983//983 980//980 981//981
f 983//983 981//981 978//978
f 983//983 982//982 980//980
f 977//977 984//984 983//983
f 977//977 983//983 978//978
f 977//977 979//979 984//984
f 979//979 980//980 982//982
f 979//979 982//982 984//984
f 989//989 991//991 988//988
f 992//992 989//989 986//986
f 992//992 991//991 989//989
f 990//990 992//992 986//986
f 985//985 990//990 986//986
f 985//985 987//987 990//990
f 987//987 988//988 991//991
f 987//987 991//991 990//990
f 998//998 995//995 996//996
f 998//998 997//997 995//995
f 994//994 999//999 998//998
f 994//994 998//998 996//996
f 993//993 999//999 994//994
f 993//993 995//995 999//999
f 999//999 995//995 997//997
f 1003//1003 1001//1001 1000//1000
f 1003//1003 1002//1002 1001//1001
f 1006//1006 1005//1005 1004//1004
f 1006//1006 1004//1004 1007//1007
f 1009//1009 1011//1011 1010//1010
f 1008//1008 1011//1011 1009//1009
f 1017//1017 1014//1014 1016//1016
f 1012//1012 1014//1014 1017//1017
f 1013//1013 1015//1015 1016//1016
f 1013//1013 1016//1016 1014//1014
f 1013//1013 1012//1012 1017//1017
f 1013//1013 1017//1017 1015//1015
f 1020//1020 1019//1019 1018//1018
f 1020//1020 1018//1018 1021//1021
f 1025//1025 1023//1023 1022//1022
f 1025//1025 1024//1024 1023//1023
f 1026//1026 1028//1028 1027//1027
f 1026//1026 1029//1029 1028//1028
f 1033//1033 1032//1032 1031//1031
f 1033//1033 1031//1031 1035//1035
f 1034//1034 1032//1032 1033//1033
f 1030//1030 1032//1032 1034//1034
f 1030//1030 1035//1035 1031//1031
f 1030//1030 1034//1034 1035//1035
f 1037//1037 1039//1039 1038//1038
f 1040//1040 1039//1039 1037//1037
f 1036//1036 1041//1041 1040//1040
f 1036//1036 1040//1040 1037//1037
f 1036//1036 1038//1038 1039//1039
f 1036//1036 1039//1039 1041//1041
f 1047//1047 1044//1044 1042//1042
f 1047//1047 1046//1046 1044//1044
f 1045//1045 1047//1047 1042//1042
f 1043//1043 1045//1045 1042//1042
f 1043//1043 1044//1044 1045//1045
f 1045//1045 1044//1044 1046//1046
f 1049//1049 1051//1051 1052//1052
f 1049//1049 1050//1050 1051//1051
f 1048//1048 1053//1053 1051//1051
f 1048//1048 1051//1051 1050//1050
f 1048//1048 1049//1049 1052//1052
f 1048//1048 1052//1052 1053//1053
f 1055//1055 1057//1057 1056//1056
f 1054//1054 1057//1057 1055//1055
f 1061//1061 1059//1059 1058//1058
f 1060//1060 1059//1059 1061//1061
f 1064//1064 1063//1063 1062//1062
f 1064//1064 1062//1062 1065//1065
f 1073//1073 1067//1067 1066//1066
f 1073//1073 1066//1066 1068//1068
f 1073//1073 1072//1072 1067//1067
f 1071//1071 1073//1073 1068//1068
f 1069//1069 1071//1071 1068//1068
f 1070//1070 1071//1071 1069//1069
f 1070//1070 1067//1067 1072//1072
f 1070//1070 1072//1072 1071//1071
f 1074//1074 1076//1076 1075//1075
f 1074//1074 1077//1077 1076//1076
f 1080//1080 1079//1079 1078//1078
f 1081//1081 1080//1080 1078//1078
f 1085//1085 1083//1083 1082//1082
f 1084//1084 1083//1083 1085//1085
f 1089//1089 1087//1087 1086//1086
f 1088//1088 1087//1087 1089//1089
f 1092//1092 1091//1091 1090//1090
f 1092//1092 1090//1090 1093//1093
f 1094//1094 1096//1096 1095//1095
f 1094//1094 1097//1097 1096//1096
f 1106//1106 1098//1098 1103//1103
f 1104//1104 1099//1099 1098//1098
f 1104//1104 1100//1100 1099//1099
f 1104//1104 1098//1098 1106//1106
f 1105//1105 1100//1100 1104//1104
f 1101//1101 1100//1100 1105//1105
f 1101//1101 1105//1105 1102//1102
f 1102//1102 1105//1105 1103//1103
f 1105//1105 1106//1106 1103//1103
f 1111//1111 1107//1107 1108//1108
f 1111//1111 1110//1110 1107//1107
f 1112//1112 1107//1107 1110//1110
f 1112//1112 1111//1111 1108//1108
f 1109//1109 1112//1112 1108//1108
f 1109//1109 1107//1107 1112//1112
f 1115//1115 1114//1114 1113//1113
f 1115//1115 1113//1113 1116//1116
f 1118//1118 1120//1120 1119//1119
f 1117//1117 1120//1120 1118//1118
f 1122//1122 1124//1124 1123//1123
f 1121//1121 1124//1124 1122//1122
f 1125//1125 1127//1127 1126//1126
f 1125//1125 1128//1128 1127//1127
f 1129//1129 1131//1131 1130//1130
f 1129//1129 1132//1132 1131//1131
f 1136//1136 1134//1134 1133//1133
f 1135//1135 1134//1134 1136//1136
f 1141//1141 1139//1139 1138//1138
f 1141//1141 1140//1140 1139//1139
f 1142//1142 1139//1139 1140//1140
f 1142//1142 1141//1141 1138//1138
f 1137//1137 1142//1142 1138//1138
f 1137//1137 1139//1139 1142//1142
f 1147//1147 1145//1145 1144//1144
f 1147//1147 1146//1146 1145//1145
f 1148//1148 1145//1145 1146//1146
f 1143//1143 1148//1148 1147//1147
f 1143//1143 1147//1147 1144//1144
f 1143//1143 1145//1145 1148//1148
f 1153//1153 1151//1151 1149//1149
f 1153//1153 1152//1152 1151//1151
f 1150//1150 1154//1154 1153//1153
f 1150//1150 1153//1153 1149//1149
f 1150//1150 1151//1151 1154//1154
f 1154//1154 1151//1151 1152//1152
f 1159//1159 1157//1157 1158//1158
f 1156//1156 1157//1157 1159//1159
f 1155//1155 1160//1160 1158//1158
f 1155//1155 1158//1158 1157//1157
f 1155//1155 1156//1156 1160//1160
f 1160//1160 1156//1156 1159//1159
f 1163//1163 1162//1162 1161//1161
f 1163//1163 1161//1161 1164//1164
f 1168//1168 1166//1166 1165//1165
f 1168//1168 1167//1167 1166//1166
f 1169//1169 1171//1171 1170//1170
f 1169//1169 1172//1172 1171//1171
f 1174//1174 1176//1176 1175//1175
f 1173//1173 1176//1176 1174//1174
f 1179//1179 1178//1178 1177//1177
f 1179//1179 1177//1177 1180//1180
f 1184//1184 1182//1182 1181//1181
f 1184//1184 1183//1183 1182//1182
f 1187//1187 1186//1186 1185//1185
f 1187//1187 1185//1185 1188//1188
f 1191//1191 1190//1190 1189//1189
f 1192//1192 1191//1191 1189//1189
f 1196//1196 1194//1194 1193//1193
f 1196//1196 1195//1195 1194//1194
f 1201//1201 1198//1198 1197//1197
f 1201//1201 1200//1200 1198//1198
f 1202//1202 1198//1198 1200//1200
f 1199//1199 1202//1202 1201//1201
f 1199//1199 1201//1201 1197//1197
f 1199//1199 1198//1198 1202//1202
f 1211//1211 1203//1203 1208//1208
f 1209//1209 1204//1204 1203//1203
f 1209//1209 1205//1205 1204//1204
f 1209//1209 1203//1203 1211//1211
f 1210//1210 1205//1205 1209//1209
f 1206//1206 1205//1205 1210//1210
f 1206//1206 1210//1210 1207//1207
f 1207//1207 1211//1211 1208//1208
f 1207//1207 1210//1210 1211//1211
f 1218//1218 1214//1214 1215//1215
f 1218//1218 1215//1215 1216//1216
f 1218//1218 1217//1217 1214//1214
f 1213//1213 1219//1219 1218//1218
f 1213//1213 1218//1218 1216//1216
f 1212//1212 1219//1219 1213//1213
f 1212//1212 1214//1214 1219//1219
f 1219//1219 1214//1214 1217//1217
f 1223//1223 1221//1221 1220//1220
f 1223//1223 1222//1222 1221//1221
f 1224//1224 1226//1226 1225//1225
f 1224//1224 1227//1227 1226//1226
f 1230//1230 1229//1229 1228//1228
f 1231//1231 1230//1230 1228//1228
f 1234//1234 1233//1233 1232//1232
f 1235//1235 1234//1234 1232//1232
f 1238//1238 1237//1237 1236//1236
f 1239//1239 1238//1238 1236//1236
f 1243//1243 1241//1241 1240//1240
f 1242//1242 1241//1241 1243//1243
f 1251//1251 1245//1245 1244//1244
f 1251//1251 1244//1244 1246//1246
f 1251//1251 1250//1250 1245//1245
f 1249//1249 1251//1251 1246//1246
f 1247//1247 1249//1249 1246//1246
f 1248//1248 1249//1249 1247//1247
f 1248//1248 1245//1245 1249//1249
f 1249//1249 1245//1245 1250//1250
f 1255//1255 1253//1253 1252//1252
f 1255//1255 1254//1254 1253//1253
f 1258//1258 1257//1257 1256//1256
f 1259//1259 1258//1258 1256//1256
f 1262//1262 1261//1261 1260//1260
f 1263//1263 1262//1262 1260//1260
f 1267//1267 1265//1265 1264//1264
f 1267//1267 1266//1266 1265//1265
f 1269//1269 1271//1271 1270//1270
f 1268//1268 1271//1271 1269//1269
f 1274//1274 1273//1273 1272//1272
f 1274//1274 1272//1272 1275//1275
f 1281//1281 1278//1278 1276//1276
f 1281//1281 1280//1280 1278//1278
f 1279//1279 1281//1281 1276//1276
f 1277//1277 1279//1279 1276//1276
f 1277//1277 1278//1278 1280//1280
f 1277//1277 1280//1280 1279//1279
f 1287//1287 1284//1284 1283//1283
f 1287//1287 1283//1283 1286//1286
f 1282//1282 1287//1287 1285//1285
f 1282//1282 1284//1284 1287//1287
f 1282//1282 1286//1286 1283//1283
f 1282//1282 1285//1285 1286//1286
f 1291//1291 1290//1290 1289//1289
f 1291//1291 1289//1289 1293//1293
f 1292//1292 1290//1290 1291//1291
f 1288//1288 1290//1290 1292//1292
f 1288//1288 1292//1292 1289//1289
f 1292//1292 1293//1293 1289//1289
f 1296//1296 1295//1295 1294//1294
f 1297//1297 1296//1296 1294//1294
f 1299//1299 1301//1301 1300//1300
f 1298//1298 1301//1301 1299//1299
f 1304//1304 1303//1303 1302//1302
f 1304//1304 1302//1302 1305//1305
f 1308//1308 1307//1307 1306//1306
f 1309//1309 1308//1308 1306//1306
f 1313//1313 1311//1311 1310//1310
f 1313//1313 1312//1312 1311//1311
f 1317//1317 1315//1315 1314//1314
f 1317//1317 1316//1316 1315//1315
f 1325//1325 1321//1321 1322//1322
f 1325//1325 1322//1322 1323//1323
f 1325//1325 1324//1324 1321//1321
f 1319//1319 1325//1325 1323//1323
f 1318//1318 1326//1326 1319//1319
f 1318//1318 1320//1320 1326//1326
f 1320//1320 1321//1321 1326//1326
f 1326//1326 1321//1321 1324//1324
f 1326//1326 1325//1325 1319//1319
f 1330//1330 1329//1329 1328//1328
f 1327//1327 1330//1330 1328//1328
f 1334//1334 1332//1332 1331//1331
f 1334//1334 1333//1333 1332//1332
f 1337//1337 1336//1336 1335//1335
f 1338//1338 1337//1337 1335//1335
f 1340//1340 1342//1342 1344//1344
f 1340//1340 1344//1344 1339//1339
f 1343//1343 1339//1339 1344//1344
f 1341//1341 1339//1339 1343//1343
f 1341//1341 1343//1343 1340//1340
f 1343//1343 1342//1342 1340//1340
f 1349//1349 1347//1347 1346//1346
f 1349//1349 1348//1348 1347//1347
f 1345//1345 1350//1350 1349//1349
f 1345//1345 1349//1349 1346//1346
f 1345//1345 1347//1347 1350//1350
f 1350//1350 1347//1347 1348//1348
f 1353//1353 1352//1352 1351//1351
f 1354//1354 1353//1353 1351//1351
f 1357//1357 1356//1356 1355//1355
f 1358//1358 1357//1357 1355//1355
f 1362//1362 1361//1361 1360//1360
f 1359//1359 1362//1362 1360//1360
f 1368//1368 1365//1365 1364//1364
f 1368//1368 1364//1364 1367//1367
f 1363//1363 1368//1368 1366//1366
f 1363//1363 1365//1365 1368//1368
f 1363//1363 1366//1366 1364//1364
f 1366//1366 1367//1367 1364//1364
f 1370//1370 1373//1373 1371//1371
f 1374//1374 1373//1373 1370//1370
f 1369//1369 1372//1372 1374//1374
f 1369//1369 1374//1374 1370//1370
f 1369//1369 1371//1371 1373//1373
f 1369//1369 1373//1373 1372//1372
f 1378//1378 1376//1376 1375//1375
f 1378//1378 1377//1377 1376//1376
f 1381//1381 1380//1380 1379//1379
f 1382//1382 1381//1381 1379//1379
f 1386//1386 1384//1384 1383//1383
f 1386//1386 1385//1385 1384//1384
f 1395//1395 1387//1387 1392//1392
f 1393//1393 1388//1388 1387//1387
f 1393//1393 1389//1389 1388//1388
f 1393//1393 1387//1387 1395//1395
f 1394//1394 1389//1389 1393//1393
f 1390//1390 1389//1389 1394//1394
f 1390//1390 1394//1394 1391//1391
f 1391//1391 1395//1395 1392//1392
f 1391//1391 1394//1394 1395//1395
f 1400//1400 1396//1396 1397//1397
f 1400//1400 1399//1399 1396//1396
f 1401//1401 1396//1396 1399//1399
f 1398//1398 1401//1401 1400//1400
f 1398//1398 1400//1400 1397//1397
f 1398//1398 1396//1396 1401//1401
f 1405//1405 1403//1403 1402//1402
f 1405//1405 1404//1404 1403//1403
f 1409//1409 1407//1407 1406//1406
f 1409//1409 1408//1408 1407//1407
f 1412//1412 1411//1411 1410//1410
f 1413//1413 1412//1412 1410//1410
f 1416//1416 1415//1415 1414//1414
f 1417//1417 1416//1416 1414//1414
f 1421//1421 1419//1419 1418//1418
f 1421//1421 1420//1420 1419//1419
f 1425//1425 1423//1423 1422//1422
f 1425//1425 1424//1424 1423//1423
f 1430//1430 1427//1427 1426//1426
f 1430//1430 1429//1429 1427//1427
f 1431//1431 1427//1427 1429//1429
f 1431//1431 1430//1430 1426//1426
f 1428//1428 1431//1431 1426//1426
f 1428//1428 1427//1427 1431//1431
f 1437//1437 1435//1435 1434//1434
f 1437//1437 1436//1436 1435//1435
f 1437//1437 1434//1434 1439//1439
f 1432//1432 1437//1437 1438//1438
f 1432//1432 1436//1436 1437//1437
f 1432//1432 1438//1438 1433//1433
f 1433//1433 1439//1439 1434//1434
f 1433//1433 1438//1438 1439//1439
f 1442//1442 1441//1441 1440//1440
f 1443//1443 1442//1442 1440//1440
f 1447//1447 1445//1445 1444//1444
f 1447//1447 1446//1446 1445//1445
f 1451//1451 1449//1449 1448//1448
f 1450//1450 1449//1449 1451//1451
f 1455//1455 1454//1454 1453//1453
f 1455//1455 1453//1453 1457//1457
f 1456//1456 1454//1454 1455//1455
f 1452//1452 1454//1454 1456//1456
f 1452//1452 1456//1456 1453//1453
f 1456//1456 1457//1457 1453//1453
f 1463//1463 1460//1460 1462//1462
f 1459//1459 1460//1460 1463//1463
f 1458//1458 1461//1461 1462//1462
f 1458//1458 1462//1462 1460//1460
f 1458//1458 1459//1459 1461//1461
f 1461//1461 1459//1459 1463//1463
f 1469//1469 1466//1466 1465//1465
f 1469//1469 1465//1465 1468//1468
f 1467//1467 1468//1468 1465//1465
f 1464//1464 1469//1469 1467//1467
f 1464//1464 1466//1466 1469//1469
f 1464//1464 1467//1467 1465//1465
f 1473//1473 1471//1471 1470//1470
f 1473//1473 1472//1472 1471//1471
f 1474//1474 1476//1476 1475//1475
f 1474//1474 1477//1477 1476//1476
f 1480//1480 1479//1479 1478//1478
f 1480//1480 1478//1478 1481//1481
f 1484//1484 1486//1486 1485//1485
f 1483//1483 1484//1484 1482//1482
f 1483//1483 1486//1486 1484//1484
f 1489//1489 1488//1488 1492//1492
f 1490//1490 1489//1489 1492//1492
f 1491//1491 1489//1489 1490//1490
f 1487//1487 1489//1489 1491//1491
f 1487//1487 1491//1491 1488//1488
f 1491//1491 1492//1492 1488//1488
f 1496//1496 1495//1495 1494//1494
f 1496//1496 1494//1494 1498//1498
f 1497//1497 1495//1495 1496//1496
f 1493//1493 1495//1495 1497//1497
f 1493//1493 1498//1498 1494//1494
f 1493//1493 1497//1497 1498//1498
f 1504//1504 1501//1501 1500//1500
f 1504//1504 1500//1500 1503//1503
f 1502//1502 1503//1503 1500//1500
f 1502//1502 1501//1501 1504//1504
f 1499//1499 1501//1501 1502//1502
f 1499//1499 1502//1502 1500//1500
f 1510//1510 1507//1507 1506//1506
f 1510//1510 1506//1506 1509//1509
f 1505//1505 1510//1510 1508//1508
f 1505//1505 1507//1507 1510//1510
f 1505//1505 1508//1508 1506//1506
f 1508//1508 1509//1509 1506//1506
f 1512//1512 1514//1514 1513//1513
f 1512//1512 1511//1511 1514//1514
f 1517//1517 1516//1516 1515//1515
f 1517//1517 1515//1515 1518//1518
f 1520//1520 1522//1522 1521//1521
f 1520//1520 1519//1519 1522//1522
f 1528//1528 1525//1525 1524//1524
f 1528//1528 1524//1524 1527//1527
f 1523//1523 1528//1528 1526//1526
f 1523//1523 1525//1525 1528//1528
f 1523//1523 1526//1526 1524//1524
f 1526//1526 1527//1527 1524//1524
f 1531//1531 1530//1530 1534//1534
f 1532//1532 1531//1531 1534//1534
f 1533//1533 1531//1531 1532//1532
f 1529//1529 1531//1531 1533//1533
f 1529//1529 1533//1533 1530//1530
f 1533//1533 1534//1534 1530//1530
f 1537//1537 1536//1536 1539//1539
f 1540//1540 1537//1537 1539//1539
f 1535//1535 1540//1540 1538//1538
f 1535//1535 1537//1537 1540//1540
f 1535//1535 1538//1538 1536//1536
f 1538//1538 1539//1539 1536//1536
f 1545//1545 1544//1544 1542//1542
f 1541//1541 1545//1545 1542//1542
f 1543//1543 1544//1544 1546//1546
f 1543//1543 1542//1542 1544//1544
f 1543//1543 1546//1546 1541//1541
f 1546//1546 1545//1545 1541//1541
f 1550//1550 1549//1549 1548//1548
f 1550//1550 1548//1548 1552//1552
f 1551//1551 1549//1549 1550//1550
f 1547//1547 1549//1549 1551//1551
f 1547//1547 1551//1551 1548//1548
f 1551//1551 1552//1552 1548//1548
f 1554//1554 1557//1557 1555//1555
f 1558//1558 1557//1557 1554//1554
f 1553//1553 1556//1556 1558//1558
f 1553//1553 1558//1558 1554//1554
f 1553//1553 1555//1555 1556//1556
f 1556//1556 1555//1555 1557//1557
f 1566//1566 1563//1563 1564//1564
f 1566//1566 1564//1564 1559//1559
f 1566//1566 1565//1565 1563//1563
f 1560//1560 1566//1566 1559//1559
f 1561//1561 1567//1567 1560//1560
f 1561//1561 1562//1562 1567//1567
f 1562//1562 1563//1563 1567//1567
f 1567//1567 1563//1563 1565//1565
f 1567//1567 1566//1566 1560//1560
f 1568//1568 1570//1570 1569//1569
f 1568//1568 1571//1571 1570//1570
f 1572//1572 1575//1575 1574//1574
f 1573//1573 1572//1572 1574//1574
f 1577//1577 1579//1579 1578//1578
f 1577//1577 1576//1576 1579//1579
f 1584//1584 1581//1581 1580//1580
f 1584//1584 1583//1583 1581//1581
f 1585//1585 1581//1581 1583//1583
f 1582//1582 1585//1585 1584//1584
f 1582//1582 1584//1584 1580//1580
f 1582//1582 1581//1581 1585//1585
f 1586//1586 1589//1589 1588//1588
f 1587//1587 1586//1586 1588//1588
f 1590//1590 1593//1593 1592//1592
f 1591//1591 1590//1590 1592//1592
f 1595//1595 1597//1597 1596//1596
f 1595//1595 1594//1594 1597//1597
f 1603//1603 1600//1600 1599//1599
f 1603//1603 1599//1599 1602//1602
f 1601//1601 1602//1602 1599//1599
f 1598//1598 1603//1603 1601//1601
f 1598//1598 1600//1600 1603//1603
f 1598//1598 1601//1601 1599//1599
f 1605//1605 1608//1608 1606//1606
f 1609//1609 1608//1608 1605//1605
f 1604//1604 1607//1607 1609//1609
f 1604//1604 1609//1609 1605//1605
f 1604//1604 1606//1606 1608//1608
f 1604//1604 1608//1608 1607//1607
f 1611//1611 1613//1613 1612//1612
f 1610//1610 1613//1613 1611//1611
f 1617//1617 1615//1615 1614//1614
f 1616//1616 1615//1615 1617//1617
f 1618//1618 1621//1621 1620//1620
f 1619//1619 1618//1618 1620//1620
f 1622//1622 1624//1624 1623//1623
f 1622//1622 1625//1625 1624//1624
f 1627//1627 1629//1629 1628//1628
f 1626//1626 1629//1629 1627//1627
f 1633//1633 1631//1631 1630//1630
f 1632//1632 1631//1631 1633//1633
f 1638//1638 1635//1635 1634//1634
f 1638//1638 1637//1637 1635//1635
f 1639//1639 1635//1635 1637//1637
f 1639//1639 1638//1638 1634//1634
f 1636//1636 1639//1639 1634//1634
f 1636//1636 1635//1635 1639//1639
f 1646//1646 1640//1640 1641//1641
f 1646//1646 1641//1641 1642//1642
f 1646//1646 1645//1645 1640//1640
f 1644//1644 1646//1646 1642//1642
f 1643//1643 1644//1644 1642//1642
f 1643//1643 1640//1640 1645//1645
f 1643//1643 1645//1645 1644//1644
f 1653//1653 1650//1650 1651//1651
f 1653//1653 1651//1651 1652//1652
f 1656//1656 1650//1650 1653//1653
f 1649//1649 1656//1656 1657//1657
f 1649//1649 1650//1650 1656//1656
f 1655//1655 1648//1648 1647//1647
f 1655//1655 1647//1647 1649//1649
f 1655//1655 1649//1649 1657//1657
f 1658//1658 1656//1656 1653//1653
f 1654//1654 1658//1658 1653//1653
f 1654//1654 1655//1655 1658//1658
f 1658//1658 1655//1655 1657//1657
f 1665//1665 1661//1661 1662//1662
f 1665//1665 1662//1662 1663//1663
f 1665//1665 1664//1664 1661//1661
f 1660//1660 1666//1666 1665//1665
f 1660//1660 1665//1665 1663//1663
f 1659//1659 1666//1666 1660//1660
f 1659//1659 1661//1661 1666//1666
f 1666//1666 1661//1661 1664//1664
f 1670//1670 1668//1668 1667//1667
f 1670//1670 1669//1669 1668//1668
f 1671//1671 1673//1673 1672//1672
f 1671//1671 1674//1674 1673//1673
f 1678//1678 1676//1676 1675//1675
f 1677//1677 1676//1676 1678//1678
f 1684//1684 1681//1681 1680//1680
f 1684//1684 1680//1680 1683//1683
f 1679//1679 1684//1684 1682//1682
f 1679//1679 1681//1681 1684//1684
f 1679//1679 1682//1682 1680//1680
f 1682//1682 1683//1683 1680//1680
f 1687//1687 1686//1686 1685//1685
f 1687//1687 1685//1685 1688//1688
f 1690//1690 1692//1692 1691//1691
f 1689//1689 1692//1692 1690//1690
f 1696//1696 1694//1694 1693//1693
f 1695//1695 1694//1694 1696//1696
f 1701//1701 1699//1699 1697//1697
f 1701//1701 1700//1700 1699//1699
f 1698//1698 1702//1702 1701//1701
f 1698//1698 1701//1701 1697//1697
f 1698//1698 1699//1699 1702//1702
f 1702//1702 1699//1699 1700//1700
f 1705//1705 1703//1703 1708//1708
f 1706//1706 1705//1705 1708//1708
f 1707//1707 1705//1705 1706//1706
f 1704//1704 1705//1705 1707//1707
f 1704//1704 1708//1708 1703//1703
f 1704//1704 1707//1707 1708//1708
f 1712//1712 1710//1710 1709//1709
f 1711//1711 1710//1710 1712//1712
f 1714//1714 1716//1716 1715//1715
f 1713//1713 1716//1716 1714//1714
f 1717//1717 1719//1719 1718//1718
f 1717//1717 1720//1720 1719//1719
f 1722//1722 1724//1724 1723//1723
f 1721//1721 1724//1724 1722//1722
f 1725//1725 1727//1727 1726//1726
f 1725//1725 1728//1728 1727//1727
f 1731//1731 1730//1730 1729//1729
f 1731//1731 1729//1729 1732//1732
f 1734//1734 1737//1737 1736//1736
f 1734//1734 1736//1736 1733//1733
f 1735//1735 1736//1736 1738//1738
f 1735//1735 1733//1733 1736//1736
f 1735//1735 1738//1738 1734//1734
f 1738//1738 1737//1737 1734//1734
f 1745//1745 1741//1741 1742//1742
f 1745//1745 1742//1742 1743//1743
f 1745//1745 1744//1744 1741//1741
f 1739//1739 1746//1746 1745//1745
f 1739//1739 1745//1745 1743//1743
f 1740//1740 1746//1746 1739//1739
f 1740//1740 1741//1741 1746//1746
f 1746//1746 1741//1741 1744//1744
f 1755//1755 1747//1747 1752//1752
f 1753//1753 1748//1748 1747//1747
f 1753//1753 1749//1749 1748//1748
f 1753//1753 1747//1747 1755//1755
f 1750//1750 1753//1753 1754//1754
f 1750//1750 1749//1749 1753//1753
f 1750//1750 1754//1754 1751//1751
f 1751//1751 1754//1754 1752//1752
f 1754//1754 1755//1755 1752//1752
f 1763//1763 1756//1756 1757//1757
f 1763//1763 1757//1757 1758//1758
f 1763//1763 1762//1762 1756//1756
f 1761//1761 1763//1763 1758//1758
f 1759//1759 1761//1761 1758//1758
f 1760//1760 1761//1761 1759//1759
f 1760//1760 1756//1756 1762//1762
f 1760//1760 1762//1762 1761//1761
f 1766//1766 1765//1765 1769//1769
f 1767//1767 1766//1766 1769//1769
f 1768//1768 1766//1766 1767//1767
f 1764//1764 1766//1766 1768//1768
f 1764//1764 1768//1768 1765//1765
f 1768//1768 1769//1769 1765//1765
f 1771//1771 1773//1773 1772//1772
f 1770//1770 1773//1773 1771//1771
f 1777//1777 1775//1775 1774//1774
f 1776//1776 1775//1775 1777//1777
f 1778//1778 1780//1780 1779//1779
f 1778//1778 1781//1781 1780//1780
f 1786//1786 1784//1784 1783//1783
f 1786//1786 1785//1785 1784//1784
f 1787//1787 1784//1784 1785//1785
f 1787//1787 1786//1786 1783//1783
f 1782//1782 1787//1787 1783//1783
f 1782//1782 1784//1784 1787//1787
f 1792//1792 1790//1790 1789//1789
f 1792//1792 1791//1791 1790//1790
f 1793//1793 1790//1790 1791//1791
f 1788//1788 1793//1793 1792//1792
f 1788//1788 1792//1792 1789//1789
f 1788//1788 1790//1790 1793//1793
f 1796//1796 1795//1795 1799//1799
f 1797//1797 1796//1796 1799//1799
f 1798//1798 1796//1796 1797//1797
f 1794//1794 1796//1796 1798//1798
f 1794//1794 1799//1799 1795//1795
f 1794//1794 1798//1798 1799//1799
f 1800//1800 1802//1802 1801//1801
f 1800//1800 1803//1803 1802//1802
f 1805//1805 1807//1807 1806//1806
f 1804//1804 1807//1807 1805//1805
f 1810//1810 1809//1809 1808//1808
f 1810//1810 1808//1808 1811//1811
f 1812//1812 1814//1814 1813//1813
f 1812//1812 1815//1815 1814//1814
f 1816//1816 1818//1818 1817//1817
f 1816//1816 1819//1819 1818//1818
f 1823//1823 1821//1821 1820//1820
f 1822//1822 1821//1821 1823//1823
f 1827//1827 1825//1825 1824//1824
f 1827//1827 1826//1826 1825//1825
f 1828//1828 1830//1830 1829//1829
f 1828//1828 1831//1831 1830//1830
f 1834//1834 1833//1833 1832//1832
f 1835//1835 1834//1834 1832//1832
f 1841//1841 1838//1838 1836//1836
f 1841//1841 1836//1836 1840//1840
f 1837//1837 1841//1841 1839//1839
f 1837//1837 1838//1838 1841//1841
f 1837//1837 1840//1840 1836//1836
f 1837//1837 1839//1839 1840//1840
f 1848//1848 1844//1844 1845//1845
f 1848//1848 1845//1845 1846//1846
f 1848//1848 1847//1847 1844//1844
f 1842//1842 1849//1849 1848//1848
f 1842//1842 1848//1848 1846//1846
f 1843//1843 1849//1849 1842//1842
f 1843//1843 1844//1844 1847//1847
f 1843//1843 1847//1847 1849//1849
f 1858//1858 1850//1850 1855//1855
f 1856//1856 1851//1851 1850//1850
f 1856//1856 1852//1852 1851//1851
f 1856//1856 1850//1850 1858//1858
f 1853//1853 1856//1856 1857//1857
f 1853//1853 1852//1852 1856//1856
f 1853//1853 1857//1857 1854//1854
f 1854//1854 1858//1858 1855//1855
f 1854//1854 1857//1857 1858//1858
f 1866//1866 1859//1859 1860//1860
f 1866//1866 1860//1860 1861//1861
f 1866//1866 1865//1865 1859//1859
f 1864//1864 1866//1866 1861//1861
f 1862//1862 1864//1864 1861//1861
f 1863//1863 1864//1864 1862//1862
f 1863//1863 1859//1859 1865//1865
f 1863//1863 1865//1865 1864//1864
f 1868//1868 1871//1871 1870//1870
f 1868//1868 1870//1870 1867//1867
f 1869//1869 1870//1870 1872//1872
f 1869//1869 1867//1867 1870//1870
f 1869//1869 1872//1872 1868//1868
f 1872//1872 1871//1871 1868//1868
f 1879//1879 1875//1875 1876//1876
f 1879//1879 1876//1876 1877//1877
f 1879//1879 1878//1878 1875//1875
f 1873//1873 1880//1880 1879//1879
f 1873//1873 1879//1879 1877//1877
f 1874//1874 1880//1880 1873//1873
f 1874//1874 1875//1875 1880//1880
f 1880//1880 1875//1875 1878//1878
f 1883//1883 1882//1882 1886//1886
f 1884//1884 1883//1883 1886//1886
f 1885//1885 1883//1883 1884//1884
f 1881//1881 1883//1883 1885//1885
f 1881//1881 1886//1886 1882//1882
f 1881//1881 1885//1885 1886//1886
f 1887//1887 1889//1889 1888//1888
f 1887//1887 1890//1890 1889//1889
f 1894//1894 1892//1892 1891//1891
f 1893//1893 1892//1892 1894//1894
f 1895//1895 1897//1897 1896//1896
f 1895//1895 1898//1898 1897//1897
f 1903//1903 1901//1901 1899//1899
f 1903//1903 1902//1902 1901//1901
f 1900//1900 1904//1904 1903//1903
f 1900//1900 1903//1903 1899//1899
f 1900//1900 1901//1901 1904//1904
f 1904//1904 1901//1901 1902//1902
f 1906//1906 1909//1909 1907//1907
f 1910//1910 1909//1909 1906//1906
f 1908//1908 1910//1910 1906//1906
f 1905//1905 1908//1908 1906//1906
f 1905//1905 1907//1907 1908//1908
f 1908//1908 1907//1907 1909//1909
f 1916//1916 1913//1913 1912//1912
f 1916//1916 1912//1912 1915//1915
f 1911//1911 1916//1916 1914//1914
f 1911//1911 1913//1913 1916//1916
f 1911//1911 1915//1915 1912//1912
f 1911//1911 1914//1914 1915//1915
f 1918//1918 1921//1921 1919//1919
f 1922//1922 1921//1921 1918//1918
f 1920//1920 1922//1922 1918//1918
f 1917//1917 1920//1920 1918//1918
f 1917//1917 1919//1919 1921//1921
f 1917//1917 1921//1921 1920//1920
f 1923//1923 1926//1926 1925//1925
f 1924//1924 1923//1923 1925//1925
f 1930//1930 1928//1928 1927//1927
f 1929//1929 1928//1928 1930//1930
f 1932//1932 1934//1934 1933//1933
f 1931//1931 1934//1934 1932//1932
f 1936//1936 1938//1938 1937//1937
f 1935//1935 1938//1938 1936//1936
f 1939//1939 1942//1942 1941//1941
f 1940//1940 1939//1939 1941//1941
f 1946//1946 1944//1944 1943//1943
f 1945//1945 1944//1944 1946//1946
f 1952//1952 1949//1949 1951//1951
f 1947//1947 1949//1949 1952//1952
f 1948//1948 1950//1950 1951//1951
f 1948//1948 1951//1951 1949//1949
f 1948//1948 1947//1947 1950//1950
f 1950//1950 1947//1947 1952//1952
f 1959//1959 1953//1953 1954//1954
f 1959//1959 1954//1954 1955//1955
f 1959//1959 1958//1958 1953//1953
f 1957//1957 1959//1959 1955//1955
f 1956//1956 1957//1957 1955//1955
f 1956//1956 1953//1953 1957//1957
f 1957//1957 1953//1953 1958//1958
f 1966//1966 1963//1963 1964//1964
f 1966//1966 1964//1964 1961//1961
f 1966//1966 1965//1965 1963//1963
f 1960//1960 1967//1967 1966//1966
f 1960//1960 1966//1966 1961//1961
f 1960//1960 1962//1962 1967//1967
f 1962//1962 1963//1963 1967//1967
f 1967//1967 1963//1963 1965//1965
f 1971//1971 1969//1969 1968//1968
f 1971//1971 1970//1970 1969//1969
f 1974//1974 1973//1973 1972//1972
f 1975//1975 1974//1974 1972//1972
f 1978//1978 1977//1977 1976//1976
f 1978//1978 1976//1976 1979//1979
f 1981//1981 1983//1983 1984//1984
f 1981//1981 1982//1982 1983//1983
f 1980//1980 1985//1985 1983//1983
f 1980//1980 1983//1983 1982//1982
f 1980//1980 1981//1981 1985//1985
f 1985//1985 1981//1981 1984//1984
f 1987//1987 1989//1989 1988//1988
f 1986//1986 1989//1989 1987//1987
f 1993//1993 1991//1991 1990//1990
f 1992//1992 1991//1991 1993//1993
f 1994//1994 1996//1996 1995//1995
f 1994//1994 1997//1997 1996//1996
f 2005//2005 1998//1998 1999//1999
f 2005//2005 1999//1999 2000//2000
f 2005//2005 2004//2004 1998//1998
f 2003//2003 2005//2005 2000//2000
f 2001//2001 2003//2003 2000//2000
f 2002//2002 2003//2003 2001//2001
f 2002//2002 1998//1998 2003//2003
f 2003//2003 1998//1998 2004//2004
f 2009//2009 2007//2007 2006//2006
f 2009//2009 2008//2008 2007//2007
f 2010//2010 2012//2012 2011//2011
f 2013//2013 2012//2012 2010//2010
f 2017//2017 2015//2015 2014//2014
f 2016//2016 2015//2015 2017//2017
f 2020//2020 2019//2019 2018//2018
f 2021//2021 2020//2020 2018//2018
f 2024//2024 2023//2023 2022//2022
f 2025//2025 2024//2024 2022//2022
f 2029//2029 2027//2027 2026//2026
f 2029//2029 2028//2028 2027//2027
f 2038//2038 2030//2030 2035//2035
f 2036//2036 2031//2031 2030//2030
f 2036//2036 2032//2032 2031//2031
f 2036//2036 2030//2030 2038//2038
f 2033//2033 2036//2036 2037//2037
f 2033//2033 2032//2032 2036//2036
f 2033//2033 2037//2037 2034//2034
f 2034//2034 2037//2037 2035//2035
f 2037//2037 2038//2038 2035//2035
f 2043//2043 2040//2040 2039//2039
f 2043//2043 2042//2042 2040//2040
f 2044//2044 2040//2040 2042//2042
f 2044//2044 2043//2043 2039//2039
f 2041//2041 2044//2044 2039//2039
f 2041//2041 2040//2040 2044//2044
f 2053//2053 2045//2045 2050//2050
f 2051//2051 2046//2046 2045//2045
f 2051//2051 2047//2047 2046//2046
f 2051//2051 2045//2045 2053//2053
f 2048//2048 2051//2051 2052//2052
f 2048//2048 2047//2047 2051//2051
f 2048//2048 2052//2052 2049//2049
f 2049//2049 2053//2053 2050//2050
f 2049//2049 2052//2052 2053//2053
f 2060//2060 2056//2056 2057//2057
f 2060//2060 2057//2057 2058//2058
f 2060//2060 2059//2059 2056//2056
f 2055//2055 2061//2061 2060//2060
f 2055//2055 2060//2060 2058//2058
f 2054//2054 2061//2061 2055//2055
f 2054//2054 2056//2056 2061//2061
f 2061//2061 2056//2056 2059//2059
f 2065//2065 2063//2063 2062//2062
f 2065//2065 2064//2064 2063//2063
f 2068//2068 2067//2067 2066//2066
f 2069//2069 2068//2068 2066//2066
f 2070//2070 2072//2072 2071//2071
f 2070//2070 2073//2073 2072//2072
f 2077//2077 2075//2075 2074//2074
f 2076//2076 2075//2075 2077//2077
f 2079//2079 2081//2081 2080//2080
f 2078//2078 2081//2081 2079//2079
f 2083//2083 2085//2085 2084//2084
f 2082//2082 2085//2085 2083//2083
f 2086//2086 2089//2089 2088//2088
f 2087//2087 2086//2086 2088//2088
f 2093//2093 2091//2091 2090//2090
f 2092//2092 2091//2091 2093//2093
f 2095//2095 2097//2097 2096//2096
f 2094//2094 2097//2097 2095//2095
f 2103//2103 2100//2100 2099//2099
f 2103//2103 2099//2099 2102//2102
f 2101//2101 2102//2102 2099//2099
f 2098//2098 2103//2103 2101//2101
f 2098//2098 2100//2100 2103//2103
f 2098//2098 2101//2101 2099//2099
f 2109//2109 2106//2106 2105//2105
f 2109//2109 2105//2105 2108//2108
f 2107//2107 2108//2108 2105//2105
f 2104//2104 2109//2109 2107//2107
f 2104//2104 2106//2106 2109//2109
f 2104//2104 2107//2107 2105//2105
f 2114//2114 2116//2116 2113//2113
f 2117//2117 2114//2114 2111//2111
f 2117//2117 2116//2116 2114//2114
f 2115//2115 2117//2117 2111//2111
f 2110//2110 2115//2115 2111//2111
f 2110//2110 2112//2112 2115//2115
f 2112//2112 2113//2113 2116//2116
f 2112//2112 2116//2116 2115//2115
f 2120//2120 2122//2122 2121//2121
f 2119//2119 2122//2122 2120//2120
f 2118//2118 2119//2119 2120//2120
f 2124//2124 2125//2125 2123//2123
f 2124//2124 2126//2126 2125//2125
f 2130//2130 2128//2128 2127//2127
f 2129//2129 2128//2128 2130//2130
f 2131//2131 2133//2133 2132//2132
f 2131//2131 2134//2134 2133//2133
f 2137//2137 2136//2136 2135//2135
f 2137//2137 2135//2135 2138//2138
f 2139//2139 2141//2141 2140//2140
f 2139//2139 2142//2142 2141//2141
f 2145//2145 2144//2144 2143//2143
f 2145//2145 2143//2143 2146//2146
f 2150//2150 2148//2148 2147//2147
f 2149//2149 2148//2148 2150//2150
f 2152//2152 2155//2155 2153//2153
f 2156//2156 2155//2155 2152//2152
f 2151//2151 2154//2154 2156//2156
f 2151//2151 2156//2156 2152//2152
f 2151//2151 2153//2153 2155//2155
f 2151//2151 2155//2155 2154//2154
f 2162//2162 2159//2159 2158//2158
f 2162//2162 2158//2158 2161//2161
f 2157//2157 2162//2162 2160//2160
f 2157//2157 2159//2159 2162//2162
f 2157//2157 2161//2161 2158//2158
f 2157//2157 2160//2160 2161//2161
f 2166//2166 2165//2165 2164//2164
f 2166//2166 2164//2164 2168//2168
f 2167//2167 2165//2165 2166//2166
f 2163//2163 2165//2165 2167//2167
f 2163//2163 2167//2167 2164//2164
f 2167//2167 2168//2168 2164//2164
f 2172//2172 2171//2171 2170//2170
f 2172//2172 2170//2170 2174//2174
f 2173//2173 2171//2171 2172//2172
f 2169//2169 2171//2171 2173//2173
f 2169//2169 2173//2173 2170//2170
f 2173//2173 2174//2174 2170//2170
f 2175//2175 2177//2177 2176//2176
f 2175//2175 2178//2178 2177//2177
f 2181//2181 2180//2180 2179//2179
f 2181//2181 2179//2179 2182//2182
f 2186//2186 2184//2184 2183//2183
f 2185//2185 2184//2184 2186//2186
f 2187//2187 2190//2190 2189//2189
f 2188//2188 2190//2190 2187//2187
f 2191//2191 2195//2195 2194//2194
f 2191//2191 2194//2194 2192//2192
f 2193//2193 2194//2194 2196//2196
f 2193//2193 2192//2192 2194//2194
f 2193//2193 2196//2196 2191//2191
f 2196//2196 2195//2195 2191//2191
f 2199//2199 2198//2198 2202//2202
f 2200//2200 2199//2199 2202//2202
f 2201//2201 2199//2199 2200//2200
f 2197//2197 2199//2199 2201//2201
f 2197//2197 2201//2201 2198//2198
f 2201//2201 2202//2202 2198//2198
f 2205//2205 2204//2204 2207//2207
f 2208//2208 2205//2205 2207//2207
f 2203//2203 2208//2208 2206//2206
f 2203//2203 2205//2205 2208//2208
f 2203//2203 2206//2206 2204//2204
f 2206//2206 2207//2207 2204//2204
f 2214//2214 2211//2211 2210//2210
f 2214//2214 2210//2210 2213//2213
f 2212//2212 2213//2213 2210//2210
f 2212//2212 2211//2211 2214//2214
f 2209//2209 2211//2211 2212//2212
f 2209//2209 2212//2212 2210//2210
f 2220//2220 2217//2217 2216//2216
f 2220//2220 2216//2216 2219//2219
f 2218//2218 2219//2219 2216//2216
f 2218//2218 2217//2217 2220//2220
f 2215//2215 2217//2217 2218//2218
f 2215//2215 2218//2218 2216//2216
f 2224//2224 2223//2223 2222//2222
f 2224//2224 2222//2222 2226//2226
f 2225//2225 2223//2223 2224//2224
f 2221//2221 2223//2223 2225//2225
f 2221//2221 2225//2225 2222//2222
f 2225//2225 2226//2226 2222//2222
f 2227//2227 2230//2230 2229//2229
f 2228//2228 2227//2227 2229//2229
f 2232//2232 2234//2234 2233//2233
f 2232//2232 2231//2231 2234//2234
f 2236//2236 2238//2238 2237//2237
f 2236//2236 2235//2235 2238//2238
f 2243//2243 2239//2239 2240//2240
f 2242//2242 2241//2241 2239//2239
f 2242//2242 2239//2239 2243//2243
f 2245//2245 2247//2247 2246//2246
f 2245//2245 2244//2244 2247//2247
f 2249//2249 2251//2251 2250//2250
f 2249//2249 2248//2248 2251//2251
f 2252//2252 2255//2255 2254//2254
f 2253//2253 2252//2252 2254//2254
f 2256//2256 2259//2259 2258//2258
f 2257//2257 2256//2256 2258//2258
f 2261//2261 2263//2263 2262//2262
f 2261//2261 2260//2260 2263//2263
f 2264//2264 2267//2267 2266//2266
f 2265//2265 2264//2264 2266//2266
f 2271//2271 2273//2273 2268//2268
f 2269//2269 2271//2271 2268//2268
f 2272//2272 2268//2268 2273//2273
f 2270//2270 2268//2268 2272//2272
f 2270//2270 2271//2271 2269//2269
f 2270//2270 2272//2272 2271//2271
f 2274//2274 2277//2277 2276//2276
f 2275//2275 2274//2274 2276//2276
f 2278//2278 2281//2281 2280//2280
f 2279//2279 2278//2278 2280//2280
f 2283//2283 2285//2285 2284//2284
f 2283//2283 2282//2282 2285//2285
f 2291//2291 2288//2288 2287//2287
f 2291//2291 2287//2287 2290//2290
f 2286//2286 2291//2291 2289//2289
f 2286//2286 2288//2288 2291//2291
f 2286//2286 2289//2289 2287//2287
f 2289//2289 2290//2290 2287//2287
f 2297//2297 2294//2294 2296//2296
f 2292//2292 2294//2294 2297//2297
f 2293//2293 2295//2295 2296//2296
f 2293//2293 2296//2296 2294//2294
f 2293//2293 2292//2292 2297//2297
f 2293//2293 2297//2297 2295//2295
f 2298//2298 2301//2301 2300//2300
f 2299//2299 2298//2298 2300//2300
f 2303//2303 2305//2305 2304//2304
f 2303//2303 2302//2302 2305//2305
f 2307//2307 2309//2309 2308//2308
f 2307//2307 2306//2306 2309//2309
f 2315//2315 2312//2312 2311//2311
f 2315//2315 2311//2311 2314//2314
f 2310//2310 2315//2315 2313//2313
f 2310//2310 2312//2312 2315//2315
f 2310//2310 2313//2313 2311//2311
f 2313//2313 2314//2314 2311//2311
f 2317//2317 2320//2320 2318//2318
f 2321//2321 2320//2320 2317//2317
f 2316//2316 2319//2319 2321//2321
f 2316//2316 2321//2321 2317//2317
f 2316//2316 2318//2318 2320//2320
f 2316//2316 2320//2320 2319//2319
f 2323//2323 2325//2325 2324//2324
f 2323//2323 2322//2322 2325//2325
f 2326//2326 2329//2329 2328//2328
f 2327//2327 2326//2326 2328//2328
f 2330//2330 2333//2333 2332//2332
f 2331//2331 2330//2330 2332//2332
f 2339//2339 2337//2337 2336//2336
f 2339//2339 2338//2338 2337//2337
f 2339//2339 2336//2336 2341//2341
f 2340//2340 2338//2338 2339//2339
f 2334//2334 2338//2338 2340//2340
f 2334//2334 2340//2340 2335//2335
f 2335//2335 2340//2340 2336//2336
f 2340//2340 2341//2341 2336//2336
f 2346//2346 2342//2342 2343//2343
f 2346//2346 2345//2345 2342//2342
f 2347//2347 2342//2342 2345//2345
f 2344//2344 2347//2347 2346//2346
f 2344//2344 2346//2346 2343//2343
f 2344//2344 2342//2342 2347//2347
f 2349//2349 2351//2351 2350//2350
f 2348//2348 2351//2351 2349//2349
f 2353//2353 2355//2355 2354//2354
f 2353//2353 2352//2352 2355//2355
f 2358//2358 2357//2357 2356//2356
f 2358//2358 2356//2356 2359//2359
f 2362//2362 2361//2361 2360//2360
f 2362//2362 2360//2360 2363//2363
f 2364//2364 2366//2366 2365//2365
f 2364//2364 2367//2367 2366//2366
f 2371//2371 2369//2369 2368//2368
f 2370//2370 2369//2369 2371//2371
f 2376//2376 2373//2373 2372//2372
f 2376//2376 2375//2375 2373//2373
f 2377//2377 2373//2373 2375//2375
f 2374//2374 2377//2377 2376//2376
f 2374//2374 2376//2376 2372//2372
f 2374//2374 2373//2373 2377//2377
f 2386//2386 2378//2378 2383//2383
f 2384//2384 2379//2379 2378//2378
f 2384//2384 2380//2380 2379//2379
f 2384//2384 2378//2378 2386//2386
f 2385//2385 2380//2380 2384//2384
f 2381//2381 2380//2380 2385//2385
f 2381//2381 2385//2385 2382//2382
f 2382//2382 2385//2385 2383//2383
f 2385//2385 2386//2386 2383//2383
f 2394//2394 2387//2387 2388//2388
f 2394//2394 2388//2388 2389//2389
f 2394//2394 2393//2393 2387//2387
f 2392//2392 2394//2394 2389//2389
f 2390//2390 2392//2392 2389//2389
f 2391//2391 2392//2392 2390//2390
f 2391//2391 2387//2387 2393//2393
f 2391//2391 2393//2393 2392//2392
f 2395//2395 2397//2397 2396//2396
f 2395//2395 2398//2398 2397//2397
f 2402//2402 2400//2400 2399//2399
f 2401//2401 2400//2400 2402//2402
f 2403//2403 2405//2405 2404//2404
f 2403//2403 2406//2406 2405//2405
f 2410//2410 2409//2409 2408//2408
f 2410//2410 2408//2408 2412//2412
f 2411//2411 2409//2409 2410//2410
f 2407//2407 2409//2409 2411//2411
f 2407//2407 2411//2411 2408//2408
f 2411//2411 2412//2412 2408//2408
f 2413//2413 2417//2417 2415//2415
f 2418//2418 2417//2417 2413//2413
f 2416//2416 2418//2418 2413//2413
f 2414//2414 2416//2416 2413//2413
f 2414//2414 2415//2415 2416//2416
f 2416//2416 2415//2415 2417//2417
f 2424//2424 2421//2421 2420//2420
f 2424//2424 2420//2420 2423//2423
f 2419//2419 2424//2424 2422//2422
f 2419//2419 2421//2421 2424//2424
f 2419//2419 2423//2423 2420//2420
f 2419//2419 2422//2422 2423//2423
f 2425//2425 2427//2427 2426//2426
f 2425//2425 2428//2428 2427//2427
f 2432//2432 2430//2430 2429//2429
f 2431//2431 2430//2430 2432//2432
f 2434//2434 2436//2436 2435//2435
f 2433//2433 2436//2436 2434//2434
f 2442//2442 2439//2439 2438//2438
f 2442//2442 2441//2441 2439//2439
f 2440//2440 2442//2442 2438//2438
f 2437//2437 2440//2440 2438//2438
f 2437//2437 2439//2439 2440//2440
f 2440//2440 2439//2439 2441//2441
f 2447//2447 2445//2445 2443//2443
f 2447//2447 2446//2446 2445//2445
f 2444//2444 2448//2448 2447//2447
f 2444//2444 2447//2447 2443//2443
f 2444//2444 2445//2445 2446//2446
f 2444//2444 2446//2446 2448//2448
f 2453//2453 2451//2451 2450//2450
f 2453//2453 2452//2452 2451//2451
f 2449//2449 2454//2454 2453//2453
f 2449//2449 2453//2453 2450//2450
f 2449//2449 2451//2451 2454//2454
f 2454//2454 2451//2451 2452//2452
f 2457//2457 2455//2455 2460//2460
f 2458//2458 2457//2457 2460//2460
f 2456//2456 2458//2458 2459//2459
f 2456//2456 2457//2457 2458//2458
f 2456//2456 2460//2460 2455//2455
f 2456//2456 2459//2459 2460//2460
f 2464//2464 2462//2462 2461//2461
f 2463//2463 2462//2462 2464//2464
f 2465//2465 2467//2467 2466//2466
f 2465//2465 2468//2468 2467//2467
f 2469//2469 2471//2471 2470//2470
f 2469//2469 2472//2472 2471//2471
f 2478//2478 2477//2477 2476//2476
f 2478//2478 2474//2474 2477//2477
f 2478//2478 2476//2476 2480//2480
f 2479//2479 2474//2474 2478//2478
f 2473//2473 2474//2474 2479//2479
f 2475//2475 2473//2473 2479//2479
f 2475//2475 2479//2479 2476//2476
f 2479//2479 2480//2480 2476//2476
f 2486//2486 2484//2484 2483//2483
f 2486//2486 2485//2485 2484//2484
f 2495//2495 2486//2486 2483//2483
f 2493//2493 2495//2495 2483//2483
f 2481//2481 2493//2493 2483//2483
f 2492//2492 2481//2481 2482//2482
f 2491//2491 2493//2493 2481//2481
f 2491//2491 2481//2481 2492//2492
f 2494//2494 2486//2486 2495//2495
f 2487//2487 2486//2486 2494//2494
f 2490//2490 2488//2488 2487//2487
f 2490//2490 2489//2489 2488//2488
f 2490//2490 2487//2487 2494//2494
f 2490//2490 2494//2494 2491//2491
f 2494//2494 2493//2493 2491//2491
f 2501//2501 2497//2497 2496//2496
f 2501//2501 2496//2496 2500//2500
f 2499//2499 2500//2500 2496//2496
f 2499//2499 2497//2497 2501//2501
f 2498//2498 2497//2497 2499//2499
f 2498//2498 2499//2499 2496//2496
f 2505//2505 2503//2503 2502//2502
f 2504//2504 2503//2503 2505//2505
f 2509//2509 2507//2507 2506//2506
f 2508//2508 2507//2507 2509//2509
f 2511//2511 2513//2513 2512//2512
f 2510//2510 2513//2513 2511//2511
f 2518//2518 2516//2516 2515//2515
f 2518//2518 2517//2517 2516//2516
f 2519//2519 2516//2516 2517//2517
f 2519//2519 2518//2518 2515//2515
f 2514//2514 2519//2519 2515//2515
f 2514//2514 2516//2516 2519//2519
f 2522//2522 2520//2520 2525//2525
f 2523//2523 2522//2522 2525//2525
f 2524//2524 2522//2522 2523//2523
f 2521//2521 2522//2522 2524//2524
f 2521//2521 2525//2525 2520//2520
f 2521//2521 2524//2524 2525//2525
f 2529//2529 2527//2527 2526//2526
f 2528//2528 2527//2527 2529//2529
f 2530//2530 2532//2532 2531//2531
f 2530//2530 2533//2533 2532//2532
f 2536//2536 2535//2535 2534//2534
f 2536//2536 2534//2534 2537//2537
f 2540//2540 2539//2539 2538//2538
f 2540//2540 2538//2538 2541//2541
f 2544//2544 2543//2543 2542//2542
f 2544//2544 2542//2542 2545//2545
f 2546//2546 2548//2548 2547//2547
f 2546//2546 2549//2549 2548//2548
f 2555//2555 2550//2550 2551//2551
f 2555//2555 2551//2551 2554//2554
f 2553//2553 2554//2554 2551//2551
f 2553//2553 2550//2550 2555//2555
f 2552//2552 2550//2550 2553//2553
f 2552//2552 2553//2553 2551//2551
f 2563//2563 2557//2557 2556//2556
f 2563//2563 2558//2558 2557//2557
f 2563//2563 2556//2556 2562//2562
f 2559//2559 2563//2563 2561//2561
f 2559//2559 2558//2558 2563//2563
f 2560//2560 2559//2559 2561//2561
f 2560//2560 2561//2561 2556//2556
f 2561//2561 2562//2562 2556//2556
f 2573//2573 2571//2571 2570//2570
f 2573//2573 2572//2572 2571//2571
f 2578//2578 2573//2573 2570//2570
f 2576//2576 2578//2578 2570//2570
f 2569//2569 2576//2576 2570//2570
f 2567//2567 2569//2569 2568//2568
f 2566//2566 2576//2576 2569//2569
f 2566//2566 2569//2569 2567//2567
f 2577//2577 2573//2573 2578//2578
f 2574//2574 2573//2573 2577//2577
f 2565//2565 2575//2575 2574//2574
f 2565//2565 2564//2564 2575//2575
f 2565//2565 2574//2574 2577//2577
f 2565//2565 2577//2577 2566//2566
f 2577//2577 2576//2576 2566//2566
f 2584//2584 2583//2583 2582//2582
f 2584//2584 2580//2580 2583//2583
f 2584//2584 2582//2582 2586//2586
f 2585//2585 2580//2580 2584//2584
f 2579//2579 2580//2580 2585//2585
f 2581//2581 2579//2579 2585//2585
f 2581//2581 2585//2585 2582//2582
f 2585//2585 2586//2586 2582//2582
f 2590//2590 2588//2588 2587//2587
f 2589//2589 2588//2588 2590//2590
f 2591//2591 2593//2593 2592//2592
f 2591//2591 2594//2594 2593//2593
f 2598//2598 2596//2596 2595//2595
f 2597//2597 2596//2596 2598//2598
f 2604//2604 2601//2601 2599//2599
f 2604//2604 2603//2603 2601//2601
f 2602//2602 2604//2604 2599//2599
f 2600//2600 2602//2602 2599//2599
f 2600//2600 2601//2601 2603//2603
f 2600//2600 2603//2603 2602//2602
f 2607//2607 2606//2606 2605//2605
f 2607//2607 2605//2605 2608//2608
f 2609//2609 2611//2611 2610//2610
f 2609//2609 2612//2612 2611//2611
f 2614//2614 2616//2616 2615//2615
f 2613//2613 2616//2616 2614//2614
f 2620//2620 2619//2619 2618//2618
f 2620//2620 2618//2618 2622//2622
f 2621//2621 2619//2619 2620//2620
f 2617//2617 2619//2619 2621//2621
f 2617//2617 2622//2622 2618//2618
f 2617//2617 2621//2621 2622//2622
f 2624//2624 2627//2627 2625//2625
f 2628//2628 2627//2627 2624//2624
f 2623//2623 2626//2626 2628//2628
f 2623//2623 2628//2628 2624//2624
f 2623//2623 2625//2625 2627//2627
f 2623//2623 2627//2627 2626//2626
f 2631//2631 2630//2630 2629//2629
f 2631//2631 2629//2629 2632//2632
f 2633//2633 2636//2636 2635//2635
f 2634//2634 2633//2633 2635//2635
f 2637//2637 2639//2639 2638//2638
f 2637//2637 2640//2640 2639//2639
f 2642//2642 2644//2644 2643//2643
f 2642//2642 2641//2641 2644//2644
f 2646//2646 2648//2648 2647//2647
f 2645//2645 2648//2648 2646//2646
f 2651//2651 2650//2650 2649//2649
f 2651//2651 2649//2649 2652//2652
f 2658//2658 2655//2655 2656//2656
f 2658//2658 2657//2657 2655//2655
f 2654//2654 2659//2659 2658//2658
f 2654//2654 2658//2658 2656//2656
f 2653//2653 2659//2659 2654//2654
f 2653//2653 2655//2655 2659//2659
f 2659//2659 2655//2655 2657//2657
f 2667//2667 2661//2661 2660//2660
f 2667//2667 2660//2660 2662//2662
f 2667//2667 2666//2666 2661//2661
f 2665//2665 2667//2667 2662//2662
f 2663//2663 2665//2665 2662//2662
f 2664//2664 2665//2665 2663//2663
f 2664//2664 2661//2661 2665//2665
f 2665//2665 2661//2661 2666//2666
f 2668//2668 2676//2676 2669//2669
f 2670//2670 2676//2676 2668//2668
f 2677//2677 2676//2676 2670//2670
f 2675//2675 2677//2677 2678//2678
f 2675//2675 2676//2676 2677//2677
f 2672//2672 2673//2673 2674//2674
f 2672//2672 2674//2674 2675//2675
f 2672//2672 2675//2675 2678//2678
f 2679//2679 2677//2677 2670//2670
f 2671//2671 2679//2679 2670//2670
f 2671//2671 2672//2672 2679//2679
f 2679//2679 2672//2672 2678//2678
f 2682//2682 2681//2681 2680//2680
f 2682//2682 2680//2680 2683//2683
f 2687//2687 2685//2685 2684//2684
f 2686//2686 2685//2685 2687//2687
f 2688//2688 2690//2690 2689//2689
f 2688//2688 2691//2691 2690//2690
f 2697//2697 2694//2694 2692//2692
f 2697//2697 2692//2692 2696//2696
f 2693//2693 2697//2697 2695//2695
f 2693//2693 2694//2694 2697//2697
f 2693//2693 2696//2696 2692//2692
f 2693//2693 2695//2695 2696//2696
f 2704//2704 2700//2700 2701//2701
f 2704//2704 2701//2701 2702//2702
f 2704//2704 2703//2703 2700//2700
f 2698//2698 2705//2705 2704//2704
f 2698//2698 2704//2704 2702//2702
f 2699//2699 2705//2705 2698//2698
f 2699//2699 2700//2700 2705//2705
f 2705//2705 2700//2700 2703//2703
f 2714//2714 2706//2706 2711//2711
f 2712//2712 2707//2707 2706//2706
f 2712//2712 2708//2708 2707//2707
f 2712//2712 2706//2706 2714//2714
f 2709//2709 2712//2712 2713//2713
f 2709//2709 2708//2708 2712//2712
f 2709//2709 2713//2713 2710//2710
f 2710//2710 2713//2713 2711//2711
f 2713//2713 2714//2714 2711//2711
f 2722//2722 2715//2715 2716//2716
f 2722//2722 2716//2716 2717//2717
f 2722//2722 2721//2721 2715//2715
f 2720//2720 2722//2722 2717//2717
f 2718//2718 2720//2720 2717//2717
f 2719//2719 2720//2720 2718//2718
f 2719//2719 2715//2715 2720//2720
f 2720//2720 2715//2715 2721//2721
f 2724//2724 2727//2727 2726//2726
f 2724//2724 2726//2726 2723//2723
f 2725//2725 2726//2726 2728//2728
f 2725//2725 2723//2723 2726//2726
f 2725//2725 2728//2728 2724//2724
f 2728//2728 2727//2727 2724//2724
f 2733//2733 2729//2729 2730//2730
f 2733//2733 2732//2732 2729//2729
f 2734//2734 2729//2729 2732//2732
f 2734//2734 2733//2733 2730//2730
f 2731//2731 2734//2734 2730//2730
f 2731//2731 2729//2729 2734//2734
f 2737//2737 2736//2736 2735//2735
f 2737//2737 2735//2735 2738//2738
f 2740//2740 2742//2742 2741//2741
f 2740//2740 2739//2739 2742//2742
f 2743//2743 2745//2745 2744//2744
f 2743//2743 2746//2746 2745//2745
f 2752//2752 2749//2749 2748//2748
f 2752//2752 2748//2748 2751//2751
f 2750//2750 2751//2751 2748//2748
f 2747//2747 2752//2752 2750//2750
f 2747//2747 2749//2749 2752//2752
f 2747//2747 2750//2750 2748//2748
f 2754//2754 2757//2757 2755//2755
f 2758//2758 2757//2757 2754//2754
f 2753//2753 2756//2756 2758//2758
f 2753//2753 2758//2758 2754//2754
f 2753//2753 2755//2755 2757//2757
f 2753//2753 2757//2757 2756//2756
f 2760//2760 2762//2762 2761//2761
f 2760//2760 2759//2759 2762//2762
f 2763//2763 2765//2765 2764//2764
f 2763//2763 2766//2766 2765//2765
f 2769//2769 2768//2768 2767//2767
f 2769//2769 2767//2767 2770//2770
f 2779//2779 2775//2775 2776//2776
f 2779//2779 2776//2776 2772//2772
f 2779//2779 2778//2778 2775//2775
f 2771//2771 2779//2779 2772//2772
f 2773//2773 2777//2777 2771//2771
f 2773//2773 2774//2774 2777//2777
f 2774//2774 2775//2775 2777//2777
f 2777//2777 2775//2775 2778//2778
f 2777//2777 2779//2779 2771//2771
f 2784//2784 2781//2781 2780//2780
f 2784//2784 2783//2783 2781//2781
f 2785//2785 2781//2781 2783//2783
f 2785//2785 2784//2784 2780//2780
f 2782//2782 2785//2785 2780//2780
f 2782//2782 2781//2781 2785//2785
f 2788//2788 2787//2787 2786//2786
f 2788//2788 2786//2786 2789//2789
f 2790//2790 2793//2793 2792//2792
f 2791//2791 2790//2790 2792//2792
f 2795//2795 2797//2797 2796//2796
f 2795//2795 2794//2794 2797//2797
f 2803//2803 2800//2800 2799//2799
f 2803//2803 2799//2799 2802//2802
f 2798//2798 2803//2803 2801//2801
f 2798//2798 2800//2800 2803//2803
f 2798//2798 2801//2801 2799//2799
f 2801//2801 2802//2802 2799//2799
f 2809//2809 2806//2806 2805//2805
f 2809//2809 2805//2805 2808//2808
f 2804//2804 2809//2809 2807//2807
f 2804//2804 2806//2806 2809//2809
f 2804//2804 2808//2808 2805//2805
f 2804//2804 2807//2807 2808//2808
f 2812//2812 2810//2810 2811//2811
f 2813//2813 2812//2812 2811//2811
f 2815//2815 2817//2817 2816//2816
f 2815//2815 2814//2814 2817//2817
f 2818//2818 2821//2821 2820//2820
f 2819//2819 2818//2818 2820//2820
f 2823//2823 2825//2825 2824//2824
f 2823//2823 2822//2822 2825//2825
f 2826//2826 2829//2829 2828//2828
f 2827//2827 2826//2826 2828//2828
f 2830//2830 2833//2833 2832//2832
f 2831//2831 2830//2830 2832//2832
f 2835//2835 2837//2837 2836//2836
f 2835//2835 2834//2834 2837//2837
f 2839//2839 2842//2842 2840//2840
f 2843//2843 2842//2842 2839//2839
f 2841//2841 2843//2843 2839//2839
f 2838//2838 2841//2841 2839//2839
f 2838//2838 2840//2840 2841//2841
f 2841//2841 2840//2840 2842//2842
f 2847//2847 2846//2846 2845//2845
f 2847//2847 2845//2845 2849//2849
f 2848//2848 2846//2846 2847//2847
f 2844//2844 2846//2846 2848//2848
f 2844//2844 2848//2848 2845//2845
f 2848//2848 2849//2849 2845//2845
f 2852//2852 2851//2851 2850//2850
f 2852//2852 2850//2850 2853//2853
f 2855//2855 2857//2857 2856//2856
f 2854//2854 2857//2857 2855//2855
f 2858//2858 2861//2861 2860//2860
f 2859//2859 2858//2858 2860//2860
f 2864//2864 2863//2863 2862//2862
f 2864//2864 2862//2862 2865//2865
f 2867//2867 2869//2869 2868//2868
f 2867//2867 2866//2866 2869//2869
f 2870//2870 2872//2872 2871//2871
f 2870//2870 2873//2873 2872//2872
f 2881//2881 2877//2877 2878//2878
f 2881//2881 2878//2878 2879//2879
f 2881//2881 2880//2880 2877//2877
f 2875//2875 2881//2881 2879//2879
f 2874//2874 2882//2882 2875//2875
f 2874//2874 2876//2876 2882//2882
f 2876//2876 2877//2877 2882//2882
f 2882//2882 2877//2877 2880//2880
f 2882//2882 2881//2881 2875//2875
f 2887//2887 2886//2886 2885//2885
f 2884//2884 2885//2885 2883//2883
f 2884//2884 2887//2887 2885//2885
f 2889//2889 2891//2891 2890//2890
f 2888//2888 2891//2891 2889//2889
f 2893//2893 2895//2895 2894//2894
f 2893//2893 2892//2892 2895//2895
f 2898//2898 2897//2897 2896//2896
f 2898//2898 2896//2896 2899//2899
f 2904//2904 2903//2903 2902//2902
f 2901//2901 2902//2902 2900//2900
f 2901//2901 2904//2904 2902//2902
f 2906//2906 2908//2908 2907//2907
f 2906//2906 2905//2905 2908//2908
f 2910//2910 2912//2912 2911//2911
f 2909//2909 2912//2912 2910//2910
f 2913//2913 2916//2916 2915//2915
f 2914//2914 2913//2913 2915//2915
f 2920//2920 2922//2922 2917//2917
f 2918//2918 2920//2920 2917//2917
f 2921//2921 2917//2917 2922//2922
f 2919//2919 2917//2917 2921//2921
f 2919//2919 2920//2920 2918//2918
f 2919//2919 2921//2921 2920//2920
f 2924//2924 2926//2926 2925//2925
f 2924//2924 2923//2923 2926//2926
f 2927//2927 2930//2930 2929//2929
f 2928//2928 2927//2927 2929//2929
f 2932//2932 2934//2934 2933//2933
f 2932//2932 2931//2931 2934//2934
f 2940//2940 2937//2937 2936//2936
f 2940//2940 2936//2936 2939//2939
f 2938//2938 2939//2939 2936//2936
f 2935//2935 2940//2940 2938//2938
f 2935//2935 2937//2937 2940//2940
f 2935//2935 2938//2938 2936//2936
f 2946//2946 2943//2943 2942//2942
f 2946//2946 2942//2942 2945//2945
f 2944//2944 2945//2945 2942//2942
f 2941//2941 2946//2946 2944//2944
f 2941//2941 2943//2943 2946//2946
f 2941//2941 2944//2944 2942//2942
f 2948//2948 2951//2951 2949//2949
f 2952//2952 2951//2951 2948//2948
f 2947//2947 2950//2950 2952//2952
f 2947//2947 2952//2952 2948//2948
f 2947//2947 2949//2949 2951//2951
f 2947//2947 2951//2951 2950//2950
f 2954//2954 2956//2956 2955//2955
f 2954//2954 2953//2953 2956//2956
f 2957//2957 2960//2960 2959//2959
f 2958//2958 2957//2957 2959//2959
f 2961//2961 2964//2964 2963//2963
f 2962//2962 2961//2961 2963//2963
f 2965//2965 2968//2968 2967//2967
f 2966//2966 2965//2965 2967//2967
f 2970//2970 2972//2972 2971//2971
f 2970//2970 2969//2969 2972//2972
f 2973//2973 2976//2976 2975//2975
f 2974//2974 2973//2973 2975//2975
f 2983//2983 2980//2980 2981//2981
f 2983//2983 2981//2981 2978//2978
f 2983//2983 2982//2982 2980//2980
f 2977//2977 2984//2984 2983//2983
f 2977//2977 2983//2983 2978//2978
f 2977//2977 2979//2979 2984//2984
f 2979//2979 2980//2980 2984//2984
f 2984//2984 2980//2980 2982//2982
f 2986//2986 2991//2991 2989//2989
f 2992//2992 2986//2986 2985//2985
f 2992//2992 2991//2991 2986//2986
f 2990//2990 2992//2992 2985//2985
f 2987//2987 2990//2990 2985//2985
f 2987//2987 2988//2988 2990//2990
f 2988//2988 2989//2989 2991//2991
f 2988//2988 2991//2991 2990//2990
f 2998//2998 2995//2995 2996//2996
f 2998//2998 2997//2997 2995//2995
f 2993//2993 2999//2999 2998//2998
f 2993//2993 2998//2998 2996//2996
f 2994//2994 2999//2999 2993//2993
f 2994//2994 2995//2995 2999//2999
f 2999//2999 2995//2995 2997//2997
f 3001//3001 3003//3003 3002//3002
f 3001//3001 3000//3000 3003//3003
f 3004//3004 3007//3007 3006//3006
f 3005//3005 3004//3004 3006//3006
f 3008//3008 3011//3011 3010//3010
f 3009//3009 3008//3008 3010//3010
f 3013//3013 3016//3016 3017//3017
f 3013//3013 3014//3014 3016//3016
f 3012//3012 3015//3015 3016//3016
f 3012//3012 3016//3016 3014//3014
f 3012//3012 3013//3013 3017//3017
f 3012//3012 3017//3017 3015//3015
f 3018//3018 3021//3021 3020//3020
f 3019//3019 3018//3018 3020//3020
f 3023//3023 3025//3025 3024//3024
f 3023//3023 3022//3022 3025//3025
f 3026//3026 3029//3029 3028//3028
f 3027//3027 3026//3026 3028//3028
f 3033//3033 3032//3032 3031//3031
f 3033//3033 3031//3031 3035//3035
f 3034//3034 3032//3032 3033//3033
f 3030//3030 3032//3032 3034//3034
f 3030//3030 3034//3034 3031//3031
f 3034//3034 3035//3035 3031//3031
f 3040//3040 3038//3038 3039//3039
f 3037//3037 3038//3038 3040//3040
f 3036//3036 3041//3041 3039//3039
f 3036//3036 3039//3039 3038//3038
f 3036//3036 3037//3037 3041//3041
f 3041//3041 3037//3037 3040//3040
f 3042//3042 3045//3045 3044//3044
f 3043//3043 3042//3042 3044//3044
f 3048//3048 3047//3047 3046//3046
f 3048//3048 3046//3046 3049//3049
f 3050//3050 3053//3053 3052//3052
f 3051//3051 3050//3050 3052//3052
f 3061//3061 3055//3055 3054//3054
f 3061//3061 3054//3054 3056//3056
f 3061//3061 3060//3060 3055//3055
f 3059//3059 3061//3061 3056//3056
f 3057//3057 3059//3059 3056//3056
f 3058//3058 3059//3059 3057//3057
f 3058//3058 3055//3055 3059//3059
f 3059//3059 3055//3055 3060//3060
f 3063//3063 3065//3065 3064//3064
f 3062//3062 3065//3065 3063//3063
f 3066//3066 3069//3069 3068//3068
f 3067//3067 3066//3066 3068//3068
f 3070//3070 3073//3073 3072//3072
f 3071//3071 3070//3070 3072//3072
f 3076//3076 3075//3075 3074//3074
f 3076//3076 3074//3074 3077//3077
f 3078//3078 3081//3081 3080//3080
f 3079//3079 3078//3078 3080//3080
f 3083//3083 3085//3085 3084//3084
f 3083//3083 3082//3082 3085//3085
f 3094//3094 3086//3086 3091//3091
f 3092//3092 3087//3087 3086//3086
f 3092//3092 3088//3088 3087//3087
f 3092//3092 3086//3086 3094//3094
f 3093//3093 3088//3088 3092//3092
f 3089//3089 3088//3088 3093//3093
f 3089//3089 3093//3093 3090//3090
f 3090//3090 3093//3093 3091//3091
f 3093//3093 3094//3094 3091//3091
f 3099//3099 3095//3095 3096//3096
f 3099//3099 3098//3098 3095//3095
f 3100//3100 3095//3095 3098//3098
f 3097//3097 3100//3100 3099//3099
f 3097//3097 3099//3099 3096//3096
f 3097//3097 3095//3095 3100//3100
f 3109//3109 3101//3101 3106//3106
f 3107//3107 3102//3102 3101//3101
f 3107//3107 3103//3103 3102//3102
f 3107//3107 3101//3101 3109//3109
f 3104//3104 3107//3107 3108//3108
f 3104//3104 3103//3103 3107//3107
f 3104//3104 3108//3108 3105//3105
f 3105//3105 3108//3108 3106//3106
f 3108//3108 3109//3109 3106//3106
f 3116//3116 3112//3112 3113//3113
f 3116//3116 3113//3113 3114//3114
f 3116//3116 3115//3115 3112//3112
f 3111//3111 3117//3117 3116//3116
f 3111//3111 3116//3116 3114//3114
f 3110//3110 3117//3117 3111//3111
f 3110//3110 3112//3112 3115//3115
f 3110//3110 3115//3115 3117//3117
f 3121//3121 3119//3119 3118//3118
f 3120//3120 3119//3119 3121//3121
f 3122//3122 3124//3124 3123//3123
f 3122//3122 3125//3125 3124//3124
f 3128//3128 3126//3126 3129//3129
f 3127//3127 3126//3126 3128//3128
f 3131//3131 3133//3133 3132//3132
f 3131//3131 3130//3130 3133//3133
f 3136//3136 3135//3135 3134//3134
f 3136//3136 3134//3134 3137//3137
f 3138//3138 3140//3140 3139//3139
f 3138//3138 3141//3141 3140//3140
f 3149//3149 3143//3143 3142//3142
f 3149//3149 3144//3144 3143//3143
f 3149//3149 3142//3142 3148//3148
f 3145//3145 3149//3149 3147//3147
f 3145//3145 3144//3144 3149//3149
f 3146//3146 3145//3145 3147//3147
f 3146//3146 3147//3147 3142//3142
f 3147//3147 3148//3148 3142//3142
f 3153//3153 3151//3151 3150//3150
f 3152//3152 3151//3151 3153//3153
f 3155//3155 3157//3157 3156//3156
f 3154//3154 3157//3157 3155//3155
f 3160//3160 3159//3159 3158//3158
f 3160//3160 3158//3158 3161//3161
f 3162//3162 3164//3164 3163//3163
f 3162//3162 3165//3165 3164//3164
f 3167//3167 3169//3169 3168//3168
f 3167//3167 3166//3166 3169//3169
f 3173//3173 3171//3171 3170//3170
f 3172//3172 3171//3171 3173//3173
f 3179//3179 3176//3176 3175//3175
f 3179//3179 3175//3175 3178//3178
f 3174//3174 3179//3179 3177//3177
f 3174//3174 3176//3176 3179//3179
f 3174//3174 3177//3177 3175//3175
f 3177//3177 3178//3178 3175//3175
f 3180//3180 3184//3184 3182//3182
f 3185//3185 3184//3184 3180//3180
f 3183//3183 3185//3185 3180//3180
f 3181//3181 3183//3183 3180//3180
f 3181//3181 3182//3182 3184//3184
f 3181//3181 3184//3184 3183//3183
f 3188//3188 3187//3187 3186//3186
f 3188//3188 3186//3186 3189//3189
f 3192//3192 3191//3191 3190//3190
f 3192//3192 3190//3190 3193//3193
f 3195//3195 3197//3197 3196//3196
f 3194//3194 3197//3197 3195//3195
f 3203//3203 3200//3200 3199//3199
f 3203//3203 3202//3202 3200//3200
f 3201//3201 3203//3203 3199//3199
f 3198//3198 3201//3201 3199//3199
f 3198//3198 3200//3200 3201//3201
f 3201//3201 3200//3200 3202//3202
f 3206//3206 3204//3204 3209//3209
f 3207//3207 3206//3206 3209//3209
f 3205//3205 3207//3207 3208//3208
f 3205//3205 3206//3206 3207//3207
f 3205//3205 3209//3209 3204//3204
f 3205//3205 3208//3208 3209//3209
f 3211//3211 3213//3213 3212//3212
f 3210//3210 3213//3213 3211//3211
f 3215//3215 3217//3217 3216//3216
f 3214//3214 3217//3217 3215//3215
f 3221//3221 3219//3219 3218//3218
f 3220//3220 3219//3219 3221//3221
f 3229//3229 3223//3223 3222//3222
f 3230//3230 3222//3222 3224//3224
f 3230//3230 3224//3224 3225//3225
f 3230//3230 3229//3229 3222//3222
f 3226//3226 3228//3228 3230//3230
f 3226//3226 3230//3230 3225//3225
f 3226//3226 3227//3227 3228//3228
f 3227//3227 3223//3223 3229//3229
f 3227//3227 3229//3229 3228//3228
f 3236//3236 3232//3232 3231//3231
f 3236//3236 3231//3231 3235//3235
f 3234//3234 3235//3235 3231//3231
f 3233//3233 3236//3236 3234//3234
f 3233//3233 3232//3232 3236//3236
f 3233//3233 3234//3234 3231//3231
f 3240//3240 3238//3238 3237//3237
f 3239//3239 3238//3238 3240//3240
f 3242//3242 3244//3244 3243//3243
f 3241//3241 3244//3244 3242//3242
f 3245//3245 3247//3247 3246//3246
f 3245//3245 3248//3248 3247//3247
f 3250//3250 3252//3252 3251//3251
f 3249//3249 3252//3252 3250//3250
f 3255//3255 3254//3254 3253//3253
f 3255//3255 3253//3253 3256//3256
f 3257//3257 3259//3259 3258//3258
f 3257//3257 3260//3260 3259//3259
f 3266//3266 3261//3261 3262//3262
f 3266//3266 3262//3262 3265//3265
f 3264//3264 3265//3265 3262//3262
f 3264//3264 3261//3261 3266//3266
f 3263//3263 3261//3261 3264//3264
f 3263//3263 3264//3264 3262//3262
f 3274//3274 3268//3268 3267//3267
f 3275//3275 3267//3267 3269//3269
f 3275//3275 3269//3269 3270//3270
f 3275//3275 3274//3274 3267//3267
f 3273//3273 3275//3275 3270//3270
f 3271//3271 3273//3273 3270//3270
f 3271//3271 3272//3272 3273//3273
f 3272//3272 3268//3268 3273//3273
f 3273//3273 3268//3268 3274//3274
f 3283//3283 3276//3276 3277//3277
f 3283//3283 3278//3278 3276//3276
f 3283//3283 3277//3277 3282//3282
f 3279//3279 3283//3283 3281//3281
f 3279//3279 3278//3278 3283//3283
f 3280//3280 3279//3279 3281//3281
f 3280//3280 3281//3281 3277//3277
f 3281//3281 3282//3282 3277//3277
f 3284//3284 3286//3286 3285//3285
f 3284//3284 3287//3287 3286//3286
f 3291//3291 3289//3289 3288//3288
f 3290//3290 3289//3289 3291//3291
f 3294//3294 3293//3293 3292//3292
f 3294//3294 3292//3292 3295//3295
f 3300//3300 3298//3298 3297//3297
f 3300//3300 3299//3299 3298//3298
f 3296//3296 3301//3301 3300//3300
f 3296//3296 3300//3300 3297//3297
f 3296//3296 3298//3298 3299//3299
f 3296//3296 3299//3299 3301//3301
f 3302//3302 3305//3305 3304//3304
f 3306//3306 3305//3305 3302//3302
f 3303//3303 3307//3307 3306//3306
f 3303//3303 3306//3306 3302//3302
f 3303//3303 3304//3304 3307//3307
f 3307//3307 3304//3304 3305//3305
f 3310//3310 3309//3309 3313//3313
f 3311//3311 3310//3310 3313//3313
f 3312//3312 3310//3310 3311//3311
f 3308//3308 3310//3310 3312//3312
f 3308//3308 3312//3312 3309//3309
f 3312//3312 3313//3313 3309//3309
f 3314//3314 3316//3316 3315//3315
f 3314//3314 3317//3317 3316//3316
f 3321//3321 3319//3319 3318//3318
f 3320//3320 3319//3319 3321//3321
f 3324//3324 3323//3323 3322//3322
f 3324//3324 3322//3322 3325//3325
f 3331//3331 3328//3328 3327//3327
f 3331//3331 3327//3327 3330//3330
f 3326//3326 3331//3331 3329//3329
f 3326//3326 3328//3328 3331//3331
f 3326//3326 3330//3330 3327//3327
f 3326//3326 3329//3329 3330//3330
f 3333//3333 3336//3336 3334//3334
f 3337//3337 3336//3336 3333//3333
f 3332//3332 3335//3335 3337//3337
f 3332//3332 3337//3337 3333//3333
f 3332//3332 3334//3334 3336//3336
f 3332//3332 3336//3336 3335//3335
f 3339//3339 3341//3341 3340//3340
f 3338//3338 3341//3341 3339//3339
f 3342//3342 3345//3345 3344//3344
f 3343//3343 3342//3342 3344//3344
f 3349//3349 3347//3347 3346//3346
f 3348//3348 3347//3347 3349//3349
f 3356//3356 3352//3352 3353//3353
f 3356//3356 3353//3353 3354//3354
f 3356//3356 3355//3355 3352//3352
f 3351//3351 3357//3357 3356//3356
f 3351//3351 3356//3356 3354//3354
f 3350//3350 3357//3357 3351//3351
f 3350//3350 3352//3352 3357//3357
f 3357//3357 3352//3352 3355//3355
f 3366//3366 3358//3358 3363//3363
f 3364//3364 3359//3359 3358//3358
f 3364//3364 3360//3360 3359//3359
f 3364//3364 3358//3358 3366//3366
f 3365//3365 3360//3360 3364//3364
f 3361//3361 3360//3360 3365//3365
f 3361//3361 3365//3365 3362//3362
f 3362//3362 3366//3366 3363//3363
f 3362//3362 3365//3365 3366//3366
f 3367//3367 3378//3378 3377//3377
f 3367//3367 3368//3368 3378//3378
f 3381//3381 3367//3367 3377//3377
f 3379//3379 3381//3381 3377//3377
f 3376//3376 3379//3379 3377//3377
f 3373//3373 3375//3375 3374//3374
f 3373//3373 3376//3376 3375//3375
f 3373//3373 3379//3379 3376//3376
f 3380//3380 3367//3367 3381//3381
f 3369//3369 3367//3367 3380//3380
f 3371//3371 3370//3370 3369//3369
f 3372//3372 3369//3369 3380//3380
f 3372//3372 3371//3371 3369//3369
f 3372//3372 3379//3379 3373//3373
f 3372//3372 3380//3380 3379//3379
f 3386//3386 3382//3382 3383//3383
f 3386//3386 3385//3385 3382//3382
f 3387//3387 3382//3382 3385//3385
f 3387//3387 3386//3386 3383//3383
f 3384//3384 3387//3387 3383//3383
f 3384//3384 3382//3382 3387//3387
f 3391//3391 3389//3389 3388//3388
f 3390//3390 3389//3389 3391//3391
f 3393//3393 3395//3395 3394//3394
f 3392//3392 3395//3395 3393//3393
f 3396//3396 3399//3399 3398//3398
f 3397//3397 3396//3396 3398//3398
f 3400//3400 3403//3403 3402//3402
f 3401//3401 3400//3400 3402//3402
f 3406//3406 3405//3405 3404//3404
f 3406//3406 3404//3404 3407//3407
f 3408//3408 3410//3410 3409//3409
f 3408//3408 3411//3411 3410//3410
f 3416//3416 3413//3413 3412//3412
f 3416//3416 3415//3415 3413//3413
f 3417//3417 3413//3413 3415//3415
f 3417//3417 3416//3416 3412//3412
f 3414//3414 3417//3417 3412//3412
f 3414//3414 3413//3413 3417//3417
f 3423//3423 3421//3421 3420//3420
f 3423//3423 3422//3422 3421//3421
f 3423//3423 3420//3420 3425//3425
f 3418//3418 3423//3423 3424//3424
f 3418//3418 3422//3422 3423//3423
f 3418//3418 3424//3424 3419//3419
f 3419//3419 3424//3424 3420//3420
f 3424//3424 3425//3425 3420//3420
f 3426//3426 3429//3429 3428//3428
f 3427//3427 3426//3426 3428//3428
f 3431//3431 3433//3433 3432//3432
f 3430//3430 3433//3433 3431//3431
f 3436//3436 3435//3435 3434//3434
f 3436//3436 3434//3434 3437//3437
f 3441//3441 3440//3440 3439//3439
f 3441//3441 3439//3439 3443//3443
f 3442//3442 3440//3440 3441//3441
f 3438//3438 3440//3440 3442//3442
f 3438//3438 3443//3443 3439//3439
f 3438//3438 3442//3442 3443//3443
f 3445//3445 3448//3448 3449//3449
f 3445//3445 3446//3446 3448//3448
f 3444//3444 3447//3447 3448//3448
f 3444//3444 3448//3448 3446//3446
f 3444//3444 3445//3445 3447//3447
f 3447//3447 3445//3445 3449//3449
f 3455//3455 3452//3452 3451//3451
f 3455//3455 3451//3451 3454//3454
f 3450//3450 3455//3455 3453//3453
f 3450//3450 3452//3452 3455//3455
f 3450//3450 3454//3454 3451//3451
f 3450//3450 3453//3453 3454//3454
f 3457//3457 3460//3460 3458//3458
f 3461//3461 3460//3460 3457//3457
f 3459//3459 3461//3461 3457//3457
f 3456//3456 3459//3459 3457//3457
f 3456//3456 3458//3458 3459//3459
f 3459//3459 3458//3458 3460//3460
f 3463//3463 3465//3465 3464//3464
f 3463//3463 3462//3462 3465//3465
f 3467//3467 3469//3469 3468//3468
f 3467//3467 3466//3466 3469//3469
f 3471//3471 3473//3473 3472//3472
f 3471//3471 3470//3470 3473//3473
f 3482//3482 3478//3478 3479//3479
f 3482//3482 3479//3479 3475//3475
f 3482//3482 3481//3481 3478//3478
f 3474//3474 3482//3482 3475//3475
f 3476//3476 3480//3480 3474//3474
f 3476//3476 3477//3477 3480//3480
f 3477//3477 3478//3478 3480//3480
f 3480//3480 3478//3478 3481//3481
f 3480//3480 3482//3482 3474//3474
f 3490//3490 3487//3487 3488//3488
f 3490//3490 3488//3488 3483//3483
f 3490//3490 3489//3489 3487//3487
f 3484//3484 3490//3490 3483//3483
f 3485//3485 3491//3491 3484//3484
f 3485//3485 3486//3486 3491//3491
f 3486//3486 3487//3487 3491//3491
f 3491//3491 3487//3487 3489//3489
f 3491//3491 3490//3490 3484//3484
f 3492//3492 3495//3495 3494//3494
f 3493//3493 3492//3492 3494//3494
f 3496//3496 3499//3499 3498//3498
f 3497//3497 3496//3496 3498//3498
f 3501//3501 3503//3503 3502//3502
f 3501//3501 3500//3500 3503//3503
f 3504//3504 3507//3507 3506//3506
f 3505//3505 3504//3504 3506//3506
f 3508//3508 3511//3511 3510//3510
f 3509//3509 3508//3508 3510//3510
f 3514//3514 3513//3513 3512//3512
f 3514//3514 3512//3512 3515//3515
f 3516//3516 3520//3520 3521//3521
f 3516//3516 3518//3518 3520//3520
f 3517//3517 3519//3519 3520//3520
f 3517//3517 3520//3520 3518//3518
f 3517//3517 3516//3516 3521//3521
f 3517//3517 3521//3521 3519//3519
f 3528//3528 3522//3522 3523//3523
f 3528//3528 3523//3523 3524//3524
f 3528//3528 3527//3527 3522//3522
f 3526//3526 3528//3528 3524//3524
f 3525//3525 3526//3526 3524//3524
f 3525//3525 3522//3522 3526//3526
f 3526//3526 3522//3522 3527//3527
f 3535//3535 3532//3532 3533//3533
f 3535//3535 3533//3533 3530//3530
f 3535//3535 3534//3534 3532//3532
f 3529//3529 3536//3536 3535//3535
f 3529//3529 3535//3535 3530//3530
f 3529//3529 3531//3531 3536//3536
f 3531//3531 3532//3532 3534//3534
f 3531//3531 3534//3534 3536//3536
f 3541//3541 3543//3543 3540//3540
f 3544//3544 3541//3541 3538//3538
f 3544//3544 3543//3543 3541//3541
f 3542//3542 3544//3544 3538//3538
f 3537//3537 3542//3542 3538//3538
f 3537//3537 3539//3539 3542//3542
f 3539//3539 3540//3540 3543//3543
f 3539//3539 3543//3543 3542//3542
f 3545//3545 3548//3548 3547//3547
f 3546//3546 3545//3545 3547//3547
f 3549//3549 3552//3552 3551//3551
f 3550//3550 3549//3549 3551//3551
f 3555//3555 3554//3554 3553//3553
f 3555//3555 3553//3553 3556//3556
f 3561//3561 3558//3558 3557//3557
f 3561//3561 3560//3560 3558//3558
f 3562//3562 3558//3558 3560//3560
f 3562//3562 3561//3561 3557//3557
f 3559//3559 3562//3562 3557//3557
f 3559//3559 3558//3558 3562//3562
f 3563//3563 3566//3566 3565//3565
f 3564//3564 3563//3563 3565//3565
f 3567//3567 3570//3570 3569//3569
f 3568//3568 3567//3567 3569//3569
f 3572//3572 3574//3574 3573//3573
f 3572//3572 3571//3571 3574//3574
f 3580//3580 3577//3577 3576//3576
f 3580//3580 3576//3576 3579//3579
f 3578//3578 3579//3579 3576//3576
f 3575//3575 3580//3580 3578//3578
f 3575//3575 3577//3577 3580//3580
f 3575//3575 3578//3578 3576//3576
f 3582//3582 3585//3585 3583//3583
f 3586//3586 3585//3585 3582//3582
f 3584//3584 3586//3586 3582//3582
f 3581//3581 3584//3584 3582//3582
f 3581//3581 3583//3583 3585//3585
f 3581//3581 3585//3585 3584//3584
f 3587//3587 3590//3590 3589//3589
f 3588//3588 3587//3587 3589//3589
f 3592//3592 3594//3594 3593//3593
f 3592//3592 3591//3591 3594//3594
f 3595//3595 3598//3598 3597//3597
f 3596//3596 3595//3595 3597//3597
f 3600//3600 3602//3602 3601//3601
f 3600//3600 3599//3599 3602//3602
f 3604//3604 3606//3606 3605//3605
f 3604//3604 3603//3603 3606//3606
f 3607//3607 3610//3610 3609//3609
f 3608//3608 3607//3607 3609//3609
f 3615//3615 3612//3612 3611//3611
f 3615//3615 3614//3614 3612//3612
f 3616//3616 3612//3612 3614//3614
f 3616//3616 3615//3615 3611//3611
f 3613//3613 3616//3616 3611//3611
f 3613//3613 3612//3612 3616//3616
f 3623//3623 3617//3617 3618//3618
f 3623//3623 3618//3618 3619//3619
f 3623//3623 3622//3622 3617//3617
f 3621//3621 3623//3623 3619//3619
f 3620//3620 3621//3621 3619//3619
f 3620//3620 3617//3617 3621//3621
f 3621//3621 3617//3617 3622//3622
f 3629//3629 3627//3627 3628//3628
f 3630//3630 3627//3627 3629//3629
f 3633//3633 3627//3627 3630//3630
f 3626//3626 3633//3633 3634//3634
f 3626//3626 3627//3627 3633//3633
f 3625//3625 3624//3624 3626//3626
f 3632//3632 3626//3626 3634//3634
f 3632//3632 3625//3625 3626//3626
f 3635//3635 3633//3633 3630//3630
f 3631//3631 3635//3635 3630//3630
f 3631//3631 3632//3632 3635//3635
f 3635//3635 3632//3632 3634//3634
f 3642//3642 3638//3638 3639//3639
f 3642//3642 3639//3639 3640//3640
f 3642//3642 3641//3641 3638//3638
f 3637//3637 3643//3643 3642//3642
f 3637//3637 3642//3642 3640//3640
f 3636//3636 3643//3643 3637//3637
f 3636//3636 3638//3638 3643//3643
f 3643//3643 3638//3638 3641//3641
f 3645//3645 3647//3647 3646//3646
f 3645//3645 3644//3644 3647//3647
f 3648//3648 3651//3651 3650//3650
f 3649//3649 3648//3648 3650//3650
f 3653//3653 3655//3655 3654//3654
f 3653//3653 3652//3652 3655//3655
f 3656//3656 3658//3658 3657//3657
f 3656//3656 3659//3659 3658//3658
f 3660//3660 3663//3663 3662//3662
f 3661//3661 3660//3660 3662//3662
f 3665//3665 3667//3667 3666//3666
f 3665//3665 3664//3664 3667//3667
f 3669//3669 3672//3672 3671//3671
f 3669//3669 3671//3671 3668//3668
f 3670//3670 3671//3671 3673//3673
f 3670//3670 3668//3668 3671//3671
f 3670//3670 3673//3673 3669//3669
f 3673//3673 3672//3672 3669//3669
f 3680//3680 3676//3676 3677//3677
f 3680//3680 3677//3677 3678//3678
f 3680//3680 3679//3679 3676//3676
f 3674//3674 3681//3681 3680//3680
f 3674//3674 3680//3680 3678//3678
f 3675//3675 3681//3681 3674//3674
f 3675//3675 3676//3676 3681//3681
f 3681//3681 3676//3676 3679//3679
f 3690//3690 3682//3682 3687//3687
f 3688//3688 3683//3683 3682//3682
f 3688//3688 3684//3684 3683//3683
f 3688//3688 3682//3682 3690//3690
f 3689//3689 3684//3684 3688//3688
f 3685//3685 3684//3684 3689//3689
f 3685//3685 3689//3689 3686//3686
f 3686//3686 3689//3689 3687//3687
f 3689//3689 3690//3690 3687//3687
f 3698//3698 3691//3691 3692//3692
f 3698//3698 3692//3692 3693//3693
f 3698//3698 3697//3697 3691//3691
f 3696//3696 3698//3698 3693//3693
f 3694//3694 3696//3696 3693//3693
f 3695//3695 3696//3696 3694//3694
f 3695//3695 3691//3691 3697//3697
f 3695//3695 3697//3697 3696//3696
f 3701//3701 3700//3700 3704//3704
f 3702//3702 3701//3701 3704//3704
f 3703//3703 3701//3701 3702//3702
f 3699//3699 3701//3701 3703//3703
f 3699//3699 3703//3703 3700//3700
f 3703//3703 3704//3704 3700//3700
f 3710//3710 3709//3709 3708//3708
f 3710//3710 3705//3705 3709//3709
f 3710//3710 3708//3708 3712//3712
f 3711//3711 3705//3705 3710//3710
f 3706//3706 3705//3705 3711//3711
f 3707//3707 3706//3706 3711//3711
f 3707//3707 3712//3712 3708//3708
f 3707//3707 3711//3711 3712//3712
f 3718//3718 3715//3715 3714//3714
f 3718//3718 3714//3714 3717//3717
f 3713//3713 3718//3718 3716//3716
f 3713//3713 3715//3715 3718//3718
f 3713//3713 3717//3717 3714//3714
f 3713//3713 3716//3716 3717//3717
f 3720//3720 3722//3722 3721//3721
f 3720//3720 3719//3719 3722//3722
f 3723//3723 3726//3726 3725//3725
f 3724//3724 3723//3723 3725//3725
f 3728//3728 3730//3730 3729//3729
f 3727//3727 3730//3730 3728//3728
f 3734//3734 3733//3733 3732//3732
f 3734//3734 3732//3732 3736//3736
f 3735//3735 3733//3733 3734//3734
f 3731//3731 3733//3733 3735//3735
f 3731//3731 3736//3736 3732//3732
f 3731//3731 3735//3735 3736//3736
f 3738//3738 3740//3740 3741//3741
f 3738//3738 3739//3739 3740//3740
f 3737//3737 3742//3742 3740//3740
f 3737//3737 3740//3740 3739//3739
f 3737//3737 3738//3738 3741//3741
f 3737//3737 3741//3741 3742//3742
f 3745//3745 3744//3744 3743//3743
f 3745//3745 3743//3743 3746//3746
f 3750//3750 3748//3748 3747//3747
f 3749//3749 3748//3748 3750//3750
f 3752//3752 3754//3754 3753//3753
f 3751//3751 3754//3754 3752//3752
f 3762//3762 3756//3756 3755//3755
f 3762//3762 3757//3757 3756//3756
f 3762//3762 3755//3755 3761//3761
f 3758//3758 3762//3762 3760//3760
f 3758//3758 3757//3757 3762//3762
f 3759//3759 3758//3758 3760//3760
f 3759//3759 3760//3760 3755//3755
f 3760//3760 3761//3761 3755//3755
f 3763//3763 3765//3765 3764//3764
f 3763//3763 3766//3766 3765//3765
f 3767//3767 3769//3769 3768//3768
f 3767//3767 3770//3770 3769//3769
f 3774//3774 3772//3772 3771//3771
f 3773//3773 3772//3772 3774//3774
f 3775//3775 3777//3777 3776//3776
f 3775//3775 3778//3778 3777//3777
f 3782//3782 3780//3780 3779//3779
f 3781//3781 3780//3780 3782//3782
f 3785//3785 3784//3784 3783//3783
f 3785//3785 3783//3783 3786//3786
f 3794//3794 3788//3788 3787//3787
f 3795//3795 3787//3787 3789//3789
f 3795//3795 3789//3789 3790//3790
f 3795//3795 3794//3794 3787//3787
f 3791//3791 3793//3793 3795//3795
f 3791//3791 3795//3795 3790//3790
f 3791//3791 3792//3792 3793//3793
f 3792//3792 3788//3788 3793//3793
f 3793//3793 3788//3788 3794//3794
f 3801//3801 3797//3797 3796//3796
f 3801//3801 3796//3796 3800//3800
f 3799//3799 3800//3800 3796//3796
f 3798//3798 3801//3801 3799//3799
f 3798//3798 3797//3797 3801//3801
f 3798//3798 3799//3799 3796//3796
f 3809//3809 3802//3802 3803//3803
f 3810//3810 3803//3803 3804//3804
f 3810//3810 3804//3804 3805//3805
f 3810//3810 3809//3809 3803//3803
f 3808//3808 3810//3810 3805//3805
f 3806//3806 3808//3808 3805//3805
f 3806//3806 3807//3807 3808//3808
f 3807//3807 3802//3802 3808//3808
f 3808//3808 3802//3802 3809//3809
f 3816//3816 3815//3815 3814//3814
f 3816//3816 3812//3812 3815//3815
f 3816//3816 3814//3814 3818//3818
f 3817//3817 3812//3812 3816//3816
f 3811//3811 3812//3812 3817//3817
f 3813//3813 3811//3811 3817//3817
f 3813//3813 3818//3818 3814//3814
f 3813//3813 3817//3817 3818//3818
f 3821//3821 3820//3820 3819//3819
f 3821//3821 3819//3819 3822//3822
f 3824//3824 3826//3826 3825//3825
f 3823//3823 3826//3826 3824//3824
f 3828//3828 3830//3830 3829//3829
f 3827//3827 3830//3830 3828//3828
f 3831//3831 3833//3833 3832//3832
f 3831//3831 3834//3834 3833//3833
f 3837//3837 3836//3836 3835//3835
f 3837//3837 3835//3835 3838//3838
f 3842//3842 3840//3840 3839//3839
f 3841//3841 3840//3840 3842//3842
f 3850//3850 3843//3843 3844//3844
f 3850//3850 3844//3844 3845//3845
f 3850//3850 3849//3849 3843//3843
f 3848//3848 3850//3850 3845//3845
f 3846//3846 3848//3848 3845//3845
f 3847//3847 3848//3848 3846//3846
f 3847//3847 3843//3843 3849//3849
f 3847//3847 3849//3849 3848//3848
f 3853//3853 3852//3852 3851//3851
f 3853//3853 3851//3851 3854//3854
f 3856//3856 3858//3858 3857//3857
f 3855//3855 3858//3858 3856//3856
f 3860//3860 3862//3862 3861//3861
f 3859//3859 3862//3862 3860//3860
f 3863//3863 3865//3865 3864//3864
f 3863//3863 3866//3866 3865//3865
f 3869//3869 3868//3868 3867//3867
f 3869//3869 3867//3867 3870//3870
f 3872//3872 3874//3874 3873//3873
f 3872//3872 3871//3871 3874//3874
f 3883//3883 3875//3875 3880//3880
f 3881//3881 3876//3876 3875//3875
f 3881//3881 3877//3877 3876//3876
f 3881//3881 3875//3875 3883//3883
f 3882//3882 3877//3877 3881//3881
f 3878//3878 3877//3877 3882//3882
f 3878//3878 3882//3882 3879//3879
f 3879//3879 3883//3883 3880//3880
f 3879//3879 3882//3882 3883//3883
f 3888//3888 3885//3885 3884//3884
f 3888//3888 3887//3887 3885//3885
f 3889//3889 3885//3885 3887//3887
f 3886//3886 3889//3889 3888//3888
f 3886//3886 3888//3888 3884//3884
f 3886//3886 3885//3885 3889//3889
f 3898//3898 3890//3890 3895//3895
f 3896//3896 3891//3891 3890//3890
f 3896//3896 3892//3892 3891//3891
f 3896//3896 3890//3890 3898//3898
f 3897//3897 3892//3892 3896//3896
f 3893//3893 3892//3892 3897//3897
f 3893//3893 3897//3897 3894//3894
f 3894//3894 3898//3898 3895//3895
f 3894//3894 3897//3897 3898//3898
f 3905//3905 3901//3901 3902//3902
f 3905//3905 3902//3902 3903//3903
f 3905//3905 3904//3904 3901//3901
f 3900//3900 3906//3906 3905//3905
f 3900//3900 3905//3905 3903//3903
f 3899//3899 3906//3906 3900//3900
f 3899//3899 3901//3901 3906//3906
f 3906//3906 3901//3901 3904//3904
f 3908//3908 3910//3910 3909//3909
f 3908//3908 3907//3907 3910//3910
f 3913//3913 3912//3912 3911//3911
f 3913//3913 3911//3911 3914//3914
f 3916//3916 3918//3918 3917//3917
f 3915//3915 3918//3918 3916//3916
f 3922//3922 3920//3920 3919//3919
f 3921//3921 3920//3920 3922//3922
f 3926//3926 3924//3924 3923//3923
f 3925//3925 3924//3924 3926//3926
f 3927//3927 3929//3929 3928//3928
f 3927//3927 3930//3930 3929//3929
f 3932//3932 3935//3935 3933//3933
f 3936//3936 3935//3935 3932//3932
f 3934//3934 3936//3936 3932//3932
f 3931//3931 3934//3934 3932//3932
f 3931//3931 3933//3933 3935//3935
f 3931//3931 3935//3935 3934//3934
f 3937//3937 3940//3940 3939//3939
f 3938//3938 3937//3937 3939//3939
f 3943//3943 3941//3941 3944//3944
f 3942//3942 3941//3941 3943//3943
f 3946//3946 3948//3948 3947//3947
f 3945//3945 3948//3948 3946//3946
f 3950//3950 3952//3952 3951//3951
f 3950//3950 3949//3949 3952//3952
f 3953//3953 3956//3956 3955//3955
f 3954//3954 3953//3953 3955//3955
f 3957//3957 3960//3960 3959//3959
f 3958//3958 3957//3957 3959//3959
f 3966//3966 3963//3963 3964//3964
f 3966//3966 3965//3965 3963//3963
f 3962//3962 3967//3967 3966//3966
f 3962//3962 3966//3966 3964//3964
f 3961//3961 3967//3967 3962//3962
f 3961//3961 3963//3963 3967//3967
f 3967//3967 3963//3963 3965//3965
f 3973//3973 3971//3971 3970//3970
f 3973//3973 3972//3972 3971//3971
f 3973//3973 3970//3970 3975//3975
f 3974//3974 3972//3972 3973//3973
f 3968//3968 3972//3972 3974//3974
f 3968//3968 3974//3974 3969//3969
f 3969//3969 3975//3975 3970//3970
f 3969//3969 3974//3974 3975//3975
f 3983//3983 3977//3977 3976//3976
f 3983//3983 3976//3976 3978//3978
f 3983//3983 3982//3982 3977//3977
f 3981//3981 3983//3983 3978//3978
f 3979//3979 3981//3981 3978//3978
f 3980//3980 3981//3981 3979//3979
f 3980//3980 3977//3977 3982//3982
f 3980//3980 3982//3982 3981//3981
f 3986//3986 3985//3985 3984//3984
f 3986//3986 3992//3992 3985//3985
f 3993//3993 3992//3992 3986//3986
f 3994//3994 3992//3992 3993//3993
f 3991//3991 3992//3992 3994//3994
f 3989//3989 3990//3990 3991//3991
f 3988//3988 3991//3991 3994//3994
f 3988//3988 3989//3989 3991//3991
f 3995//3995 3993//3993 3986//3986
f 3987//3987 3995//3995 3986//3986
f 3987//3987 3988//3988 3995//3995
f 3995//3995 3988//3988 3994//3994
f 4000//4000 3996//3996 3997//3997
f 4000//4000 3999//3999 3996//3996
f 4001//4001 3996//3996 3999//3999
f 4001//4001 4000//4000 3997//3997
f 3998//3998 4001//4001 3997//3997
f 3998//3998 3996//3996 4001//4001
f 4002//4002 4005//4005 4004//4004
f 4003//4003 4002//4002 4004//4004
f 4007//4007 4009//4009 4008//4008
f 4007//4007 4006//4006 4009//4009
f 4011//4011 4013//4013 4012//4012
f 4011//4011 4010//4010 4013//4013
f 4014//4014 4017//4017 4016//4016
f 4015//4015 4014//4014 4016//4016
f 4019//4019 4021//4021 4020//4020
f 4019//4019 4018//4018 4021//4021
f 4023//4023 4025//4025 4024//4024
f 4023//4023 4022//4022 4025//4025
f 4030//4030 4027//4027 4026//4026
f 4030//4030 4029//4029 4027//4027
f 4031//4031 4027//4027 4029//4029
f 4031//4031 4030//4030 4026//4026
f 4028//4028 4031//4031 4026//4026
f 4028//4028 4027//4027 4031//4031
f 4040//4040 4032//4032 4037//4037
f 4038//4038 4033//4033 4032//4032
f 4038//4038 4034//4034 4033//4033
f 4038//4038 4032//4032 4040//4040
f 4039//4039 4034//4034 4038//4038
f 4035//4035 4034//4034 4039//4039
f 4035//4035 4039//4039 4036//4036
f 4036//4036 4040//4040 4037//4037
f 4036//4036 4039//4039 4040//4040
f 4048//4048 4041//4041 4042//4042
f 4048//4048 4042//4042 4043//4043
f 4048//4048 4047//4047 4041//4041
f 4046//4046 4048//4048 4043//4043
f 4044//4044 4046//4046 4043//4043
f 4045//4045 4046//4046 4044//4044
f 4045//4045 4041//4041 4046//4046
f 4046//4046 4041//4041 4047//4047
f 4054//4054 4052//4052 4051//4051
f 4054//4054 4053//4053 4052//4052
f 4063//4063 4054//4054 4051//4051
f 4061//4061 4063//4063 4051//4051
f 4049//4049 4061//4061 4051//4051
f 4060//4060 4049//4049 4050//4050
f 4059//4059 4061//4061 4049//4049
f 4059//4059 4049//4049 4060//4060
f 4062//4062 4054//4054 4063//4063
f 4055//4055 4054//4054 4062//4062
f 4058//4058 4056//4056 4055//4055
f 4058//4058 4057//4057 4056//4056
f 4058//4058 4055//4055 4062//4062
f 4058//4058 4062//4062 4059//4059
f 4062//4062 4061//4061 4059//4059
f 4070//4070 4066//4066 4067//4067
f 4070//4070 4067//4067 4068//4068
f 4070//4070 4069//4069 4066//4066
f 4065//4065 4071//4071 4070//4070
f 4065//4065 4070//4070 4068//4068
f 4064//4064 4071//4071 4065//4065
f 4064//4064 4066//4066 4069//4069
f 4064//4064 4069//4069 4071//4071
f 4073//4073 4075//4075 4074//4074
f 4073//4073 4072//4072 4075//4075
f 4076//4076 4079//4079 4078//4078
f 4077//4077 4076//4076 4078//4078
f 4082//4082 4081//4081 4080//4080
f 4082//4082 4080//4080 4083//4083
f 4084//4084 4086//4086 4085//4085
f 4084//4084 4087//4087 4086//4086
f 4090//4090 4089//4089 4088//4088
f 4090//4090 4088//4088 4091//4091
f 4093//4093 4095//4095 4094//4094
f 4092//4092 4095//4095 4093//4093
f 4098//4098 4097//4097 4101//4101
f 4099//4099 4098//4098 4101//4101
f 4100//4100 4098//4098 4099//4099
f 4096//4096 4098//4098 4100//4100
f 4096//4096 4101//4101 4097//4097
f 4096//4096 4100//4100 4101//4101
f 4107//4107 4106//4106 4105//4105
f 4107//4107 4102//4102 4106//4106
f 4107//4107 4105//4105 4109//4109
f 4108//4108 4102//4102 4107//4107
f 4103//4103 4102//4102 4108//4108
f 4104//4104 4103//4103 4108//4108
f 4104//4104 4109//4109 4105//4105
f 4104//4104 4108//4108 4109//4109
f 4117//4117 4110//4110 4111//4111
f 4118//4118 4111//4111 4112//4112
f 4118//4118 4112//4112 4113//4113
f 4118//4118 4117//4117 4111//4111
f 4114//4114 4116//4116 4118//4118
f 4114//4114 4118//4118 4113//4113
f 4114//4114 4115//4115 4116//4116
f 4115//4115 4110//4110 4117//4117
f 4115//4115 4117//4117 4116//4116
f 4126//4126 4120//4120 4119//4119
f 4126//4126 4121//4121 4120//4120
f 4126//4126 4119//4119 4125//4125
f 4122//4122 4126//4126 4124//4124
f 4122//4122 4121//4121 4126//4126
f 4123//4123 4122//4122 4124//4124
f 4123//4123 4124//4124 4119//4119
f 4124//4124 4125//4125 4119//4119
f 4132//4132 4129//4129 4127//4127
f 4132//4132 4127//4127 4131//4131
f 4128//4128 4132//4132 4130//4130
f 4128//4128 4129//4129 4132//4132
f 4128//4128 4131//4131 4127//4127
f 4128//4128 4130//4130 4131//4131
f 4139//4139 4135//4135 4136//4136
f 4139//4139 4136//4136 4137//4137
f 4139//4139 4138//4138 4135//4135
f 4133//4133 4140//4140 4139//4139
f 4133//4133 4139//4139 4137//4137
f 4134//4134 4140//4140 4133//4133
f 4134//4134 4135//4135 4138//4138
f 4134//4134 4138//4138 4140//4140
f 4149//4149 4141//4141 4146//4146
f 4147//4147 4142//4142 4141//4141
f 4147//4147 4143//4143 4142//4142
f 4147//4147 4141//4141 4149//4149
f 4144//4144 4147//4147 4148//4148
f 4144//4144 4143//4143 4147//4147
f 4144//4144 4148//4148 4145//4145
f 4145//4145 4149//4149 4146//4146
f 4145//4145 4148//4148 4149//4149
f 4157//4157 4150//4150 4151//4151
f 4157//4157 4151//4151 4152//4152
f 4157//4157 4156//4156 4150//4150
f 4155//4155 4157//4157 4152//4152
f 4153//4153 4155//4155 4152//4152
f 4154//4154 4155//4155 4153//4153
f 4154//4154 4150//4150 4156//4156
f 4154//4154 4156//4156 4155//4155
f 4159//4159 4162//4162 4161//4161
f 4159//4159 4161//4161 4158//4158
f 4160//4160 4161//4161 4163//4163
f 4160//4160 4158//4158 4161//4161
f 4160//4160 4163//4163 4159//4159
f 4163//4163 4162//4162 4159//4159
f 4164//4164 4167//4167 4166//4166
f 4165//4165 4164//4164 4166//4166
f 4168//4168 4171//4171 4170//4170
f 4169//4169 4168//4168 4170//4170
f 4173//4173 4175//4175 4174//4174
f 4173//4173 4172//4172 4175//4175
f 4182//4182 4178//4178 4179//4179
f 4182//4182 4179//4179 4180//4180
f 4182//4182 4181//4181 4178//4178
f 4177//4177 4183//4183 4182//4182
f 4177//4177 4182//4182 4180//4180
f 4176//4176 4183//4183 4177//4177
f 4176//4176 4178//4178 4183//4183
f 4183//4183 4178//4178 4181//4181
f 4192//4192 4184//4184 4189//4189
f 4190//4190 4185//4185 4184//4184
f 4190//4190 4186//4186 4185//4185
f 4190//4190 4184//4184 4192//4192
f 4191//4191 4186//4186 4190//4190
f 4187//4187 4186//4186 4191//4191
f 4187//4187 4191//4191 4188//4188
f 4188//4188 4191//4191 4189//4189
f 4191//4191 4192//4192 4189//4189
f 4197//4197 4193//4193 4194//4194
f 4197//4197 4196//4196 4193//4193
f 4198//4198 4193//4193 4196//4196
f 4198//4198 4197//4197 4194//4194
f 4195//4195 4198//4198 4194//4194
f 4195//4195 4193//4193 4198//4198
f 4207//4207 4199//4199 4204//4204
f 4205//4205 4200//4200 4199//4199
f 4205//4205 4201//4201 4200//4200
f 4205//4205 4199//4199 4207//4207
f 4202//4202 4205//4205 4206//4206
f 4202//4202 4201//4201 4205//4205
f 4202//4202 4206//4206 4203//4203
f 4203//4203 4206//4206 4204//4204
f 4206//4206 4207//4207 4204//4204
f 4215//4215 4208//4208 4209//4209
f 4215//4215 4209//4209 4210//4210
f 4215//4215 4214//4214 4208//4208
f 4213//4213 4215//4215 4210//4210
f 4211//4211 4213//4213 4210//4210
f 4212//4212 4213//4213 4211//4211
f 4212//4212 4208//4208 4214//4214
f 4212//4212 4214//4214 4213//4213
f 4217//4217 4227//4227 4226//4226
f 4216//4216 4217//4217 4226//4226
f 4230//4230 4216//4216 4226//4226
f 4225//4225 4228//4228 4230//4230
f 4225//4225 4230//4230 4226//4226
f 4222//4222 4224//4224 4223//4223
f 4222//4222 4225//4225 4224//4224
f 4222//4222 4228//4228 4225//4225
f 4229//4229 4216//4216 4230//4230
f 4218//4218 4216//4216 4229//4229
f 4221//4221 4219//4219 4218//4218
f 4221//4221 4220//4220 4219//4219
f 4221//4221 4218//4218 4229//4229
f 4221//4221 4229//4229 4222//4222
f 4229//4229 4228//4228 4222//4222
